node_id,name,node_type,latitude,longitude,source_id,validation_status,data_status
UTR_NODE_366367437,UTraffic node 366367437,INTERSECTION_OR_GEOMETRY,10.8663403,106.7387414,UTRAFFIC-HCM-V6,SOURCE_COORDINATE,SOURCE_BACKED
UTR_NODE_366368409,UTraffic node 366368409,INTERSECTION_OR_GEOMETRY,10.8637220,106.7421988,UTRAFFIC-HCM-V6,SOURCE_COORDINATE,SOURCE_BACKED
UTR_NODE_366368437,UTraffic node 366368437,INTERSECTION_OR_GEOMETRY,10.8769495,106.7830507,UTRAFFIC-HCM-V6,SOURCE_COORDINATE,SOURCE_BACKED
UTR_NODE_366368515,UTraffic node 366368515,INTERSECTION_OR_GEOMETRY,10.8744697,106.7282956,UTRAFFIC-HCM-V6,SOURCE_COORDINATE,SOURCE_BACKED
UTR_NODE_366368730,UTraffic node 366368730,INTERSECTION_OR_GEOMETRY,10.8686477,106.7348303,UTRAFFIC-HCM-V6,SOURCE_COORDINATE,SOURCE_BACKED
UTR_NODE_366368866,UTraffic node 366368866,INTERSECTION_OR_GEOMETRY,10.8319797,106.7256210,UTRAFFIC-HCM-V6,SOURCE_COORDINATE,SOURCE_BACKED
UTR_NODE_366369088,UTraffic node 366369088,INTERSECTION_OR_GEOMETRY,10.8475223,106.7761257,UTRAFFIC-HCM-V6,SOURCE_COORDINATE,SOURCE_BACKED
UTR_NODE_366369516,UTraffic node 366369516,INTERSECTION_OR_GEOMETRY,10.8468447,106.7224874,UTRAFFIC-HCM-V6,SOURCE_COORDINATE,SOURCE_BACKED
UTR_NODE_366369871,UTraffic node 366369871,INTERSECTION_OR_GEOMETRY,10.8525630,106.7526385,UTRAFFIC-HCM-V6,SOURCE_COORDINATE,SOURCE_BACKED
UTR_NODE_366370205,UTraffic node 366370205,INTERSECTION_OR_GEOMETRY,10.8335624,106.7275178,UTRAFFIC-HCM-V6,SOURCE_COORDINATE,SOURCE_BACKED
UTR_NODE_366370579,UTraffic node 366370579,INTERSECTION_OR_GEOMETRY,10.8347510,106.7290101,UTRAFFIC-HCM-V6,SOURCE_COORDINATE,SOURCE_BACKED
UTR_NODE_366370659,UTraffic node 366370659,INTERSECTION_OR_GEOMETRY,10.8740141,106.7304010,UTRAFFIC-HCM-V6,SOURCE_COORDINATE,SOURCE_BACKED
UTR_NODE_366370744,UTraffic node 366370744,INTERSECTION_OR_GEOMETRY,10.8678589,106.7624467,UTRAFFIC-HCM-V6,SOURCE_COORDINATE,SOURCE_BACKED
UTR_NODE_366370840,UTraffic node 366370840,INTERSECTION_OR_GEOMETRY,10.8702700,106.7392420,UTRAFFIC-HCM-V6,SOURCE_COORDINATE,SOURCE_BACKED
UTR_NODE_366370857,UTraffic node 366370857,INTERSECTION_OR_GEOMETRY,10.8224515,106.7608464,UTRAFFIC-HCM-V6,SOURCE_COORDINATE,SOURCE_BACKED
UTR_NODE_366370943,UTraffic node 366370943,INTERSECTION_OR_GEOMETRY,10.8608870,106.7790174,UTRAFFIC-HCM-V6,SOURCE_COORDINATE,SOURCE_BACKED
UTR_NODE_366370966,UTraffic node 366370966,INTERSECTION_OR_GEOMETRY,10.8385833,106.7675662,UTRAFFIC-HCM-V6,SOURCE_COORDINATE,SOURCE_BACKED
UTR_NODE_366371371,UTraffic node 366371371,INTERSECTION_OR_GEOMETRY,10.8728895,106.7445450,UTRAFFIC-HCM-V6,SOURCE_COORDINATE,SOURCE_BACKED
UTR_NODE_366371665,UTraffic node 366371665,INTERSECTION_OR_GEOMETRY,10.8701131,106.7558813,UTRAFFIC-HCM-V6,SOURCE_COORDINATE,SOURCE_BACKED
UTR_NODE_366371718,UTraffic node 366371718,INTERSECTION_OR_GEOMETRY,10.8691813,106.7632042,UTRAFFIC-HCM-V6,SOURCE_COORDINATE,SOURCE_BACKED
UTR_NODE_366372123,UTraffic node 366372123,INTERSECTION_OR_GEOMETRY,10.8559127,106.7380185,UTRAFFIC-HCM-V6,SOURCE_COORDINATE,SOURCE_BACKED
UTR_NODE_366372322,UTraffic node 366372322,INTERSECTION_OR_GEOMETRY,10.8565003,106.7660334,UTRAFFIC-HCM-V6,SOURCE_COORDINATE,SOURCE_BACKED
UTR_NODE_366372336,UTraffic node 366372336,INTERSECTION_OR_GEOMETRY,10.8288555,106.7685820,UTRAFFIC-HCM-V6,SOURCE_COORDINATE,SOURCE_BACKED
UTR_NODE_366372384,UTraffic node 366372384,INTERSECTION_OR_GEOMETRY,10.8700479,106.7750639,UTRAFFIC-HCM-V6,SOURCE_COORDINATE,SOURCE_BACKED
UTR_NODE_366372563,UTraffic node 366372563,INTERSECTION_OR_GEOMETRY,10.8510037,106.7478702,UTRAFFIC-HCM-V6,SOURCE_COORDINATE,SOURCE_BACKED
UTR_NODE_366372665,UTraffic node 366372665,INTERSECTION_OR_GEOMETRY,10.8501006,106.7293439,UTRAFFIC-HCM-V6,SOURCE_COORDINATE,SOURCE_BACKED
UTR_NODE_366373335,UTraffic node 366373335,INTERSECTION_OR_GEOMETRY,10.8461068,106.7506191,UTRAFFIC-HCM-V6,SOURCE_COORDINATE,SOURCE_BACKED
UTR_NODE_366373553,UTraffic node 366373553,INTERSECTION_OR_GEOMETRY,10.8521891,106.7298493,UTRAFFIC-HCM-V6,SOURCE_COORDINATE,SOURCE_BACKED
UTR_NODE_366373698,UTraffic node 366373698,INTERSECTION_OR_GEOMETRY,10.8668788,106.7340094,UTRAFFIC-HCM-V6,SOURCE_COORDINATE,SOURCE_BACKED
UTR_NODE_366374638,UTraffic node 366374638,INTERSECTION_OR_GEOMETRY,10.8543864,106.7508721,UTRAFFIC-HCM-V6,SOURCE_COORDINATE,SOURCE_BACKED
UTR_NODE_366374860,UTraffic node 366374860,INTERSECTION_OR_GEOMETRY,10.8581707,106.7233174,UTRAFFIC-HCM-V6,SOURCE_COORDINATE,SOURCE_BACKED
UTR_NODE_366374908,UTraffic node 366374908,INTERSECTION_OR_GEOMETRY,10.8622103,106.7440598,UTRAFFIC-HCM-V6,SOURCE_COORDINATE,SOURCE_BACKED
UTR_NODE_366375493,UTraffic node 366375493,INTERSECTION_OR_GEOMETRY,10.8715613,106.7373671,UTRAFFIC-HCM-V6,SOURCE_COORDINATE,SOURCE_BACKED
UTR_NODE_366376079,UTraffic node 366376079,INTERSECTION_OR_GEOMETRY,10.8684450,106.7800794,UTRAFFIC-HCM-V6,SOURCE_COORDINATE,SOURCE_BACKED
UTR_NODE_366376109,UTraffic node 366376109,INTERSECTION_OR_GEOMETRY,10.8550441,106.7349099,UTRAFFIC-HCM-V6,SOURCE_COORDINATE,SOURCE_BACKED
UTR_NODE_366376987,UTraffic node 366376987,INTERSECTION_OR_GEOMETRY,10.8446244,106.7886125,UTRAFFIC-HCM-V6,SOURCE_COORDINATE,SOURCE_BACKED
UTR_NODE_366377549,UTraffic node 366377549,INTERSECTION_OR_GEOMETRY,10.8508455,106.7627181,UTRAFFIC-HCM-V6,SOURCE_COORDINATE,SOURCE_BACKED
UTR_NODE_366377672,UTraffic node 366377672,INTERSECTION_OR_GEOMETRY,10.8797392,106.7299665,UTRAFFIC-HCM-V6,SOURCE_COORDINATE,SOURCE_BACKED
UTR_NODE_366377788,UTraffic node 366377788,INTERSECTION_OR_GEOMETRY,10.8264367,106.7612926,UTRAFFIC-HCM-V6,SOURCE_COORDINATE,SOURCE_BACKED
UTR_NODE_366377815,UTraffic node 366377815,INTERSECTION_OR_GEOMETRY,10.8770572,106.7319907,UTRAFFIC-HCM-V6,SOURCE_COORDINATE,SOURCE_BACKED
UTR_NODE_366378105,UTraffic node 366378105,INTERSECTION_OR_GEOMETRY,10.8666452,106.7818115,UTRAFFIC-HCM-V6,SOURCE_COORDINATE,SOURCE_BACKED
UTR_NODE_366378637,UTraffic node 366378637,INTERSECTION_OR_GEOMETRY,10.8547733,106.7343846,UTRAFFIC-HCM-V6,SOURCE_COORDINATE,SOURCE_BACKED
UTR_NODE_366378660,UTraffic node 366378660,INTERSECTION_OR_GEOMETRY,10.8705977,106.7633215,UTRAFFIC-HCM-V6,SOURCE_COORDINATE,SOURCE_BACKED
UTR_NODE_366379003,UTraffic node 366379003,INTERSECTION_OR_GEOMETRY,10.8712151,106.7711202,UTRAFFIC-HCM-V6,SOURCE_COORDINATE,SOURCE_BACKED
UTR_NODE_366379023,UTraffic node 366379023,INTERSECTION_OR_GEOMETRY,10.8443107,106.7847409,UTRAFFIC-HCM-V6,SOURCE_COORDINATE,SOURCE_BACKED
UTR_NODE_366379207,UTraffic node 366379207,INTERSECTION_OR_GEOMETRY,10.8420158,106.7636039,UTRAFFIC-HCM-V6,SOURCE_COORDINATE,SOURCE_BACKED
UTR_NODE_366379258,UTraffic node 366379258,INTERSECTION_OR_GEOMETRY,10.8274692,106.7629572,UTRAFFIC-HCM-V6,SOURCE_COORDINATE,SOURCE_BACKED
UTR_NODE_366379301,UTraffic node 366379301,INTERSECTION_OR_GEOMETRY,10.8308580,106.7678915,UTRAFFIC-HCM-V6,SOURCE_COORDINATE,SOURCE_BACKED
UTR_NODE_366379679,UTraffic node 366379679,INTERSECTION_OR_GEOMETRY,10.8335516,106.7835083,UTRAFFIC-HCM-V6,SOURCE_COORDINATE,SOURCE_BACKED
UTR_NODE_366379789,UTraffic node 366379789,INTERSECTION_OR_GEOMETRY,10.8799204,106.7298450,UTRAFFIC-HCM-V6,SOURCE_COORDINATE,SOURCE_BACKED
UTR_NODE_366380052,UTraffic node 366380052,INTERSECTION_OR_GEOMETRY,10.8265715,106.7607926,UTRAFFIC-HCM-V6,SOURCE_COORDINATE,SOURCE_BACKED
UTR_NODE_366380089,UTraffic node 366380089,INTERSECTION_OR_GEOMETRY,10.8748640,106.7530514,UTRAFFIC-HCM-V6,SOURCE_COORDINATE,SOURCE_BACKED
UTR_NODE_366380726,UTraffic node 366380726,INTERSECTION_OR_GEOMETRY,10.8642209,106.7612607,UTRAFFIC-HCM-V6,SOURCE_COORDINATE,SOURCE_BACKED
UTR_NODE_366380757,UTraffic node 366380757,INTERSECTION_OR_GEOMETRY,10.8623945,106.7725372,UTRAFFIC-HCM-V6,SOURCE_COORDINATE,SOURCE_BACKED
UTR_NODE_366380808,UTraffic node 366380808,INTERSECTION_OR_GEOMETRY,10.8675417,106.7316870,UTRAFFIC-HCM-V6,SOURCE_COORDINATE,SOURCE_BACKED
UTR_NODE_366380944,UTraffic node 366380944,INTERSECTION_OR_GEOMETRY,10.8406353,106.7682155,UTRAFFIC-HCM-V6,SOURCE_COORDINATE,SOURCE_BACKED
UTR_NODE_366380969,UTraffic node 366380969,INTERSECTION_OR_GEOMETRY,10.8438073,106.7305968,UTRAFFIC-HCM-V6,SOURCE_COORDINATE,SOURCE_BACKED
UTR_NODE_366381293,UTraffic node 366381293,INTERSECTION_OR_GEOMETRY,10.8672083,106.7574243,UTRAFFIC-HCM-V6,SOURCE_COORDINATE,SOURCE_BACKED
UTR_NODE_366381582,UTraffic node 366381582,INTERSECTION_OR_GEOMETRY,10.8406580,106.7421734,UTRAFFIC-HCM-V6,SOURCE_COORDINATE,SOURCE_BACKED
UTR_NODE_366381962,UTraffic node 366381962,INTERSECTION_OR_GEOMETRY,10.8492918,106.7731733,UTRAFFIC-HCM-V6,SOURCE_COORDINATE,SOURCE_BACKED
UTR_NODE_366381991,UTraffic node 366381991,INTERSECTION_OR_GEOMETRY,10.8701657,106.7389023,UTRAFFIC-HCM-V6,SOURCE_COORDINATE,SOURCE_BACKED
UTR_NODE_366382032,UTraffic node 366382032,INTERSECTION_OR_GEOMETRY,10.8726809,106.7443115,UTRAFFIC-HCM-V6,SOURCE_COORDINATE,SOURCE_BACKED
UTR_NODE_366382327,UTraffic node 366382327,INTERSECTION_OR_GEOMETRY,10.8711960,106.7359381,UTRAFFIC-HCM-V6,SOURCE_COORDINATE,SOURCE_BACKED
UTR_NODE_366382396,UTraffic node 366382396,INTERSECTION_OR_GEOMETRY,10.8469839,106.7289417,UTRAFFIC-HCM-V6,SOURCE_COORDINATE,SOURCE_BACKED
UTR_NODE_366383141,UTraffic node 366383141,INTERSECTION_OR_GEOMETRY,10.8451668,106.7872875,UTRAFFIC-HCM-V6,SOURCE_COORDINATE,SOURCE_BACKED
UTR_NODE_366383242,UTraffic node 366383242,INTERSECTION_OR_GEOMETRY,10.8529935,106.7519554,UTRAFFIC-HCM-V6,SOURCE_COORDINATE,SOURCE_BACKED
UTR_NODE_366383433,UTraffic node 366383433,INTERSECTION_OR_GEOMETRY,10.8567102,106.7500647,UTRAFFIC-HCM-V6,SOURCE_COORDINATE,SOURCE_BACKED
UTR_NODE_366383490,UTraffic node 366383490,INTERSECTION_OR_GEOMETRY,10.8451212,106.7707504,UTRAFFIC-HCM-V6,SOURCE_COORDINATE,SOURCE_BACKED
UTR_NODE_366383838,UTraffic node 366383838,INTERSECTION_OR_GEOMETRY,10.8342567,106.7813494,UTRAFFIC-HCM-V6,SOURCE_COORDINATE,SOURCE_BACKED
UTR_NODE_366383940,UTraffic node 366383940,INTERSECTION_OR_GEOMETRY,10.8448134,106.7859683,UTRAFFIC-HCM-V6,SOURCE_COORDINATE,SOURCE_BACKED
UTR_NODE_366384197,UTraffic node 366384197,INTERSECTION_OR_GEOMETRY,10.8746127,106.7319286,UTRAFFIC-HCM-V6,SOURCE_COORDINATE,SOURCE_BACKED
UTR_NODE_366384239,UTraffic node 366384239,INTERSECTION_OR_GEOMETRY,10.8794727,106.7640373,UTRAFFIC-HCM-V6,SOURCE_COORDINATE,SOURCE_BACKED
UTR_NODE_366384246,UTraffic node 366384246,INTERSECTION_OR_GEOMETRY,10.8349717,106.7650131,UTRAFFIC-HCM-V6,SOURCE_COORDINATE,SOURCE_BACKED
UTR_NODE_366384384,UTraffic node 366384384,INTERSECTION_OR_GEOMETRY,10.8232171,106.7700816,UTRAFFIC-HCM-V6,SOURCE_COORDINATE,SOURCE_BACKED
UTR_NODE_366384548,UTraffic node 366384548,INTERSECTION_OR_GEOMETRY,10.8222362,106.7713723,UTRAFFIC-HCM-V6,SOURCE_COORDINATE,SOURCE_BACKED
UTR_NODE_366385024,UTraffic node 366385024,INTERSECTION_OR_GEOMETRY,10.8528222,106.7789051,UTRAFFIC-HCM-V6,SOURCE_COORDINATE,SOURCE_BACKED
UTR_NODE_366385246,UTraffic node 366385246,INTERSECTION_OR_GEOMETRY,10.8394212,106.7369738,UTRAFFIC-HCM-V6,SOURCE_COORDINATE,SOURCE_BACKED
UTR_NODE_366385395,UTraffic node 366385395,INTERSECTION_OR_GEOMETRY,10.8340985,106.7281831,UTRAFFIC-HCM-V6,SOURCE_COORDINATE,SOURCE_BACKED
UTR_NODE_366385544,UTraffic node 366385544,INTERSECTION_OR_GEOMETRY,10.8272021,106.7703400,UTRAFFIC-HCM-V6,SOURCE_COORDINATE,SOURCE_BACKED
UTR_NODE_366385636,UTraffic node 366385636,INTERSECTION_OR_GEOMETRY,10.8457262,106.7719103,UTRAFFIC-HCM-V6,SOURCE_COORDINATE,SOURCE_BACKED
UTR_NODE_366385739,UTraffic node 366385739,INTERSECTION_OR_GEOMETRY,10.8495638,106.7534794,UTRAFFIC-HCM-V6,SOURCE_COORDINATE,SOURCE_BACKED
UTR_NODE_366386123,UTraffic node 366386123,INTERSECTION_OR_GEOMETRY,10.8708938,106.7634318,UTRAFFIC-HCM-V6,SOURCE_COORDINATE,SOURCE_BACKED
UTR_NODE_366386227,UTraffic node 366386227,INTERSECTION_OR_GEOMETRY,10.8462169,106.7713523,UTRAFFIC-HCM-V6,SOURCE_COORDINATE,SOURCE_BACKED
UTR_NODE_366386467,UTraffic node 366386467,INTERSECTION_OR_GEOMETRY,10.8261485,106.7641935,UTRAFFIC-HCM-V6,SOURCE_COORDINATE,SOURCE_BACKED
UTR_NODE_366386569,UTraffic node 366386569,INTERSECTION_OR_GEOMETRY,10.8255184,106.7666437,UTRAFFIC-HCM-V6,SOURCE_COORDINATE,SOURCE_BACKED
UTR_NODE_366386582,UTraffic node 366386582,INTERSECTION_OR_GEOMETRY,10.8789868,106.7307425,UTRAFFIC-HCM-V6,SOURCE_COORDINATE,SOURCE_BACKED
UTR_NODE_366386881,UTraffic node 366386881,INTERSECTION_OR_GEOMETRY,10.8331745,106.7270467,UTRAFFIC-HCM-V6,SOURCE_COORDINATE,SOURCE_BACKED
UTR_NODE_366387255,UTraffic node 366387255,INTERSECTION_OR_GEOMETRY,10.8568348,106.7499649,UTRAFFIC-HCM-V6,SOURCE_COORDINATE,SOURCE_BACKED
UTR_NODE_366387290,UTraffic node 366387290,INTERSECTION_OR_GEOMETRY,10.8317033,106.7761649,UTRAFFIC-HCM-V6,SOURCE_COORDINATE,SOURCE_BACKED
UTR_NODE_366387708,UTraffic node 366387708,INTERSECTION_OR_GEOMETRY,10.8422595,106.7311416,UTRAFFIC-HCM-V6,SOURCE_COORDINATE,SOURCE_BACKED
UTR_NODE_366388213,UTraffic node 366388213,INTERSECTION_OR_GEOMETRY,10.8711816,106.7462754,UTRAFFIC-HCM-V6,SOURCE_COORDINATE,SOURCE_BACKED
UTR_NODE_366388273,UTraffic node 366388273,INTERSECTION_OR_GEOMETRY,10.8664793,106.7385813,UTRAFFIC-HCM-V6,SOURCE_COORDINATE,SOURCE_BACKED
UTR_NODE_366388641,UTraffic node 366388641,INTERSECTION_OR_GEOMETRY,10.8459970,106.7287514,UTRAFFIC-HCM-V6,SOURCE_COORDINATE,SOURCE_BACKED
UTR_NODE_366388651,UTraffic node 366388651,INTERSECTION_OR_GEOMETRY,10.8638433,106.7610409,UTRAFFIC-HCM-V6,SOURCE_COORDINATE,SOURCE_BACKED
UTR_NODE_366388779,UTraffic node 366388779,INTERSECTION_OR_GEOMETRY,10.8302689,106.7662591,UTRAFFIC-HCM-V6,SOURCE_COORDINATE,SOURCE_BACKED
UTR_NODE_366389883,UTraffic node 366389883,INTERSECTION_OR_GEOMETRY,10.8633418,106.7699637,UTRAFFIC-HCM-V6,SOURCE_COORDINATE,SOURCE_BACKED
UTR_NODE_366390296,UTraffic node 366390296,INTERSECTION_OR_GEOMETRY,10.8378807,106.7325388,UTRAFFIC-HCM-V6,SOURCE_COORDINATE,SOURCE_BACKED
UTR_NODE_366391326,UTraffic node 366391326,INTERSECTION_OR_GEOMETRY,10.8313526,106.7755915,UTRAFFIC-HCM-V6,SOURCE_COORDINATE,SOURCE_BACKED
UTR_NODE_366391364,UTraffic node 366391364,INTERSECTION_OR_GEOMETRY,10.8667275,106.7276205,UTRAFFIC-HCM-V6,SOURCE_COORDINATE,SOURCE_BACKED
UTR_NODE_366391391,UTraffic node 366391391,INTERSECTION_OR_GEOMETRY,10.8588251,106.7486316,UTRAFFIC-HCM-V6,SOURCE_COORDINATE,SOURCE_BACKED
UTR_NODE_366391914,UTraffic node 366391914,INTERSECTION_OR_GEOMETRY,10.8794890,106.7302000,UTRAFFIC-HCM-V6,SOURCE_COORDINATE,SOURCE_BACKED
UTR_NODE_366391983,UTraffic node 366391983,INTERSECTION_OR_GEOMETRY,10.8791569,106.7488190,UTRAFFIC-HCM-V6,SOURCE_COORDINATE,SOURCE_BACKED
UTR_NODE_366392450,UTraffic node 366392450,INTERSECTION_OR_GEOMETRY,10.8500229,106.7475155,UTRAFFIC-HCM-V6,SOURCE_COORDINATE,SOURCE_BACKED
UTR_NODE_366392824,UTraffic node 366392824,INTERSECTION_OR_GEOMETRY,10.8258227,106.7657618,UTRAFFIC-HCM-V6,SOURCE_COORDINATE,SOURCE_BACKED
UTR_NODE_366392830,UTraffic node 366392830,INTERSECTION_OR_GEOMETRY,10.8792117,106.7304884,UTRAFFIC-HCM-V6,SOURCE_COORDINATE,SOURCE_BACKED
UTR_NODE_366393179,UTraffic node 366393179,INTERSECTION_OR_GEOMETRY,10.8257104,106.7797221,UTRAFFIC-HCM-V6,SOURCE_COORDINATE,SOURCE_BACKED
UTR_NODE_366393184,UTraffic node 366393184,INTERSECTION_OR_GEOMETRY,10.8367207,106.7313905,UTRAFFIC-HCM-V6,SOURCE_COORDINATE,SOURCE_BACKED
UTR_NODE_366393471,UTraffic node 366393471,INTERSECTION_OR_GEOMETRY,10.8353190,106.7821310,UTRAFFIC-HCM-V6,SOURCE_COORDINATE,SOURCE_BACKED
UTR_NODE_366397068,UTraffic node 366397068,INTERSECTION_OR_GEOMETRY,10.8614441,106.7450368,UTRAFFIC-HCM-V6,SOURCE_COORDINATE,SOURCE_BACKED
UTR_NODE_366397143,UTraffic node 366397143,INTERSECTION_OR_GEOMETRY,10.8419780,106.7695262,UTRAFFIC-HCM-V6,SOURCE_COORDINATE,SOURCE_BACKED
UTR_NODE_366397158,UTraffic node 366397158,INTERSECTION_OR_GEOMETRY,10.8343074,106.7827493,UTRAFFIC-HCM-V6,SOURCE_COORDINATE,SOURCE_BACKED
UTR_NODE_366397192,UTraffic node 366397192,INTERSECTION_OR_GEOMETRY,10.8679307,106.7364768,UTRAFFIC-HCM-V6,SOURCE_COORDINATE,SOURCE_BACKED
UTR_NODE_366397244,UTraffic node 366397244,INTERSECTION_OR_GEOMETRY,10.8282688,106.7723526,UTRAFFIC-HCM-V6,SOURCE_COORDINATE,SOURCE_BACKED
UTR_NODE_366397653,UTraffic node 366397653,INTERSECTION_OR_GEOMETRY,10.8412018,106.7434520,UTRAFFIC-HCM-V6,SOURCE_COORDINATE,SOURCE_BACKED
UTR_NODE_366397671,UTraffic node 366397671,INTERSECTION_OR_GEOMETRY,10.8742212,106.7821752,UTRAFFIC-HCM-V6,SOURCE_COORDINATE,SOURCE_BACKED
UTR_NODE_366397808,UTraffic node 366397808,INTERSECTION_OR_GEOMETRY,10.8731839,106.7444891,UTRAFFIC-HCM-V6,SOURCE_COORDINATE,SOURCE_BACKED
UTR_NODE_366397845,UTraffic node 366397845,INTERSECTION_OR_GEOMETRY,10.8337630,106.7832410,UTRAFFIC-HCM-V6,SOURCE_COORDINATE,SOURCE_BACKED
UTR_NODE_366397861,UTraffic node 366397861,INTERSECTION_OR_GEOMETRY,10.8332129,106.7778721,UTRAFFIC-HCM-V6,SOURCE_COORDINATE,SOURCE_BACKED
UTR_NODE_366398236,UTraffic node 366398236,INTERSECTION_OR_GEOMETRY,10.8621761,106.7797520,UTRAFFIC-HCM-V6,SOURCE_COORDINATE,SOURCE_BACKED
UTR_NODE_366398308,UTraffic node 366398308,INTERSECTION_OR_GEOMETRY,10.8634088,106.7600859,UTRAFFIC-HCM-V6,SOURCE_COORDINATE,SOURCE_BACKED
UTR_NODE_366398320,UTraffic node 366398320,INTERSECTION_OR_GEOMETRY,10.8689560,106.7479089,UTRAFFIC-HCM-V6,SOURCE_COORDINATE,SOURCE_BACKED
UTR_NODE_366398379,UTraffic node 366398379,INTERSECTION_OR_GEOMETRY,10.8333810,106.7836486,UTRAFFIC-HCM-V6,SOURCE_COORDINATE,SOURCE_BACKED
UTR_NODE_366398456,UTraffic node 366398456,INTERSECTION_OR_GEOMETRY,10.8736261,106.7294321,UTRAFFIC-HCM-V6,SOURCE_COORDINATE,SOURCE_BACKED
UTR_NODE_366398499,UTraffic node 366398499,INTERSECTION_OR_GEOMETRY,10.8677185,106.7571797,UTRAFFIC-HCM-V6,SOURCE_COORDINATE,SOURCE_BACKED
UTR_NODE_366398701,UTraffic node 366398701,INTERSECTION_OR_GEOMETRY,10.8670529,106.7576518,UTRAFFIC-HCM-V6,SOURCE_COORDINATE,SOURCE_BACKED
UTR_NODE_366398710,UTraffic node 366398710,INTERSECTION_OR_GEOMETRY,10.8784605,106.7312867,UTRAFFIC-HCM-V6,SOURCE_COORDINATE,SOURCE_BACKED
UTR_NODE_366398744,UTraffic node 366398744,INTERSECTION_OR_GEOMETRY,10.8766900,106.7561706,UTRAFFIC-HCM-V6,SOURCE_COORDINATE,SOURCE_BACKED
UTR_NODE_366398876,UTraffic node 366398876,INTERSECTION_OR_GEOMETRY,10.8656547,106.7586380,UTRAFFIC-HCM-V6,SOURCE_COORDINATE,SOURCE_BACKED
UTR_NODE_366398988,UTraffic node 366398988,INTERSECTION_OR_GEOMETRY,10.8566654,106.7653454,UTRAFFIC-HCM-V6,SOURCE_COORDINATE,SOURCE_BACKED
UTR_NODE_366399044,UTraffic node 366399044,INTERSECTION_OR_GEOMETRY,10.8719398,106.7400524,UTRAFFIC-HCM-V6,SOURCE_COORDINATE,SOURCE_BACKED
UTR_NODE_366399268,UTraffic node 366399268,INTERSECTION_OR_GEOMETRY,10.8674624,106.7748408,UTRAFFIC-HCM-V6,SOURCE_COORDINATE,SOURCE_BACKED
UTR_NODE_366399503,UTraffic node 366399503,INTERSECTION_OR_GEOMETRY,10.8721534,106.7411567,UTRAFFIC-HCM-V6,SOURCE_COORDINATE,SOURCE_BACKED
UTR_NODE_366399595,UTraffic node 366399595,INTERSECTION_OR_GEOMETRY,10.8670523,106.7287841,UTRAFFIC-HCM-V6,SOURCE_COORDINATE,SOURCE_BACKED
UTR_NODE_366400104,UTraffic node 366400104,INTERSECTION_OR_GEOMETRY,10.8734945,106.7299902,UTRAFFIC-HCM-V6,SOURCE_COORDINATE,SOURCE_BACKED
UTR_NODE_366400110,UTraffic node 366400110,INTERSECTION_OR_GEOMETRY,10.8644685,106.7419747,UTRAFFIC-HCM-V6,SOURCE_COORDINATE,SOURCE_BACKED
UTR_NODE_366400172,UTraffic node 366400172,INTERSECTION_OR_GEOMETRY,10.8542511,106.7693883,UTRAFFIC-HCM-V6,SOURCE_COORDINATE,SOURCE_BACKED
UTR_NODE_366400506,UTraffic node 366400506,INTERSECTION_OR_GEOMETRY,10.8753150,106.7318386,UTRAFFIC-HCM-V6,SOURCE_COORDINATE,SOURCE_BACKED
UTR_NODE_366400520,UTraffic node 366400520,INTERSECTION_OR_GEOMETRY,10.8675290,106.7375063,UTRAFFIC-HCM-V6,SOURCE_COORDINATE,SOURCE_BACKED
UTR_NODE_366400698,UTraffic node 366400698,INTERSECTION_OR_GEOMETRY,10.8448610,106.7293511,UTRAFFIC-HCM-V6,SOURCE_COORDINATE,SOURCE_BACKED
UTR_NODE_366400855,UTraffic node 366400855,INTERSECTION_OR_GEOMETRY,10.8355587,106.7823956,UTRAFFIC-HCM-V6,SOURCE_COORDINATE,SOURCE_BACKED
UTR_NODE_366400967,UTraffic node 366400967,INTERSECTION_OR_GEOMETRY,10.8329908,106.7778048,UTRAFFIC-HCM-V6,SOURCE_COORDINATE,SOURCE_BACKED
UTR_NODE_366401264,UTraffic node 366401264,INTERSECTION_OR_GEOMETRY,10.8338902,106.7830746,UTRAFFIC-HCM-V6,SOURCE_COORDINATE,SOURCE_BACKED
UTR_NODE_366401422,UTraffic node 366401422,INTERSECTION_OR_GEOMETRY,10.8723171,106.7645247,UTRAFFIC-HCM-V6,SOURCE_COORDINATE,SOURCE_BACKED
UTR_NODE_366401445,UTraffic node 366401445,INTERSECTION_OR_GEOMETRY,10.8355238,106.7456154,UTRAFFIC-HCM-V6,SOURCE_COORDINATE,SOURCE_BACKED
UTR_NODE_366401589,UTraffic node 366401589,INTERSECTION_OR_GEOMETRY,10.8531807,106.7304453,UTRAFFIC-HCM-V6,SOURCE_COORDINATE,SOURCE_BACKED
UTR_NODE_366401713,UTraffic node 366401713,INTERSECTION_OR_GEOMETRY,10.8457248,106.7792375,UTRAFFIC-HCM-V6,SOURCE_COORDINATE,SOURCE_BACKED
UTR_NODE_366402243,UTraffic node 366402243,INTERSECTION_OR_GEOMETRY,10.8538770,106.7731177,UTRAFFIC-HCM-V6,SOURCE_COORDINATE,SOURCE_BACKED
UTR_NODE_366402417,UTraffic node 366402417,INTERSECTION_OR_GEOMETRY,10.8301721,106.7637037,UTRAFFIC-HCM-V6,SOURCE_COORDINATE,SOURCE_BACKED
UTR_NODE_366402430,UTraffic node 366402430,INTERSECTION_OR_GEOMETRY,10.8213094,106.7792952,UTRAFFIC-HCM-V6,SOURCE_COORDINATE,SOURCE_BACKED
UTR_NODE_366402509,UTraffic node 366402509,INTERSECTION_OR_GEOMETRY,10.8240546,106.7811605,UTRAFFIC-HCM-V6,SOURCE_COORDINATE,SOURCE_BACKED
UTR_NODE_366402514,UTraffic node 366402514,INTERSECTION_OR_GEOMETRY,10.8635732,106.7693363,UTRAFFIC-HCM-V6,SOURCE_COORDINATE,SOURCE_BACKED
UTR_NODE_366402599,UTraffic node 366402599,INTERSECTION_OR_GEOMETRY,10.8740141,106.7320888,UTRAFFIC-HCM-V6,SOURCE_COORDINATE,SOURCE_BACKED
UTR_NODE_366402732,UTraffic node 366402732,INTERSECTION_OR_GEOMETRY,10.8744415,106.7309056,UTRAFFIC-HCM-V6,SOURCE_COORDINATE,SOURCE_BACKED
UTR_NODE_366402940,UTraffic node 366402940,INTERSECTION_OR_GEOMETRY,10.8541719,106.7730190,UTRAFFIC-HCM-V6,SOURCE_COORDINATE,SOURCE_BACKED
UTR_NODE_366403007,UTraffic node 366403007,INTERSECTION_OR_GEOMETRY,10.8262714,106.7616515,UTRAFFIC-HCM-V6,SOURCE_COORDINATE,SOURCE_BACKED
UTR_NODE_366403249,UTraffic node 366403249,INTERSECTION_OR_GEOMETRY,10.8444289,106.7814183,UTRAFFIC-HCM-V6,SOURCE_COORDINATE,SOURCE_BACKED
UTR_NODE_366403600,UTraffic node 366403600,INTERSECTION_OR_GEOMETRY,10.8589411,106.7778234,UTRAFFIC-HCM-V6,SOURCE_COORDINATE,SOURCE_BACKED
UTR_NODE_366403787,UTraffic node 366403787,INTERSECTION_OR_GEOMETRY,10.8508668,106.7628546,UTRAFFIC-HCM-V6,SOURCE_COORDINATE,SOURCE_BACKED
UTR_NODE_366403973,UTraffic node 366403973,INTERSECTION_OR_GEOMETRY,10.8440093,106.7829970,UTRAFFIC-HCM-V6,SOURCE_COORDINATE,SOURCE_BACKED
UTR_NODE_366404187,UTraffic node 366404187,INTERSECTION_OR_GEOMETRY,10.8283667,106.7822651,UTRAFFIC-HCM-V6,SOURCE_COORDINATE,SOURCE_BACKED
UTR_NODE_366404280,UTraffic node 366404280,INTERSECTION_OR_GEOMETRY,10.8677243,106.7322955,UTRAFFIC-HCM-V6,SOURCE_COORDINATE,SOURCE_BACKED
UTR_NODE_366404561,UTraffic node 366404561,INTERSECTION_OR_GEOMETRY,10.8557721,106.7505338,UTRAFFIC-HCM-V6,SOURCE_COORDINATE,SOURCE_BACKED
UTR_NODE_366404766,UTraffic node 366404766,INTERSECTION_OR_GEOMETRY,10.8750373,106.7318167,UTRAFFIC-HCM-V6,SOURCE_COORDINATE,SOURCE_BACKED
UTR_NODE_366404785,UTraffic node 366404785,INTERSECTION_OR_GEOMETRY,10.8677000,106.7370661,UTRAFFIC-HCM-V6,SOURCE_COORDINATE,SOURCE_BACKED
UTR_NODE_366405065,UTraffic node 366405065,INTERSECTION_OR_GEOMETRY,10.8456628,106.7710772,UTRAFFIC-HCM-V6,SOURCE_COORDINATE,SOURCE_BACKED
UTR_NODE_366405210,UTraffic node 366405210,INTERSECTION_OR_GEOMETRY,10.8714036,106.7577451,UTRAFFIC-HCM-V6,SOURCE_COORDINATE,SOURCE_BACKED
UTR_NODE_366405250,UTraffic node 366405250,INTERSECTION_OR_GEOMETRY,10.8311246,106.7245562,UTRAFFIC-HCM-V6,SOURCE_COORDINATE,SOURCE_BACKED
UTR_NODE_366405786,UTraffic node 366405786,INTERSECTION_OR_GEOMETRY,10.8210408,106.7790166,UTRAFFIC-HCM-V6,SOURCE_COORDINATE,SOURCE_BACKED
UTR_NODE_366405787,UTraffic node 366405787,INTERSECTION_OR_GEOMETRY,10.8702226,106.7632915,UTRAFFIC-HCM-V6,SOURCE_COORDINATE,SOURCE_BACKED
UTR_NODE_366405940,UTraffic node 366405940,INTERSECTION_OR_GEOMETRY,10.8446030,106.7712556,UTRAFFIC-HCM-V6,SOURCE_COORDINATE,SOURCE_BACKED
UTR_NODE_366406468,UTraffic node 366406468,INTERSECTION_OR_GEOMETRY,10.8653706,106.7738640,UTRAFFIC-HCM-V6,SOURCE_COORDINATE,SOURCE_BACKED
UTR_NODE_366406615,UTraffic node 366406615,INTERSECTION_OR_GEOMETRY,10.8497547,106.7685414,UTRAFFIC-HCM-V6,SOURCE_COORDINATE,SOURCE_BACKED
UTR_NODE_366406703,UTraffic node 366406703,INTERSECTION_OR_GEOMETRY,10.8751196,106.7318165,UTRAFFIC-HCM-V6,SOURCE_COORDINATE,SOURCE_BACKED
UTR_NODE_366406712,UTraffic node 366406712,INTERSECTION_OR_GEOMETRY,10.8531838,106.7486874,UTRAFFIC-HCM-V6,SOURCE_COORDINATE,SOURCE_BACKED
UTR_NODE_366407073,UTraffic node 366407073,INTERSECTION_OR_GEOMETRY,10.8719298,106.7458712,UTRAFFIC-HCM-V6,SOURCE_COORDINATE,SOURCE_BACKED
UTR_NODE_366407749,UTraffic node 366407749,INTERSECTION_OR_GEOMETRY,10.8693170,106.7367308,UTRAFFIC-HCM-V6,SOURCE_COORDINATE,SOURCE_BACKED
UTR_NODE_366407751,UTraffic node 366407751,INTERSECTION_OR_GEOMETRY,10.8742908,106.7533799,UTRAFFIC-HCM-V6,SOURCE_COORDINATE,SOURCE_BACKED
UTR_NODE_366407879,UTraffic node 366407879,INTERSECTION_OR_GEOMETRY,10.8688203,106.7309218,UTRAFFIC-HCM-V6,SOURCE_COORDINATE,SOURCE_BACKED
UTR_NODE_366408066,UTraffic node 366408066,INTERSECTION_OR_GEOMETRY,10.8718539,106.7580458,UTRAFFIC-HCM-V6,SOURCE_COORDINATE,SOURCE_BACKED
UTR_NODE_366408088,UTraffic node 366408088,INTERSECTION_OR_GEOMETRY,10.8326545,106.7671716,UTRAFFIC-HCM-V6,SOURCE_COORDINATE,SOURCE_BACKED
UTR_NODE_366408306,UTraffic node 366408306,INTERSECTION_OR_GEOMETRY,10.8359502,106.7660603,UTRAFFIC-HCM-V6,SOURCE_COORDINATE,SOURCE_BACKED
UTR_NODE_366408398,UTraffic node 366408398,INTERSECTION_OR_GEOMETRY,10.8287007,106.7210453,UTRAFFIC-HCM-V6,SOURCE_COORDINATE,SOURCE_BACKED
UTR_NODE_366408478,UTraffic node 366408478,INTERSECTION_OR_GEOMETRY,10.8465934,106.7230110,UTRAFFIC-HCM-V6,SOURCE_COORDINATE,SOURCE_BACKED
UTR_NODE_366408509,UTraffic node 366408509,INTERSECTION_OR_GEOMETRY,10.8497450,106.7695723,UTRAFFIC-HCM-V6,SOURCE_COORDINATE,SOURCE_BACKED
UTR_NODE_366408615,UTraffic node 366408615,INTERSECTION_OR_GEOMETRY,10.8545357,106.7338252,UTRAFFIC-HCM-V6,SOURCE_COORDINATE,SOURCE_BACKED
UTR_NODE_366408650,UTraffic node 366408650,INTERSECTION_OR_GEOMETRY,10.8540124,106.7321395,UTRAFFIC-HCM-V6,SOURCE_COORDINATE,SOURCE_BACKED
UTR_NODE_366408755,UTraffic node 366408755,INTERSECTION_OR_GEOMETRY,10.8374102,106.7668920,UTRAFFIC-HCM-V6,SOURCE_COORDINATE,SOURCE_BACKED
UTR_NODE_366408865,UTraffic node 366408865,INTERSECTION_OR_GEOMETRY,10.8353009,106.7661662,UTRAFFIC-HCM-V6,SOURCE_COORDINATE,SOURCE_BACKED
UTR_NODE_366409088,UTraffic node 366409088,INTERSECTION_OR_GEOMETRY,10.8542601,106.7816729,UTRAFFIC-HCM-V6,SOURCE_COORDINATE,SOURCE_BACKED
UTR_NODE_366409133,UTraffic node 366409133,INTERSECTION_OR_GEOMETRY,10.8292062,106.7732106,UTRAFFIC-HCM-V6,SOURCE_COORDINATE,SOURCE_BACKED
UTR_NODE_366409318,UTraffic node 366409318,INTERSECTION_OR_GEOMETRY,10.8553258,106.7738625,UTRAFFIC-HCM-V6,SOURCE_COORDINATE,SOURCE_BACKED
UTR_NODE_366409338,UTraffic node 366409338,INTERSECTION_OR_GEOMETRY,10.8316769,106.7838335,UTRAFFIC-HCM-V6,SOURCE_COORDINATE,SOURCE_BACKED
UTR_NODE_366410061,UTraffic node 366410061,INTERSECTION_OR_GEOMETRY,10.8494184,106.7536678,UTRAFFIC-HCM-V6,SOURCE_COORDINATE,SOURCE_BACKED
UTR_NODE_366410090,UTraffic node 366410090,INTERSECTION_OR_GEOMETRY,10.8283566,106.7200632,UTRAFFIC-HCM-V6,SOURCE_COORDINATE,SOURCE_BACKED
UTR_NODE_366410278,UTraffic node 366410278,INTERSECTION_OR_GEOMETRY,10.8479386,106.7732711,UTRAFFIC-HCM-V6,SOURCE_COORDINATE,SOURCE_BACKED
UTR_NODE_366410324,UTraffic node 366410324,INTERSECTION_OR_GEOMETRY,10.8416933,106.7640059,UTRAFFIC-HCM-V6,SOURCE_COORDINATE,SOURCE_BACKED
UTR_NODE_366410705,UTraffic node 366410705,INTERSECTION_OR_GEOMETRY,10.8333349,106.7793962,UTRAFFIC-HCM-V6,SOURCE_COORDINATE,SOURCE_BACKED
UTR_NODE_366411281,UTraffic node 366411281,INTERSECTION_OR_GEOMETRY,10.8660787,106.7403320,UTRAFFIC-HCM-V6,SOURCE_COORDINATE,SOURCE_BACKED
UTR_NODE_366411451,UTraffic node 366411451,INTERSECTION_OR_GEOMETRY,10.8734649,106.7299602,UTRAFFIC-HCM-V6,SOURCE_COORDINATE,SOURCE_BACKED
UTR_NODE_366411516,UTraffic node 366411516,INTERSECTION_OR_GEOMETRY,10.8723503,106.7418881,UTRAFFIC-HCM-V6,SOURCE_COORDINATE,SOURCE_BACKED
UTR_NODE_366411588,UTraffic node 366411588,INTERSECTION_OR_GEOMETRY,10.8711275,106.7573941,UTRAFFIC-HCM-V6,SOURCE_COORDINATE,SOURCE_BACKED
UTR_NODE_366411675,UTraffic node 366411675,INTERSECTION_OR_GEOMETRY,10.8475318,106.7290482,UTRAFFIC-HCM-V6,SOURCE_COORDINATE,SOURCE_BACKED
UTR_NODE_366411683,UTraffic node 366411683,INTERSECTION_OR_GEOMETRY,10.8739806,106.7288942,UTRAFFIC-HCM-V6,SOURCE_COORDINATE,SOURCE_BACKED
UTR_NODE_366411905,UTraffic node 366411905,INTERSECTION_OR_GEOMETRY,10.8632331,106.7425084,UTRAFFIC-HCM-V6,SOURCE_COORDINATE,SOURCE_BACKED
UTR_NODE_366412394,UTraffic node 366412394,INTERSECTION_OR_GEOMETRY,10.8761169,106.7542735,UTRAFFIC-HCM-V6,SOURCE_COORDINATE,SOURCE_BACKED
UTR_NODE_366412397,UTraffic node 366412397,INTERSECTION_OR_GEOMETRY,10.8633980,106.7423735,UTRAFFIC-HCM-V6,SOURCE_COORDINATE,SOURCE_BACKED
UTR_NODE_366412582,UTraffic node 366412582,INTERSECTION_OR_GEOMETRY,10.8332965,106.7787535,UTRAFFIC-HCM-V6,SOURCE_COORDINATE,SOURCE_BACKED
UTR_NODE_366412598,UTraffic node 366412598,INTERSECTION_OR_GEOMETRY,10.8514960,106.7296627,UTRAFFIC-HCM-V6,SOURCE_COORDINATE,SOURCE_BACKED
UTR_NODE_366412891,UTraffic node 366412891,INTERSECTION_OR_GEOMETRY,10.8751478,106.7505720,UTRAFFIC-HCM-V6,SOURCE_COORDINATE,SOURCE_BACKED
UTR_NODE_366412989,UTraffic node 366412989,INTERSECTION_OR_GEOMETRY,10.8564175,106.7502267,UTRAFFIC-HCM-V6,SOURCE_COORDINATE,SOURCE_BACKED
UTR_NODE_366413210,UTraffic node 366413210,INTERSECTION_OR_GEOMETRY,10.8231331,106.7702592,UTRAFFIC-HCM-V6,SOURCE_COORDINATE,SOURCE_BACKED
UTR_NODE_366413263,UTraffic node 366413263,INTERSECTION_OR_GEOMETRY,10.8512375,106.7567647,UTRAFFIC-HCM-V6,SOURCE_COORDINATE,SOURCE_BACKED
UTR_NODE_366413518,UTraffic node 366413518,INTERSECTION_OR_GEOMETRY,10.8607139,106.7243057,UTRAFFIC-HCM-V6,SOURCE_COORDINATE,SOURCE_BACKED
UTR_NODE_366413770,UTraffic node 366413770,INTERSECTION_OR_GEOMETRY,10.8750580,106.7502386,UTRAFFIC-HCM-V6,SOURCE_COORDINATE,SOURCE_BACKED
UTR_NODE_366413824,UTraffic node 366413824,INTERSECTION_OR_GEOMETRY,10.8746114,106.7489356,UTRAFFIC-HCM-V6,SOURCE_COORDINATE,SOURCE_BACKED
UTR_NODE_366413920,UTraffic node 366413920,INTERSECTION_OR_GEOMETRY,10.8339958,106.7808117,UTRAFFIC-HCM-V6,SOURCE_COORDINATE,SOURCE_BACKED
UTR_NODE_366414050,UTraffic node 366414050,INTERSECTION_OR_GEOMETRY,10.8528400,106.7301209,UTRAFFIC-HCM-V6,SOURCE_COORDINATE,SOURCE_BACKED
UTR_NODE_366414791,UTraffic node 366414791,INTERSECTION_OR_GEOMETRY,10.8505681,106.7662545,UTRAFFIC-HCM-V6,SOURCE_COORDINATE,SOURCE_BACKED
UTR_NODE_366415087,UTraffic node 366415087,INTERSECTION_OR_GEOMETRY,10.8671451,106.7875688,UTRAFFIC-HCM-V6,SOURCE_COORDINATE,SOURCE_BACKED
UTR_NODE_366415382,UTraffic node 366415382,INTERSECTION_OR_GEOMETRY,10.8642739,106.7575460,UTRAFFIC-HCM-V6,SOURCE_COORDINATE,SOURCE_BACKED
UTR_NODE_366415536,UTraffic node 366415536,INTERSECTION_OR_GEOMETRY,10.8391409,106.7357847,UTRAFFIC-HCM-V6,SOURCE_COORDINATE,SOURCE_BACKED
UTR_NODE_366415973,UTraffic node 366415973,INTERSECTION_OR_GEOMETRY,10.8738277,106.7291136,UTRAFFIC-HCM-V6,SOURCE_COORDINATE,SOURCE_BACKED
UTR_NODE_366416066,UTraffic node 366416066,INTERSECTION_OR_GEOMETRY,10.8424219,106.7692540,UTRAFFIC-HCM-V6,SOURCE_COORDINATE,SOURCE_BACKED
UTR_NODE_366416100,UTraffic node 366416100,INTERSECTION_OR_GEOMETRY,10.8221882,106.7798849,UTRAFFIC-HCM-V6,SOURCE_COORDINATE,SOURCE_BACKED
UTR_NODE_366416400,UTraffic node 366416400,INTERSECTION_OR_GEOMETRY,10.8233172,106.7699032,UTRAFFIC-HCM-V6,SOURCE_COORDINATE,SOURCE_BACKED
UTR_NODE_366416679,UTraffic node 366416679,INTERSECTION_OR_GEOMETRY,10.8401571,106.7402602,UTRAFFIC-HCM-V6,SOURCE_COORDINATE,SOURCE_BACKED
UTR_NODE_366416771,UTraffic node 366416771,INTERSECTION_OR_GEOMETRY,10.8657092,106.7739891,UTRAFFIC-HCM-V6,SOURCE_COORDINATE,SOURCE_BACKED
UTR_NODE_366416772,UTraffic node 366416772,INTERSECTION_OR_GEOMETRY,10.8778628,106.7317481,UTRAFFIC-HCM-V6,SOURCE_COORDINATE,SOURCE_BACKED
UTR_NODE_366416856,UTraffic node 366416856,INTERSECTION_OR_GEOMETRY,10.8539078,106.7510317,UTRAFFIC-HCM-V6,SOURCE_COORDINATE,SOURCE_BACKED
UTR_NODE_366417185,UTraffic node 366417185,INTERSECTION_OR_GEOMETRY,10.8249699,106.7673977,UTRAFFIC-HCM-V6,SOURCE_COORDINATE,SOURCE_BACKED
UTR_NODE_366417221,UTraffic node 366417221,INTERSECTION_OR_GEOMETRY,10.8551042,106.7676496,UTRAFFIC-HCM-V6,SOURCE_COORDINATE,SOURCE_BACKED
UTR_NODE_366417417,UTraffic node 366417417,INTERSECTION_OR_GEOMETRY,10.8269695,106.7688033,UTRAFFIC-HCM-V6,SOURCE_COORDINATE,SOURCE_BACKED
UTR_NODE_366417683,UTraffic node 366417683,INTERSECTION_OR_GEOMETRY,10.8448943,106.7861077,UTRAFFIC-HCM-V6,SOURCE_COORDINATE,SOURCE_BACKED
UTR_NODE_366418059,UTraffic node 366418059,INTERSECTION_OR_GEOMETRY,10.8595556,106.7238720,UTRAFFIC-HCM-V6,SOURCE_COORDINATE,SOURCE_BACKED
UTR_NODE_366418145,UTraffic node 366418145,INTERSECTION_OR_GEOMETRY,10.8329216,106.7837980,UTRAFFIC-HCM-V6,SOURCE_COORDINATE,SOURCE_BACKED
UTR_NODE_366418158,UTraffic node 366418158,INTERSECTION_OR_GEOMETRY,10.8274947,106.7711500,UTRAFFIC-HCM-V6,SOURCE_COORDINATE,SOURCE_BACKED
UTR_NODE_366418167,UTraffic node 366418167,INTERSECTION_OR_GEOMETRY,10.8642942,106.7673321,UTRAFFIC-HCM-V6,SOURCE_COORDINATE,SOURCE_BACKED
UTR_NODE_366418560,UTraffic node 366418560,INTERSECTION_OR_GEOMETRY,10.8625757,106.7434890,UTRAFFIC-HCM-V6,SOURCE_COORDINATE,SOURCE_BACKED
UTR_NODE_366418582,UTraffic node 366418582,INTERSECTION_OR_GEOMETRY,10.8574595,106.7571971,UTRAFFIC-HCM-V6,SOURCE_COORDINATE,SOURCE_BACKED
UTR_NODE_366418642,UTraffic node 366418642,INTERSECTION_OR_GEOMETRY,10.8363752,106.7456041,UTRAFFIC-HCM-V6,SOURCE_COORDINATE,SOURCE_BACKED
UTR_NODE_366418698,UTraffic node 366418698,INTERSECTION_OR_GEOMETRY,10.8693287,106.7319303,UTRAFFIC-HCM-V6,SOURCE_COORDINATE,SOURCE_BACKED
UTR_NODE_366418785,UTraffic node 366418785,INTERSECTION_OR_GEOMETRY,10.8215716,106.7601614,UTRAFFIC-HCM-V6,SOURCE_COORDINATE,SOURCE_BACKED
UTR_NODE_366418823,UTraffic node 366418823,INTERSECTION_OR_GEOMETRY,10.8594289,106.7482893,UTRAFFIC-HCM-V6,SOURCE_COORDINATE,SOURCE_BACKED
UTR_NODE_366418829,UTraffic node 366418829,INTERSECTION_OR_GEOMETRY,10.8209124,106.7596540,UTRAFFIC-HCM-V6,SOURCE_COORDINATE,SOURCE_BACKED
UTR_NODE_366418897,UTraffic node 366418897,INTERSECTION_OR_GEOMETRY,10.8584672,106.7234311,UTRAFFIC-HCM-V6,SOURCE_COORDINATE,SOURCE_BACKED
UTR_NODE_366418937,UTraffic node 366418937,INTERSECTION_OR_GEOMETRY,10.8447022,106.7618557,UTRAFFIC-HCM-V6,SOURCE_COORDINATE,SOURCE_BACKED
UTR_NODE_366418969,UTraffic node 366418969,INTERSECTION_OR_GEOMETRY,10.8710504,106.7355639,UTRAFFIC-HCM-V6,SOURCE_COORDINATE,SOURCE_BACKED
UTR_NODE_366418980,UTraffic node 366418980,INTERSECTION_OR_GEOMETRY,10.8440881,106.7823387,UTRAFFIC-HCM-V6,SOURCE_COORDINATE,SOURCE_BACKED
UTR_NODE_366419051,UTraffic node 366419051,INTERSECTION_OR_GEOMETRY,10.8673099,106.7299095,UTRAFFIC-HCM-V6,SOURCE_COORDINATE,SOURCE_BACKED
UTR_NODE_366419211,UTraffic node 366419211,INTERSECTION_OR_GEOMETRY,10.8776990,106.7318517,UTRAFFIC-HCM-V6,SOURCE_COORDINATE,SOURCE_BACKED
UTR_NODE_366419393,UTraffic node 366419393,INTERSECTION_OR_GEOMETRY,10.8505337,106.7621571,UTRAFFIC-HCM-V6,SOURCE_COORDINATE,SOURCE_BACKED
UTR_NODE_366419447,UTraffic node 366419447,INTERSECTION_OR_GEOMETRY,10.8505318,106.7606534,UTRAFFIC-HCM-V6,SOURCE_COORDINATE,SOURCE_BACKED
UTR_NODE_366419537,UTraffic node 366419537,INTERSECTION_OR_GEOMETRY,10.8713251,106.7363499,UTRAFFIC-HCM-V6,SOURCE_COORDINATE,SOURCE_BACKED
UTR_NODE_366419584,UTraffic node 366419584,INTERSECTION_OR_GEOMETRY,10.8741989,106.7305836,UTRAFFIC-HCM-V6,SOURCE_COORDINATE,SOURCE_BACKED
UTR_NODE_366419829,UTraffic node 366419829,INTERSECTION_OR_GEOMETRY,10.8628648,106.7608870,UTRAFFIC-HCM-V6,SOURCE_COORDINATE,SOURCE_BACKED
UTR_NODE_366420023,UTraffic node 366420023,INTERSECTION_OR_GEOMETRY,10.8782868,106.7314474,UTRAFFIC-HCM-V6,SOURCE_COORDINATE,SOURCE_BACKED
UTR_NODE_366420234,UTraffic node 366420234,INTERSECTION_OR_GEOMETRY,10.8339386,106.7649324,UTRAFFIC-HCM-V6,SOURCE_COORDINATE,SOURCE_BACKED
UTR_NODE_366420385,UTraffic node 366420385,INTERSECTION_OR_GEOMETRY,10.8583265,106.7489017,UTRAFFIC-HCM-V6,SOURCE_COORDINATE,SOURCE_BACKED
UTR_NODE_366420623,UTraffic node 366420623,INTERSECTION_OR_GEOMETRY,10.8765843,106.7319804,UTRAFFIC-HCM-V6,SOURCE_COORDINATE,SOURCE_BACKED
UTR_NODE_366420632,UTraffic node 366420632,INTERSECTION_OR_GEOMETRY,10.8515834,106.7768619,UTRAFFIC-HCM-V6,SOURCE_COORDINATE,SOURCE_BACKED
UTR_NODE_366421217,UTraffic node 366421217,INTERSECTION_OR_GEOMETRY,10.8261311,106.7644527,UTRAFFIC-HCM-V6,SOURCE_COORDINATE,SOURCE_BACKED
UTR_NODE_366421247,UTraffic node 366421247,INTERSECTION_OR_GEOMETRY,10.8334498,106.7780690,UTRAFFIC-HCM-V6,SOURCE_COORDINATE,SOURCE_BACKED
UTR_NODE_366421360,UTraffic node 366421360,INTERSECTION_OR_GEOMETRY,10.8382456,106.7335475,UTRAFFIC-HCM-V6,SOURCE_COORDINATE,SOURCE_BACKED
UTR_NODE_366421495,UTraffic node 366421495,INTERSECTION_OR_GEOMETRY,10.8315771,106.7758907,UTRAFFIC-HCM-V6,SOURCE_COORDINATE,SOURCE_BACKED
UTR_NODE_366421525,UTraffic node 366421525,INTERSECTION_OR_GEOMETRY,10.8295394,106.7624913,UTRAFFIC-HCM-V6,SOURCE_COORDINATE,SOURCE_BACKED
UTR_NODE_366421675,UTraffic node 366421675,INTERSECTION_OR_GEOMETRY,10.8440417,106.7825179,UTRAFFIC-HCM-V6,SOURCE_COORDINATE,SOURCE_BACKED
UTR_NODE_366421689,UTraffic node 366421689,INTERSECTION_OR_GEOMETRY,10.8552827,106.7673388,UTRAFFIC-HCM-V6,SOURCE_COORDINATE,SOURCE_BACKED
UTR_NODE_366421744,UTraffic node 366421744,INTERSECTION_OR_GEOMETRY,10.8471520,106.7718977,UTRAFFIC-HCM-V6,SOURCE_COORDINATE,SOURCE_BACKED
UTR_NODE_366421842,UTraffic node 366421842,INTERSECTION_OR_GEOMETRY,10.8345986,106.7816243,UTRAFFIC-HCM-V6,SOURCE_COORDINATE,SOURCE_BACKED
UTR_NODE_366421886,UTraffic node 366421886,INTERSECTION_OR_GEOMETRY,10.8547173,106.7682769,UTRAFFIC-HCM-V6,SOURCE_COORDINATE,SOURCE_BACKED
UTR_NODE_366421898,UTraffic node 366421898,INTERSECTION_OR_GEOMETRY,10.8533623,106.7798162,UTRAFFIC-HCM-V6,SOURCE_COORDINATE,SOURCE_BACKED
UTR_NODE_366421901,UTraffic node 366421901,INTERSECTION_OR_GEOMETRY,10.8731679,106.7323547,UTRAFFIC-HCM-V6,SOURCE_COORDINATE,SOURCE_BACKED
UTR_NODE_366422115,UTraffic node 366422115,INTERSECTION_OR_GEOMETRY,10.8313887,106.7837956,UTRAFFIC-HCM-V6,SOURCE_COORDINATE,SOURCE_BACKED
UTR_NODE_366422614,UTraffic node 366422614,INTERSECTION_OR_GEOMETRY,10.8424042,106.7474325,UTRAFFIC-HCM-V6,SOURCE_COORDINATE,SOURCE_BACKED
UTR_NODE_366422683,UTraffic node 366422683,INTERSECTION_OR_GEOMETRY,10.8435815,106.7626094,UTRAFFIC-HCM-V6,SOURCE_COORDINATE,SOURCE_BACKED
UTR_NODE_366422701,UTraffic node 366422701,INTERSECTION_OR_GEOMETRY,10.8693007,106.7802766,UTRAFFIC-HCM-V6,SOURCE_COORDINATE,SOURCE_BACKED
UTR_NODE_366422996,UTraffic node 366422996,INTERSECTION_OR_GEOMETRY,10.8315477,106.7670647,UTRAFFIC-HCM-V6,SOURCE_COORDINATE,SOURCE_BACKED
UTR_NODE_366423015,UTraffic node 366423015,INTERSECTION_OR_GEOMETRY,10.8555741,106.7742859,UTRAFFIC-HCM-V6,SOURCE_COORDINATE,SOURCE_BACKED
UTR_NODE_366423024,UTraffic node 366423024,INTERSECTION_OR_GEOMETRY,10.8683943,106.7478831,UTRAFFIC-HCM-V6,SOURCE_COORDINATE,SOURCE_BACKED
UTR_NODE_366423180,UTraffic node 366423180,INTERSECTION_OR_GEOMETRY,10.8329785,106.7638921,UTRAFFIC-HCM-V6,SOURCE_COORDINATE,SOURCE_BACKED
UTR_NODE_366423181,UTraffic node 366423181,INTERSECTION_OR_GEOMETRY,10.8736421,106.7321868,UTRAFFIC-HCM-V6,SOURCE_COORDINATE,SOURCE_BACKED
UTR_NODE_366423203,UTraffic node 366423203,INTERSECTION_OR_GEOMETRY,10.8262605,106.7688852,UTRAFFIC-HCM-V6,SOURCE_COORDINATE,SOURCE_BACKED
UTR_NODE_366423320,UTraffic node 366423320,INTERSECTION_OR_GEOMETRY,10.8679461,106.7329547,UTRAFFIC-HCM-V6,SOURCE_COORDINATE,SOURCE_BACKED
UTR_NODE_366423483,UTraffic node 366423483,INTERSECTION_OR_GEOMETRY,10.8433299,106.7697498,UTRAFFIC-HCM-V6,SOURCE_COORDINATE,SOURCE_BACKED
UTR_NODE_366423504,UTraffic node 366423504,INTERSECTION_OR_GEOMETRY,10.8734180,106.7584094,UTRAFFIC-HCM-V6,SOURCE_COORDINATE,SOURCE_BACKED
UTR_NODE_366423527,UTraffic node 366423527,INTERSECTION_OR_GEOMETRY,10.8390860,106.7321998,UTRAFFIC-HCM-V6,SOURCE_COORDINATE,SOURCE_BACKED
UTR_NODE_366423941,UTraffic node 366423941,INTERSECTION_OR_GEOMETRY,10.8708345,106.7569849,UTRAFFIC-HCM-V6,SOURCE_COORDINATE,SOURCE_BACKED
UTR_NODE_366424098,UTraffic node 366424098,INTERSECTION_OR_GEOMETRY,10.8749424,106.7278993,UTRAFFIC-HCM-V6,SOURCE_COORDINATE,SOURCE_BACKED
UTR_NODE_366424283,UTraffic node 366424283,INTERSECTION_OR_GEOMETRY,10.8393455,106.7663970,UTRAFFIC-HCM-V6,SOURCE_COORDINATE,SOURCE_BACKED
UTR_NODE_366424524,UTraffic node 366424524,INTERSECTION_OR_GEOMETRY,10.8761101,106.7827963,UTRAFFIC-HCM-V6,SOURCE_COORDINATE,SOURCE_BACKED
UTR_NODE_366424814,UTraffic node 366424814,INTERSECTION_OR_GEOMETRY,10.8793390,106.7236970,UTRAFFIC-HCM-V6,SOURCE_COORDINATE,SOURCE_BACKED
UTR_NODE_366424947,UTraffic node 366424947,INTERSECTION_OR_GEOMETRY,10.8720435,106.7690513,UTRAFFIC-HCM-V6,SOURCE_COORDINATE,SOURCE_BACKED
UTR_NODE_366425005,UTraffic node 366425005,INTERSECTION_OR_GEOMETRY,10.8738081,106.7302504,UTRAFFIC-HCM-V6,SOURCE_COORDINATE,SOURCE_BACKED
UTR_NODE_366425112,UTraffic node 366425112,INTERSECTION_OR_GEOMETRY,10.8545590,106.7685258,UTRAFFIC-HCM-V6,SOURCE_COORDINATE,SOURCE_BACKED
UTR_NODE_366425121,UTraffic node 366425121,INTERSECTION_OR_GEOMETRY,10.8694131,106.7474140,UTRAFFIC-HCM-V6,SOURCE_COORDINATE,SOURCE_BACKED
UTR_NODE_366425139,UTraffic node 366425139,INTERSECTION_OR_GEOMETRY,10.8442346,106.7303978,UTRAFFIC-HCM-V6,SOURCE_COORDINATE,SOURCE_BACKED
UTR_NODE_366425141,UTraffic node 366425141,INTERSECTION_OR_GEOMETRY,10.8483814,106.7594927,UTRAFFIC-HCM-V6,SOURCE_COORDINATE,SOURCE_BACKED
UTR_NODE_366425166,UTraffic node 366425166,INTERSECTION_OR_GEOMETRY,10.8740371,106.7585606,UTRAFFIC-HCM-V6,SOURCE_COORDINATE,SOURCE_BACKED
UTR_NODE_366425951,UTraffic node 366425951,INTERSECTION_OR_GEOMETRY,10.8476745,106.7209687,UTRAFFIC-HCM-V6,SOURCE_COORDINATE,SOURCE_BACKED
UTR_NODE_366426181,UTraffic node 366426181,INTERSECTION_OR_GEOMETRY,10.8305563,106.7664994,UTRAFFIC-HCM-V6,SOURCE_COORDINATE,SOURCE_BACKED
UTR_NODE_366426562,UTraffic node 366426562,INTERSECTION_OR_GEOMETRY,10.8315854,106.7677016,UTRAFFIC-HCM-V6,SOURCE_COORDINATE,SOURCE_BACKED
UTR_NODE_366426587,UTraffic node 366426587,INTERSECTION_OR_GEOMETRY,10.8483086,106.7468782,UTRAFFIC-HCM-V6,SOURCE_COORDINATE,SOURCE_BACKED
UTR_NODE_366426836,UTraffic node 366426836,INTERSECTION_OR_GEOMETRY,10.8409560,106.7689232,UTRAFFIC-HCM-V6,SOURCE_COORDINATE,SOURCE_BACKED
UTR_NODE_366427326,UTraffic node 366427326,INTERSECTION_OR_GEOMETRY,10.8756669,106.7318669,UTRAFFIC-HCM-V6,SOURCE_COORDINATE,SOURCE_BACKED
UTR_NODE_366427351,UTraffic node 366427351,INTERSECTION_OR_GEOMETRY,10.8706998,106.7727081,UTRAFFIC-HCM-V6,SOURCE_COORDINATE,SOURCE_BACKED
UTR_NODE_366427385,UTraffic node 366427385,INTERSECTION_OR_GEOMETRY,10.8494797,106.7292386,UTRAFFIC-HCM-V6,SOURCE_COORDINATE,SOURCE_BACKED
UTR_NODE_366427556,UTraffic node 366427556,INTERSECTION_OR_GEOMETRY,10.8284311,106.7640797,UTRAFFIC-HCM-V6,SOURCE_COORDINATE,SOURCE_BACKED
UTR_NODE_366427828,UTraffic node 366427828,INTERSECTION_OR_GEOMETRY,10.8390317,106.7665312,UTRAFFIC-HCM-V6,SOURCE_COORDINATE,SOURCE_BACKED
UTR_NODE_366427879,UTraffic node 366427879,INTERSECTION_OR_GEOMETRY,10.8414691,106.7440021,UTRAFFIC-HCM-V6,SOURCE_COORDINATE,SOURCE_BACKED
UTR_NODE_366427938,UTraffic node 366427938,INTERSECTION_OR_GEOMETRY,10.8699244,106.7632950,UTRAFFIC-HCM-V6,SOURCE_COORDINATE,SOURCE_BACKED
UTR_NODE_366428168,UTraffic node 366428168,INTERSECTION_OR_GEOMETRY,10.8744484,106.7484282,UTRAFFIC-HCM-V6,SOURCE_COORDINATE,SOURCE_BACKED
UTR_NODE_366428392,UTraffic node 366428392,INTERSECTION_OR_GEOMETRY,10.8568100,106.7647616,UTRAFFIC-HCM-V6,SOURCE_COORDINATE,SOURCE_BACKED
UTR_NODE_366428437,UTraffic node 366428437,INTERSECTION_OR_GEOMETRY,10.8753139,106.7588262,UTRAFFIC-HCM-V6,SOURCE_COORDINATE,SOURCE_BACKED
UTR_NODE_366428454,UTraffic node 366428454,INTERSECTION_OR_GEOMETRY,10.8461097,106.7238907,UTRAFFIC-HCM-V6,SOURCE_COORDINATE,SOURCE_BACKED
UTR_NODE_366428456,UTraffic node 366428456,INTERSECTION_OR_GEOMETRY,10.8415062,106.7687324,UTRAFFIC-HCM-V6,SOURCE_COORDINATE,SOURCE_BACKED
UTR_NODE_366428671,UTraffic node 366428671,INTERSECTION_OR_GEOMETRY,10.8307684,106.7666869,UTRAFFIC-HCM-V6,SOURCE_COORDINATE,SOURCE_BACKED
UTR_NODE_366428704,UTraffic node 366428704,INTERSECTION_OR_GEOMETRY,10.8498162,106.7679112,UTRAFFIC-HCM-V6,SOURCE_COORDINATE,SOURCE_BACKED
UTR_NODE_366428705,UTraffic node 366428705,INTERSECTION_OR_GEOMETRY,10.8730603,106.7649346,UTRAFFIC-HCM-V6,SOURCE_COORDINATE,SOURCE_BACKED
UTR_NODE_366428762,UTraffic node 366428762,INTERSECTION_OR_GEOMETRY,10.8594365,106.7238226,UTRAFFIC-HCM-V6,SOURCE_COORDINATE,SOURCE_BACKED
UTR_NODE_366429140,UTraffic node 366429140,INTERSECTION_OR_GEOMETRY,10.8533479,106.7514466,UTRAFFIC-HCM-V6,SOURCE_COORDINATE,SOURCE_BACKED
UTR_NODE_366429230,UTraffic node 366429230,INTERSECTION_OR_GEOMETRY,10.8561154,106.7381646,UTRAFFIC-HCM-V6,SOURCE_COORDINATE,SOURCE_BACKED
UTR_NODE_366429255,UTraffic node 366429255,INTERSECTION_OR_GEOMETRY,10.8535274,106.7487942,UTRAFFIC-HCM-V6,SOURCE_COORDINATE,SOURCE_BACKED
UTR_NODE_366429442,UTraffic node 366429442,INTERSECTION_OR_GEOMETRY,10.8388920,106.7349542,UTRAFFIC-HCM-V6,SOURCE_COORDINATE,SOURCE_BACKED
UTR_NODE_366429736,UTraffic node 366429736,INTERSECTION_OR_GEOMETRY,10.8738414,106.7536562,UTRAFFIC-HCM-V6,SOURCE_COORDINATE,SOURCE_BACKED
UTR_NODE_366429992,UTraffic node 366429992,INTERSECTION_OR_GEOMETRY,10.8402252,106.7317963,UTRAFFIC-HCM-V6,SOURCE_COORDINATE,SOURCE_BACKED
UTR_NODE_366431152,UTraffic node 366431152,INTERSECTION_OR_GEOMETRY,10.8674487,106.7310030,UTRAFFIC-HCM-V6,SOURCE_COORDINATE,SOURCE_BACKED
UTR_NODE_366431406,UTraffic node 366431406,INTERSECTION_OR_GEOMETRY,10.8643008,106.7670591,UTRAFFIC-HCM-V6,SOURCE_COORDINATE,SOURCE_BACKED
UTR_NODE_366431626,UTraffic node 366431626,INTERSECTION_OR_GEOMETRY,10.8779214,106.7833880,UTRAFFIC-HCM-V6,SOURCE_COORDINATE,SOURCE_BACKED
UTR_NODE_366431787,UTraffic node 366431787,INTERSECTION_OR_GEOMETRY,10.8717491,106.7386023,UTRAFFIC-HCM-V6,SOURCE_COORDINATE,SOURCE_BACKED
UTR_NODE_366431795,UTraffic node 366431795,INTERSECTION_OR_GEOMETRY,10.8360422,106.7305701,UTRAFFIC-HCM-V6,SOURCE_COORDINATE,SOURCE_BACKED
UTR_NODE_366432443,UTraffic node 366432443,INTERSECTION_OR_GEOMETRY,10.8541431,106.7704406,UTRAFFIC-HCM-V6,SOURCE_COORDINATE,SOURCE_BACKED
UTR_NODE_366432507,UTraffic node 366432507,INTERSECTION_OR_GEOMETRY,10.8251425,106.7690576,UTRAFFIC-HCM-V6,SOURCE_COORDINATE,SOURCE_BACKED
UTR_NODE_366432640,UTraffic node 366432640,INTERSECTION_OR_GEOMETRY,10.8427839,106.7630703,UTRAFFIC-HCM-V6,SOURCE_COORDINATE,SOURCE_BACKED
UTR_NODE_366432771,UTraffic node 366432771,INTERSECTION_OR_GEOMETRY,10.8787500,106.7492187,UTRAFFIC-HCM-V6,SOURCE_COORDINATE,SOURCE_BACKED
UTR_NODE_366432919,UTraffic node 366432919,INTERSECTION_OR_GEOMETRY,10.8658106,106.7414148,UTRAFFIC-HCM-V6,SOURCE_COORDINATE,SOURCE_BACKED
UTR_NODE_366433298,UTraffic node 366433298,INTERSECTION_OR_GEOMETRY,10.8780944,106.7316057,UTRAFFIC-HCM-V6,SOURCE_COORDINATE,SOURCE_BACKED
UTR_NODE_366433600,UTraffic node 366433600,INTERSECTION_OR_GEOMETRY,10.8289795,106.7729123,UTRAFFIC-HCM-V6,SOURCE_COORDINATE,SOURCE_BACKED
UTR_NODE_366433754,UTraffic node 366433754,INTERSECTION_OR_GEOMETRY,10.8205336,106.7725467,UTRAFFIC-HCM-V6,SOURCE_COORDINATE,SOURCE_BACKED
UTR_NODE_366434074,UTraffic node 366434074,INTERSECTION_OR_GEOMETRY,10.8246905,106.7681684,UTRAFFIC-HCM-V6,SOURCE_COORDINATE,SOURCE_BACKED
UTR_NODE_366434188,UTraffic node 366434188,INTERSECTION_OR_GEOMETRY,10.8559840,106.7664779,UTRAFFIC-HCM-V6,SOURCE_COORDINATE,SOURCE_BACKED
UTR_NODE_366434311,UTraffic node 366434311,INTERSECTION_OR_GEOMETRY,10.8504044,106.7738812,UTRAFFIC-HCM-V6,SOURCE_COORDINATE,SOURCE_BACKED
UTR_NODE_366434472,UTraffic node 366434472,INTERSECTION_OR_GEOMETRY,10.8280156,106.7720685,UTRAFFIC-HCM-V6,SOURCE_COORDINATE,SOURCE_BACKED
UTR_NODE_366435022,UTraffic node 366435022,INTERSECTION_OR_GEOMETRY,10.8441469,106.7622466,UTRAFFIC-HCM-V6,SOURCE_COORDINATE,SOURCE_BACKED
UTR_NODE_366435241,UTraffic node 366435241,INTERSECTION_OR_GEOMETRY,10.8521583,106.7504903,UTRAFFIC-HCM-V6,SOURCE_COORDINATE,SOURCE_BACKED
UTR_NODE_366435411,UTraffic node 366435411,INTERSECTION_OR_GEOMETRY,10.8652968,106.7417337,UTRAFFIC-HCM-V6,SOURCE_COORDINATE,SOURCE_BACKED
UTR_NODE_366435765,UTraffic node 366435765,INTERSECTION_OR_GEOMETRY,10.8696117,106.7759487,UTRAFFIC-HCM-V6,SOURCE_COORDINATE,SOURCE_BACKED
UTR_NODE_366436117,UTraffic node 366436117,INTERSECTION_OR_GEOMETRY,10.8374319,106.7663876,UTRAFFIC-HCM-V6,SOURCE_COORDINATE,SOURCE_BACKED
UTR_NODE_366436676,UTraffic node 366436676,INTERSECTION_OR_GEOMETRY,10.8724705,106.7455902,UTRAFFIC-HCM-V6,SOURCE_COORDINATE,SOURCE_BACKED
UTR_NODE_366436746,UTraffic node 366436746,INTERSECTION_OR_GEOMETRY,10.8781222,106.7497419,UTRAFFIC-HCM-V6,SOURCE_COORDINATE,SOURCE_BACKED
UTR_NODE_366436977,UTraffic node 366436977,INTERSECTION_OR_GEOMETRY,10.8717061,106.7425493,UTRAFFIC-HCM-V6,SOURCE_COORDINATE,SOURCE_BACKED
UTR_NODE_366437455,UTraffic node 366437455,INTERSECTION_OR_GEOMETRY,10.8634559,106.7423313,UTRAFFIC-HCM-V6,SOURCE_COORDINATE,SOURCE_BACKED
UTR_NODE_366437727,UTraffic node 366437727,INTERSECTION_OR_GEOMETRY,10.8756382,106.7525277,UTRAFFIC-HCM-V6,SOURCE_COORDINATE,SOURCE_BACKED
UTR_NODE_366438017,UTraffic node 366438017,INTERSECTION_OR_GEOMETRY,10.8777741,106.7593083,UTRAFFIC-HCM-V6,SOURCE_COORDINATE,SOURCE_BACKED
UTR_NODE_366438163,UTraffic node 366438163,INTERSECTION_OR_GEOMETRY,10.8480742,106.7752265,UTRAFFIC-HCM-V6,SOURCE_COORDINATE,SOURCE_BACKED
UTR_NODE_366438230,UTraffic node 366438230,INTERSECTION_OR_GEOMETRY,10.8382467,106.7324281,UTRAFFIC-HCM-V6,SOURCE_COORDINATE,SOURCE_BACKED
UTR_NODE_366438264,UTraffic node 366438264,INTERSECTION_OR_GEOMETRY,10.8603482,106.7744412,UTRAFFIC-HCM-V6,SOURCE_COORDINATE,SOURCE_BACKED
UTR_NODE_366438506,UTraffic node 366438506,INTERSECTION_OR_GEOMETRY,10.8268031,106.7609852,UTRAFFIC-HCM-V6,SOURCE_COORDINATE,SOURCE_BACKED
UTR_NODE_366438757,UTraffic node 366438757,INTERSECTION_OR_GEOMETRY,10.8628415,106.7249648,UTRAFFIC-HCM-V6,SOURCE_COORDINATE,SOURCE_BACKED
UTR_NODE_366438887,UTraffic node 366438887,INTERSECTION_OR_GEOMETRY,10.8452151,106.7275007,UTRAFFIC-HCM-V6,SOURCE_COORDINATE,SOURCE_BACKED
UTR_NODE_366439221,UTraffic node 366439221,INTERSECTION_OR_GEOMETRY,10.8397378,106.7677324,UTRAFFIC-HCM-V6,SOURCE_COORDINATE,SOURCE_BACKED
UTR_NODE_366439444,UTraffic node 366439444,INTERSECTION_OR_GEOMETRY,10.8660484,106.7816929,UTRAFFIC-HCM-V6,SOURCE_COORDINATE,SOURCE_BACKED
UTR_NODE_366439486,UTraffic node 366439486,INTERSECTION_OR_GEOMETRY,10.8705759,106.7565658,UTRAFFIC-HCM-V6,SOURCE_COORDINATE,SOURCE_BACKED
UTR_NODE_366439618,UTraffic node 366439618,INTERSECTION_OR_GEOMETRY,10.8436725,106.7451207,UTRAFFIC-HCM-V6,SOURCE_COORDINATE,SOURCE_BACKED
UTR_NODE_366439776,UTraffic node 366439776,INTERSECTION_OR_GEOMETRY,10.8248223,106.7612247,UTRAFFIC-HCM-V6,SOURCE_COORDINATE,SOURCE_BACKED
UTR_NODE_366439807,UTraffic node 366439807,INTERSECTION_OR_GEOMETRY,10.8454687,106.7714892,UTRAFFIC-HCM-V6,SOURCE_COORDINATE,SOURCE_BACKED
UTR_NODE_366439883,UTraffic node 366439883,INTERSECTION_OR_GEOMETRY,10.8458468,106.7245500,UTRAFFIC-HCM-V6,SOURCE_COORDINATE,SOURCE_BACKED
UTR_NODE_366440118,UTraffic node 366440118,INTERSECTION_OR_GEOMETRY,10.8715367,106.7811447,UTRAFFIC-HCM-V6,SOURCE_COORDINATE,SOURCE_BACKED
UTR_NODE_366440286,UTraffic node 366440286,INTERSECTION_OR_GEOMETRY,10.8403410,106.7410124,UTRAFFIC-HCM-V6,SOURCE_COORDINATE,SOURCE_BACKED
UTR_NODE_366440329,UTraffic node 366440329,INTERSECTION_OR_GEOMETRY,10.8380610,106.7667660,UTRAFFIC-HCM-V6,SOURCE_COORDINATE,SOURCE_BACKED
UTR_NODE_366440710,UTraffic node 366440710,INTERSECTION_OR_GEOMETRY,10.8450257,106.7877191,UTRAFFIC-HCM-V6,SOURCE_COORDINATE,SOURCE_BACKED
UTR_NODE_366440747,UTraffic node 366440747,INTERSECTION_OR_GEOMETRY,10.8464150,106.7508791,UTRAFFIC-HCM-V6,SOURCE_COORDINATE,SOURCE_BACKED
UTR_NODE_366440897,UTraffic node 366440897,INTERSECTION_OR_GEOMETRY,10.8673898,106.7819048,UTRAFFIC-HCM-V6,SOURCE_COORDINATE,SOURCE_BACKED
UTR_NODE_366441302,UTraffic node 366441302,INTERSECTION_OR_GEOMETRY,10.8697425,106.7760159,UTRAFFIC-HCM-V6,SOURCE_COORDINATE,SOURCE_BACKED
UTR_NODE_366441452,UTraffic node 366441452,INTERSECTION_OR_GEOMETRY,10.8728185,106.7445100,UTRAFFIC-HCM-V6,SOURCE_COORDINATE,SOURCE_BACKED
UTR_NODE_366441488,UTraffic node 366441488,INTERSECTION_OR_GEOMETRY,10.8781664,106.7315577,UTRAFFIC-HCM-V6,SOURCE_COORDINATE,SOURCE_BACKED
UTR_NODE_366441929,UTraffic node 366441929,INTERSECTION_OR_GEOMETRY,10.8770279,106.7504777,UTRAFFIC-HCM-V6,SOURCE_COORDINATE,SOURCE_BACKED
UTR_NODE_366442085,UTraffic node 366442085,INTERSECTION_OR_GEOMETRY,10.8431130,106.7308708,UTRAFFIC-HCM-V6,SOURCE_COORDINATE,SOURCE_BACKED
UTR_NODE_366442135,UTraffic node 366442135,INTERSECTION_OR_GEOMETRY,10.8690981,106.7565083,UTRAFFIC-HCM-V6,SOURCE_COORDINATE,SOURCE_BACKED
UTR_NODE_366442171,UTraffic node 366442171,INTERSECTION_OR_GEOMETRY,10.8499886,106.7538088,UTRAFFIC-HCM-V6,SOURCE_COORDINATE,SOURCE_BACKED
UTR_NODE_366442274,UTraffic node 366442274,INTERSECTION_OR_GEOMETRY,10.8450502,106.7284891,UTRAFFIC-HCM-V6,SOURCE_COORDINATE,SOURCE_BACKED
UTR_NODE_366442400,UTraffic node 366442400,INTERSECTION_OR_GEOMETRY,10.8304587,106.7745698,UTRAFFIC-HCM-V6,SOURCE_COORDINATE,SOURCE_BACKED
UTR_NODE_366442418,UTraffic node 366442418,INTERSECTION_OR_GEOMETRY,10.8408077,106.7457449,UTRAFFIC-HCM-V6,SOURCE_COORDINATE,SOURCE_BACKED
UTR_NODE_366442459,UTraffic node 366442459,INTERSECTION_OR_GEOMETRY,10.8653079,106.7813785,UTRAFFIC-HCM-V6,SOURCE_COORDINATE,SOURCE_BACKED
UTR_NODE_366442572,UTraffic node 366442572,INTERSECTION_OR_GEOMETRY,10.8662411,106.7342475,UTRAFFIC-HCM-V6,SOURCE_COORDINATE,SOURCE_BACKED
UTR_NODE_366442733,UTraffic node 366442733,INTERSECTION_OR_GEOMETRY,10.8269710,106.7624366,UTRAFFIC-HCM-V6,SOURCE_COORDINATE,SOURCE_BACKED
UTR_NODE_366442819,UTraffic node 366442819,INTERSECTION_OR_GEOMETRY,10.8705353,106.7344380,UTRAFFIC-HCM-V6,SOURCE_COORDINATE,SOURCE_BACKED
UTR_NODE_366443014,UTraffic node 366443014,INTERSECTION_OR_GEOMETRY,10.8741188,106.7474536,UTRAFFIC-HCM-V6,SOURCE_COORDINATE,SOURCE_BACKED
UTR_NODE_366443146,UTraffic node 366443146,INTERSECTION_OR_GEOMETRY,10.8573262,106.7638468,UTRAFFIC-HCM-V6,SOURCE_COORDINATE,SOURCE_BACKED
UTR_NODE_366443438,UTraffic node 366443438,INTERSECTION_OR_GEOMETRY,10.8327331,106.7776829,UTRAFFIC-HCM-V6,SOURCE_COORDINATE,SOURCE_BACKED
UTR_NODE_366443446,UTraffic node 366443446,INTERSECTION_OR_GEOMETRY,10.8606651,106.7458633,UTRAFFIC-HCM-V6,SOURCE_COORDINATE,SOURCE_BACKED
UTR_NODE_366443524,UTraffic node 366443524,INTERSECTION_OR_GEOMETRY,10.8553138,106.7556289,UTRAFFIC-HCM-V6,SOURCE_COORDINATE,SOURCE_BACKED
UTR_NODE_366443806,UTraffic node 366443806,INTERSECTION_OR_GEOMETRY,10.8724837,106.7439870,UTRAFFIC-HCM-V6,SOURCE_COORDINATE,SOURCE_BACKED
UTR_NODE_366444178,UTraffic node 366444178,INTERSECTION_OR_GEOMETRY,10.8516274,106.7532940,UTRAFFIC-HCM-V6,SOURCE_COORDINATE,SOURCE_BACKED
UTR_NODE_366445307,UTraffic node 366445307,INTERSECTION_OR_GEOMETRY,10.8405256,106.7416922,UTRAFFIC-HCM-V6,SOURCE_COORDINATE,SOURCE_BACKED
UTR_NODE_366445340,UTraffic node 366445340,INTERSECTION_OR_GEOMETRY,10.8576608,106.7771151,UTRAFFIC-HCM-V6,SOURCE_COORDINATE,SOURCE_BACKED
UTR_NODE_366445385,UTraffic node 366445385,INTERSECTION_OR_GEOMETRY,10.8453177,106.7799901,UTRAFFIC-HCM-V6,SOURCE_COORDINATE,SOURCE_BACKED
UTR_NODE_366445472,UTraffic node 366445472,INTERSECTION_OR_GEOMETRY,10.8562658,106.7226290,UTRAFFIC-HCM-V6,SOURCE_COORDINATE,SOURCE_BACKED
UTR_NODE_366445482,UTraffic node 366445482,INTERSECTION_OR_GEOMETRY,10.8734154,106.7538983,UTRAFFIC-HCM-V6,SOURCE_COORDINATE,SOURCE_BACKED
UTR_NODE_366445597,UTraffic node 366445597,INTERSECTION_OR_GEOMETRY,10.8264006,106.7804711,UTRAFFIC-HCM-V6,SOURCE_COORDINATE,SOURCE_BACKED
UTR_NODE_366445750,UTraffic node 366445750,INTERSECTION_OR_GEOMETRY,10.8510768,106.7741879,UTRAFFIC-HCM-V6,SOURCE_COORDINATE,SOURCE_BACKED
UTR_NODE_366445885,UTraffic node 366445885,INTERSECTION_OR_GEOMETRY,10.8623336,106.7249217,UTRAFFIC-HCM-V6,SOURCE_COORDINATE,SOURCE_BACKED
UTR_NODE_366445971,UTraffic node 366445971,INTERSECTION_OR_GEOMETRY,10.8761323,106.7319478,UTRAFFIC-HCM-V6,SOURCE_COORDINATE,SOURCE_BACKED
UTR_NODE_366446239,UTraffic node 366446239,INTERSECTION_OR_GEOMETRY,10.8256126,106.7664573,UTRAFFIC-HCM-V6,SOURCE_COORDINATE,SOURCE_BACKED
UTR_NODE_366446395,UTraffic node 366446395,INTERSECTION_OR_GEOMETRY,10.8257328,106.7661400,UTRAFFIC-HCM-V6,SOURCE_COORDINATE,SOURCE_BACKED
UTR_NODE_366446455,UTraffic node 366446455,INTERSECTION_OR_GEOMETRY,10.8538764,106.7806659,UTRAFFIC-HCM-V6,SOURCE_COORDINATE,SOURCE_BACKED
UTR_NODE_366446694,UTraffic node 366446694,INTERSECTION_OR_GEOMETRY,10.8651244,106.7417965,UTRAFFIC-HCM-V6,SOURCE_COORDINATE,SOURCE_BACKED
UTR_NODE_366446987,UTraffic node 366446987,INTERSECTION_OR_GEOMETRY,10.8273046,106.7707447,UTRAFFIC-HCM-V6,SOURCE_COORDINATE,SOURCE_BACKED
UTR_NODE_366447118,UTraffic node 366447118,INTERSECTION_OR_GEOMETRY,10.8676964,106.7819552,UTRAFFIC-HCM-V6,SOURCE_COORDINATE,SOURCE_BACKED
UTR_NODE_366447283,UTraffic node 366447283,INTERSECTION_OR_GEOMETRY,10.8446561,106.7297959,UTRAFFIC-HCM-V6,SOURCE_COORDINATE,SOURCE_BACKED
UTR_NODE_366447659,UTraffic node 366447659,INTERSECTION_OR_GEOMETRY,10.8444365,106.7853873,UTRAFFIC-HCM-V6,SOURCE_COORDINATE,SOURCE_BACKED
UTR_NODE_366447877,UTraffic node 366447877,INTERSECTION_OR_GEOMETRY,10.8795858,106.7840203,UTRAFFIC-HCM-V6,SOURCE_COORDINATE,SOURCE_BACKED
UTR_NODE_366447948,UTraffic node 366447948,INTERSECTION_OR_GEOMETRY,10.8426124,106.7310296,UTRAFFIC-HCM-V6,SOURCE_COORDINATE,SOURCE_BACKED
UTR_NODE_366448065,UTraffic node 366448065,INTERSECTION_OR_GEOMETRY,10.8225261,106.7800877,UTRAFFIC-HCM-V6,SOURCE_COORDINATE,SOURCE_BACKED
UTR_NODE_366448154,UTraffic node 366448154,INTERSECTION_OR_GEOMETRY,10.8523373,106.7529428,UTRAFFIC-HCM-V6,SOURCE_COORDINATE,SOURCE_BACKED
UTR_NODE_366448278,UTraffic node 366448278,INTERSECTION_OR_GEOMETRY,10.8445038,106.7300775,UTRAFFIC-HCM-V6,SOURCE_COORDINATE,SOURCE_BACKED
UTR_NODE_366448285,UTraffic node 366448285,INTERSECTION_OR_GEOMETRY,10.8505759,106.7597097,UTRAFFIC-HCM-V6,SOURCE_COORDINATE,SOURCE_BACKED
UTR_NODE_366448295,UTraffic node 366448295,INTERSECTION_OR_GEOMETRY,10.8462900,106.7782644,UTRAFFIC-HCM-V6,SOURCE_COORDINATE,SOURCE_BACKED
UTR_NODE_366448327,UTraffic node 366448327,INTERSECTION_OR_GEOMETRY,10.8600436,106.7752188,UTRAFFIC-HCM-V6,SOURCE_COORDINATE,SOURCE_BACKED
UTR_NODE_366448444,UTraffic node 366448444,INTERSECTION_OR_GEOMETRY,10.8648880,106.7616156,UTRAFFIC-HCM-V6,SOURCE_COORDINATE,SOURCE_BACKED
UTR_NODE_366448629,UTraffic node 366448629,INTERSECTION_OR_GEOMETRY,10.8240849,106.7693127,UTRAFFIC-HCM-V6,SOURCE_COORDINATE,SOURCE_BACKED
UTR_NODE_366448672,UTraffic node 366448672,INTERSECTION_OR_GEOMETRY,10.8681825,106.7358116,UTRAFFIC-HCM-V6,SOURCE_COORDINATE,SOURCE_BACKED
UTR_NODE_366448720,UTraffic node 366448720,INTERSECTION_OR_GEOMETRY,10.8521555,106.7530199,UTRAFFIC-HCM-V6,SOURCE_COORDINATE,SOURCE_BACKED
UTR_NODE_366448837,UTraffic node 366448837,INTERSECTION_OR_GEOMETRY,10.8630416,106.7249476,UTRAFFIC-HCM-V6,SOURCE_COORDINATE,SOURCE_BACKED
UTR_NODE_366449145,UTraffic node 366449145,INTERSECTION_OR_GEOMETRY,10.8497041,106.7710929,UTRAFFIC-HCM-V6,SOURCE_COORDINATE,SOURCE_BACKED
UTR_NODE_366449228,UTraffic node 366449228,INTERSECTION_OR_GEOMETRY,10.8471814,106.7766878,UTRAFFIC-HCM-V6,SOURCE_COORDINATE,SOURCE_BACKED
UTR_NODE_366449374,UTraffic node 366449374,INTERSECTION_OR_GEOMETRY,10.8548394,106.7823241,UTRAFFIC-HCM-V6,SOURCE_COORDINATE,SOURCE_BACKED
UTR_NODE_366449407,UTraffic node 366449407,INTERSECTION_OR_GEOMETRY,10.8510644,106.7517702,UTRAFFIC-HCM-V6,SOURCE_COORDINATE,SOURCE_BACKED
UTR_NODE_366449430,UTraffic node 366449430,INTERSECTION_OR_GEOMETRY,10.8229092,106.7610157,UTRAFFIC-HCM-V6,SOURCE_COORDINATE,SOURCE_BACKED
UTR_NODE_366449522,UTraffic node 366449522,INTERSECTION_OR_GEOMETRY,10.8684501,106.7628366,UTRAFFIC-HCM-V6,SOURCE_COORDINATE,SOURCE_BACKED
UTR_NODE_366449576,UTraffic node 366449576,INTERSECTION_OR_GEOMETRY,10.8790295,106.7617830,UTRAFFIC-HCM-V6,SOURCE_COORDINATE,SOURCE_BACKED
UTR_NODE_366449798,UTraffic node 366449798,INTERSECTION_OR_GEOMETRY,10.8778872,106.7251143,UTRAFFIC-HCM-V6,SOURCE_COORDINATE,SOURCE_BACKED
UTR_NODE_366450040,UTraffic node 366450040,INTERSECTION_OR_GEOMETRY,10.8506516,106.7652910,UTRAFFIC-HCM-V6,SOURCE_COORDINATE,SOURCE_BACKED
UTR_NODE_366450125,UTraffic node 366450125,INTERSECTION_OR_GEOMETRY,10.8382661,106.7669030,UTRAFFIC-HCM-V6,SOURCE_COORDINATE,SOURCE_BACKED
UTR_NODE_366450208,UTraffic node 366450208,INTERSECTION_OR_GEOMETRY,10.8638603,106.7685146,UTRAFFIC-HCM-V6,SOURCE_COORDINATE,SOURCE_BACKED
UTR_NODE_366450612,UTraffic node 366450612,INTERSECTION_OR_GEOMETRY,10.8231074,106.7804741,UTRAFFIC-HCM-V6,SOURCE_COORDINATE,SOURCE_BACKED
UTR_NODE_366450784,UTraffic node 366450784,INTERSECTION_OR_GEOMETRY,10.8442367,106.7702408,UTRAFFIC-HCM-V6,SOURCE_COORDINATE,SOURCE_BACKED
UTR_NODE_366450958,UTraffic node 366450958,INTERSECTION_OR_GEOMETRY,10.8659778,106.7410889,UTRAFFIC-HCM-V6,SOURCE_COORDINATE,SOURCE_BACKED
UTR_NODE_366451012,UTraffic node 366451012,INTERSECTION_OR_GEOMETRY,10.8497623,106.7682294,UTRAFFIC-HCM-V6,SOURCE_COORDINATE,SOURCE_BACKED
UTR_NODE_366451342,UTraffic node 366451342,INTERSECTION_OR_GEOMETRY,10.8348730,106.7824611,UTRAFFIC-HCM-V6,SOURCE_COORDINATE,SOURCE_BACKED
UTR_NODE_366451416,UTraffic node 366451416,INTERSECTION_OR_GEOMETRY,10.8667146,106.7268955,UTRAFFIC-HCM-V6,SOURCE_COORDINATE,SOURCE_BACKED
UTR_NODE_366451711,UTraffic node 366451711,INTERSECTION_OR_GEOMETRY,10.8638549,106.7246633,UTRAFFIC-HCM-V6,SOURCE_COORDINATE,SOURCE_BACKED
UTR_NODE_366452155,UTraffic node 366452155,INTERSECTION_OR_GEOMETRY,10.8469007,106.7772278,UTRAFFIC-HCM-V6,SOURCE_COORDINATE,SOURCE_BACKED
UTR_NODE_366452224,UTraffic node 366452224,INTERSECTION_OR_GEOMETRY,10.8264932,106.7618554,UTRAFFIC-HCM-V6,SOURCE_COORDINATE,SOURCE_BACKED
UTR_NODE_366452350,UTraffic node 366452350,INTERSECTION_OR_GEOMETRY,10.8661250,106.7396064,UTRAFFIC-HCM-V6,SOURCE_COORDINATE,SOURCE_BACKED
UTR_NODE_366452432,UTraffic node 366452432,INTERSECTION_OR_GEOMETRY,10.8420349,106.7698263,UTRAFFIC-HCM-V6,SOURCE_COORDINATE,SOURCE_BACKED
UTR_NODE_366452505,UTraffic node 366452505,INTERSECTION_OR_GEOMETRY,10.8293545,106.7222914,UTRAFFIC-HCM-V6,SOURCE_COORDINATE,SOURCE_BACKED
UTR_NODE_366453301,UTraffic node 366453301,INTERSECTION_OR_GEOMETRY,10.8418611,106.7637712,UTRAFFIC-HCM-V6,SOURCE_COORDINATE,SOURCE_BACKED
UTR_NODE_366453322,UTraffic node 366453322,INTERSECTION_OR_GEOMETRY,10.8475655,106.7521248,UTRAFFIC-HCM-V6,SOURCE_COORDINATE,SOURCE_BACKED
UTR_NODE_366453496,UTraffic node 366453496,INTERSECTION_OR_GEOMETRY,10.8682125,106.7336853,UTRAFFIC-HCM-V6,SOURCE_COORDINATE,SOURCE_BACKED
UTR_NODE_366453634,UTraffic node 366453634,INTERSECTION_OR_GEOMETRY,10.8552027,106.7353111,UTRAFFIC-HCM-V6,SOURCE_COORDINATE,SOURCE_BACKED
UTR_NODE_366454280,UTraffic node 366454280,INTERSECTION_OR_GEOMETRY,10.8634184,106.7454883,UTRAFFIC-HCM-V6,SOURCE_COORDINATE,SOURCE_BACKED
UTR_NODE_366454364,UTraffic node 366454364,INTERSECTION_OR_GEOMETRY,10.8719379,106.7430833,UTRAFFIC-HCM-V6,SOURCE_COORDINATE,SOURCE_BACKED
UTR_NODE_366454883,UTraffic node 366454883,INTERSECTION_OR_GEOMETRY,10.8252069,106.7800430,UTRAFFIC-HCM-V6,SOURCE_COORDINATE,SOURCE_BACKED
UTR_NODE_366455233,UTraffic node 366455233,INTERSECTION_OR_GEOMETRY,10.8279075,106.7718966,UTRAFFIC-HCM-V6,SOURCE_COORDINATE,SOURCE_BACKED
UTR_NODE_366455368,UTraffic node 366455368,INTERSECTION_OR_GEOMETRY,10.8385022,106.7454604,UTRAFFIC-HCM-V6,SOURCE_COORDINATE,SOURCE_BACKED
UTR_NODE_366455821,UTraffic node 366455821,INTERSECTION_OR_GEOMETRY,10.8455724,106.7254848,UTRAFFIC-HCM-V6,SOURCE_COORDINATE,SOURCE_BACKED
UTR_NODE_366455881,UTraffic node 366455881,INTERSECTION_OR_GEOMETRY,10.8304925,106.7237512,UTRAFFIC-HCM-V6,SOURCE_COORDINATE,SOURCE_BACKED
UTR_NODE_366455944,UTraffic node 366455944,INTERSECTION_OR_GEOMETRY,10.8772691,106.7319664,UTRAFFIC-HCM-V6,SOURCE_COORDINATE,SOURCE_BACKED
UTR_NODE_366455980,UTraffic node 366455980,INTERSECTION_OR_GEOMETRY,10.8638000,106.7805798,UTRAFFIC-HCM-V6,SOURCE_COORDINATE,SOURCE_BACKED
UTR_NODE_366456025,UTraffic node 366456025,INTERSECTION_OR_GEOMETRY,10.8720559,106.7432851,UTRAFFIC-HCM-V6,SOURCE_COORDINATE,SOURCE_BACKED
UTR_NODE_366456574,UTraffic node 366456574,INTERSECTION_OR_GEOMETRY,10.8557659,106.7838587,UTRAFFIC-HCM-V6,SOURCE_COORDINATE,SOURCE_BACKED
UTR_NODE_366456937,UTraffic node 366456937,INTERSECTION_OR_GEOMETRY,10.8377644,106.7325841,UTRAFFIC-HCM-V6,SOURCE_COORDINATE,SOURCE_BACKED
UTR_NODE_366456948,UTraffic node 366456948,INTERSECTION_OR_GEOMETRY,10.8212230,106.7721100,UTRAFFIC-HCM-V6,SOURCE_COORDINATE,SOURCE_BACKED
UTR_NODE_366457374,UTraffic node 366457374,INTERSECTION_OR_GEOMETRY,10.8506160,106.7543315,UTRAFFIC-HCM-V6,SOURCE_COORDINATE,SOURCE_BACKED
UTR_NODE_366457422,UTraffic node 366457422,INTERSECTION_OR_GEOMETRY,10.8795020,106.7615641,UTRAFFIC-HCM-V6,SOURCE_COORDINATE,SOURCE_BACKED
UTR_NODE_366457693,UTraffic node 366457693,INTERSECTION_OR_GEOMETRY,10.8668913,106.7354650,UTRAFFIC-HCM-V6,SOURCE_COORDINATE,SOURCE_BACKED
UTR_NODE_366457825,UTraffic node 366457825,INTERSECTION_OR_GEOMETRY,10.8457678,106.7614455,UTRAFFIC-HCM-V6,SOURCE_COORDINATE,SOURCE_BACKED
UTR_NODE_366457893,UTraffic node 366457893,INTERSECTION_OR_GEOMETRY,10.8476626,106.7758200,UTRAFFIC-HCM-V6,SOURCE_COORDINATE,SOURCE_BACKED
UTR_NODE_366457907,UTraffic node 366457907,INTERSECTION_OR_GEOMETRY,10.8666964,106.7383712,UTRAFFIC-HCM-V6,SOURCE_COORDINATE,SOURCE_BACKED
UTR_NODE_366458287,UTraffic node 366458287,INTERSECTION_OR_GEOMETRY,10.8799049,106.7651860,UTRAFFIC-HCM-V6,SOURCE_COORDINATE,SOURCE_BACKED
UTR_NODE_366458360,UTraffic node 366458360,INTERSECTION_OR_GEOMETRY,10.8747579,106.7313438,UTRAFFIC-HCM-V6,SOURCE_COORDINATE,SOURCE_BACKED
UTR_NODE_366458715,UTraffic node 366458715,INTERSECTION_OR_GEOMETRY,10.8543545,106.7330526,UTRAFFIC-HCM-V6,SOURCE_COORDINATE,SOURCE_BACKED
UTR_NODE_366458730,UTraffic node 366458730,INTERSECTION_OR_GEOMETRY,10.8691872,106.7362714,UTRAFFIC-HCM-V6,SOURCE_COORDINATE,SOURCE_BACKED
UTR_NODE_366459049,UTraffic node 366459049,INTERSECTION_OR_GEOMETRY,10.8485144,106.7291288,UTRAFFIC-HCM-V6,SOURCE_COORDINATE,SOURCE_BACKED
UTR_NODE_366459128,UTraffic node 366459128,INTERSECTION_OR_GEOMETRY,10.8762143,106.7508887,UTRAFFIC-HCM-V6,SOURCE_COORDINATE,SOURCE_BACKED
UTR_NODE_366459296,UTraffic node 366459296,INTERSECTION_OR_GEOMETRY,10.8473231,106.7216731,UTRAFFIC-HCM-V6,SOURCE_COORDINATE,SOURCE_BACKED
UTR_NODE_366459387,UTraffic node 366459387,INTERSECTION_OR_GEOMETRY,10.8735562,106.7295686,UTRAFFIC-HCM-V6,SOURCE_COORDINATE,SOURCE_BACKED
UTR_NODE_366459572,UTraffic node 366459572,INTERSECTION_OR_GEOMETRY,10.8740594,106.7304530,UTRAFFIC-HCM-V6,SOURCE_COORDINATE,SOURCE_BACKED
UTR_NODE_366459708,UTraffic node 366459708,INTERSECTION_OR_GEOMETRY,10.8421583,106.7634728,UTRAFFIC-HCM-V6,SOURCE_COORDINATE,SOURCE_BACKED
UTR_NODE_366459749,UTraffic node 366459749,INTERSECTION_OR_GEOMETRY,10.8466499,106.7462758,UTRAFFIC-HCM-V6,SOURCE_COORDINATE,SOURCE_BACKED
UTR_NODE_366459876,UTraffic node 366459876,INTERSECTION_OR_GEOMETRY,10.8346289,106.7668473,UTRAFFIC-HCM-V6,SOURCE_COORDINATE,SOURCE_BACKED
UTR_NODE_366460033,UTraffic node 366460033,INTERSECTION_OR_GEOMETRY,10.8643839,106.7734113,UTRAFFIC-HCM-V6,SOURCE_COORDINATE,SOURCE_BACKED
UTR_NODE_366460221,UTraffic node 366460221,INTERSECTION_OR_GEOMETRY,10.8465413,106.7724234,UTRAFFIC-HCM-V6,SOURCE_COORDINATE,SOURCE_BACKED
UTR_NODE_366460592,UTraffic node 366460592,INTERSECTION_OR_GEOMETRY,10.8613822,106.7610056,UTRAFFIC-HCM-V6,SOURCE_COORDINATE,SOURCE_BACKED
UTR_NODE_366460693,UTraffic node 366460693,INTERSECTION_OR_GEOMETRY,10.8733643,106.7450261,UTRAFFIC-HCM-V6,SOURCE_COORDINATE,SOURCE_BACKED
UTR_NODE_366460927,UTraffic node 366460927,INTERSECTION_OR_GEOMETRY,10.8554609,106.7670595,UTRAFFIC-HCM-V6,SOURCE_COORDINATE,SOURCE_BACKED
UTR_NODE_366461014,UTraffic node 366461014,INTERSECTION_OR_GEOMETRY,10.8477266,106.7731348,UTRAFFIC-HCM-V6,SOURCE_COORDINATE,SOURCE_BACKED
UTR_NODE_366461039,UTraffic node 366461039,INTERSECTION_OR_GEOMETRY,10.8748930,106.7318521,UTRAFFIC-HCM-V6,SOURCE_COORDINATE,SOURCE_BACKED
UTR_NODE_366461120,UTraffic node 366461120,INTERSECTION_OR_GEOMETRY,10.8549708,106.7732593,UTRAFFIC-HCM-V6,SOURCE_COORDINATE,SOURCE_BACKED
UTR_NODE_366461598,UTraffic node 366461598,INTERSECTION_OR_GEOMETRY,10.8455070,106.7257289,UTRAFFIC-HCM-V6,SOURCE_COORDINATE,SOURCE_BACKED
UTR_NODE_366461787,UTraffic node 366461787,INTERSECTION_OR_GEOMETRY,10.8259150,106.7614245,UTRAFFIC-HCM-V6,SOURCE_COORDINATE,SOURCE_BACKED
UTR_NODE_366462224,UTraffic node 366462224,INTERSECTION_OR_GEOMETRY,10.8774366,106.7319458,UTRAFFIC-HCM-V6,SOURCE_COORDINATE,SOURCE_BACKED
UTR_NODE_366462552,UTraffic node 366462552,INTERSECTION_OR_GEOMETRY,10.8506741,106.7739873,UTRAFFIC-HCM-V6,SOURCE_COORDINATE,SOURCE_BACKED
UTR_NODE_366462798,UTraffic node 366462798,INTERSECTION_OR_GEOMETRY,10.8655633,106.7619575,UTRAFFIC-HCM-V6,SOURCE_COORDINATE,SOURCE_BACKED
UTR_NODE_366462952,UTraffic node 366462952,INTERSECTION_OR_GEOMETRY,10.8743255,106.7307246,UTRAFFIC-HCM-V6,SOURCE_COORDINATE,SOURCE_BACKED
UTR_NODE_366463208,UTraffic node 366463208,INTERSECTION_OR_GEOMETRY,10.8504341,106.7545053,UTRAFFIC-HCM-V6,SOURCE_COORDINATE,SOURCE_BACKED
UTR_NODE_366463615,UTraffic node 366463615,INTERSECTION_OR_GEOMETRY,10.8676086,106.7373193,UTRAFFIC-HCM-V6,SOURCE_COORDINATE,SOURCE_BACKED
UTR_NODE_366463672,UTraffic node 366463672,INTERSECTION_OR_GEOMETRY,10.8792332,106.7633787,UTRAFFIC-HCM-V6,SOURCE_COORDINATE,SOURCE_BACKED
UTR_NODE_366463966,UTraffic node 366463966,INTERSECTION_OR_GEOMETRY,10.8216711,106.7796081,UTRAFFIC-HCM-V6,SOURCE_COORDINATE,SOURCE_BACKED
UTR_NODE_366464035,UTraffic node 366464035,INTERSECTION_OR_GEOMETRY,10.8376731,106.7326352,UTRAFFIC-HCM-V6,SOURCE_COORDINATE,SOURCE_BACKED
UTR_NODE_366464053,UTraffic node 366464053,INTERSECTION_OR_GEOMETRY,10.8629315,106.7428922,UTRAFFIC-HCM-V6,SOURCE_COORDINATE,SOURCE_BACKED
UTR_NODE_366464322,UTraffic node 366464322,INTERSECTION_OR_GEOMETRY,10.8330832,106.7644625,UTRAFFIC-HCM-V6,SOURCE_COORDINATE,SOURCE_BACKED
UTR_NODE_366464406,UTraffic node 366464406,INTERSECTION_OR_GEOMETRY,10.8321715,106.7639563,UTRAFFIC-HCM-V6,SOURCE_COORDINATE,SOURCE_BACKED
UTR_NODE_366464511,UTraffic node 366464511,INTERSECTION_OR_GEOMETRY,10.8661988,106.7390324,UTRAFFIC-HCM-V6,SOURCE_COORDINATE,SOURCE_BACKED
UTR_NODE_366464565,UTraffic node 366464565,INTERSECTION_OR_GEOMETRY,10.8278378,106.7818385,UTRAFFIC-HCM-V6,SOURCE_COORDINATE,SOURCE_BACKED
UTR_NODE_366464646,UTraffic node 366464646,INTERSECTION_OR_GEOMETRY,10.8752694,106.7275642,UTRAFFIC-HCM-V6,SOURCE_COORDINATE,SOURCE_BACKED
UTR_NODE_366465110,UTraffic node 366465110,INTERSECTION_OR_GEOMETRY,10.8298828,106.7230401,UTRAFFIC-HCM-V6,SOURCE_COORDINATE,SOURCE_BACKED
UTR_NODE_366465138,UTraffic node 366465138,INTERSECTION_OR_GEOMETRY,10.8299052,106.7830877,UTRAFFIC-HCM-V6,SOURCE_COORDINATE,SOURCE_BACKED
UTR_NODE_366465183,UTraffic node 366465183,INTERSECTION_OR_GEOMETRY,10.8512781,106.7536329,UTRAFFIC-HCM-V6,SOURCE_COORDINATE,SOURCE_BACKED
UTR_NODE_366465194,UTraffic node 366465194,INTERSECTION_OR_GEOMETRY,10.8540511,106.7712088,UTRAFFIC-HCM-V6,SOURCE_COORDINATE,SOURCE_BACKED
UTR_NODE_366465275,UTraffic node 366465275,INTERSECTION_OR_GEOMETRY,10.8765595,106.7262964,UTRAFFIC-HCM-V6,SOURCE_COORDINATE,SOURCE_BACKED
UTR_NODE_366465422,UTraffic node 366465422,INTERSECTION_OR_GEOMETRY,10.8585202,106.7588963,UTRAFFIC-HCM-V6,SOURCE_COORDINATE,SOURCE_BACKED
UTR_NODE_366465432,UTraffic node 366465432,INTERSECTION_OR_GEOMETRY,10.8290541,106.7217648,UTRAFFIC-HCM-V6,SOURCE_COORDINATE,SOURCE_BACKED
UTR_NODE_366465955,UTraffic node 366465955,INTERSECTION_OR_GEOMETRY,10.8770600,106.7258575,UTRAFFIC-HCM-V6,SOURCE_COORDINATE,SOURCE_BACKED
UTR_NODE_366466133,UTraffic node 366466133,INTERSECTION_OR_GEOMETRY,10.8745973,106.7311165,UTRAFFIC-HCM-V6,SOURCE_COORDINATE,SOURCE_BACKED
UTR_NODE_366466363,UTraffic node 366466363,INTERSECTION_OR_GEOMETRY,10.8451380,106.7713170,UTRAFFIC-HCM-V6,SOURCE_COORDINATE,SOURCE_BACKED
UTR_NODE_366466424,UTraffic node 366466424,INTERSECTION_OR_GEOMETRY,10.8684412,106.7352291,UTRAFFIC-HCM-V6,SOURCE_COORDINATE,SOURCE_BACKED
UTR_NODE_366466617,UTraffic node 366466617,INTERSECTION_OR_GEOMETRY,10.8723491,106.7545583,UTRAFFIC-HCM-V6,SOURCE_COORDINATE,SOURCE_BACKED
UTR_NODE_366467119,UTraffic node 366467119,INTERSECTION_OR_GEOMETRY,10.8690596,106.7631714,UTRAFFIC-HCM-V6,SOURCE_COORDINATE,SOURCE_BACKED
UTR_NODE_366467730,UTraffic node 366467730,INTERSECTION_OR_GEOMETRY,10.8334497,106.7641588,UTRAFFIC-HCM-V6,SOURCE_COORDINATE,SOURCE_BACKED
UTR_NODE_366467790,UTraffic node 366467790,INTERSECTION_OR_GEOMETRY,10.8504858,106.7669872,UTRAFFIC-HCM-V6,SOURCE_COORDINATE,SOURCE_BACKED
UTR_NODE_366467815,UTraffic node 366467815,INTERSECTION_OR_GEOMETRY,10.8339507,106.7644440,UTRAFFIC-HCM-V6,SOURCE_COORDINATE,SOURCE_BACKED
UTR_NODE_366468017,UTraffic node 366468017,INTERSECTION_OR_GEOMETRY,10.8289000,106.7646354,UTRAFFIC-HCM-V6,SOURCE_COORDINATE,SOURCE_BACKED
UTR_NODE_366468474,UTraffic node 366468474,INTERSECTION_OR_GEOMETRY,10.8473545,106.7518888,UTRAFFIC-HCM-V6,SOURCE_COORDINATE,SOURCE_BACKED
UTR_NODE_366468492,UTraffic node 366468492,INTERSECTION_OR_GEOMETRY,10.8567442,106.7762561,UTRAFFIC-HCM-V6,SOURCE_COORDINATE,SOURCE_BACKED
UTR_NODE_366469349,UTraffic node 366469349,INTERSECTION_OR_GEOMETRY,10.8541035,106.7708843,UTRAFFIC-HCM-V6,SOURCE_COORDINATE,SOURCE_BACKED
UTR_NODE_366469445,UTraffic node 366469445,INTERSECTION_OR_GEOMETRY,10.8412725,106.7462156,UTRAFFIC-HCM-V6,SOURCE_COORDINATE,SOURCE_BACKED
UTR_NODE_366469455,UTraffic node 366469455,INTERSECTION_OR_GEOMETRY,10.8332633,106.7792205,UTRAFFIC-HCM-V6,SOURCE_COORDINATE,SOURCE_BACKED
UTR_NODE_366469460,UTraffic node 366469460,INTERSECTION_OR_GEOMETRY,10.8786500,106.7619572,UTRAFFIC-HCM-V6,SOURCE_COORDINATE,SOURCE_BACKED
UTR_NODE_366469481,UTraffic node 366469481,INTERSECTION_OR_GEOMETRY,10.8543474,106.7729820,UTRAFFIC-HCM-V6,SOURCE_COORDINATE,SOURCE_BACKED
UTR_NODE_366469594,UTraffic node 366469594,INTERSECTION_OR_GEOMETRY,10.8279024,106.7634586,UTRAFFIC-HCM-V6,SOURCE_COORDINATE,SOURCE_BACKED
UTR_NODE_366469717,UTraffic node 366469717,INTERSECTION_OR_GEOMETRY,10.8723690,106.7438259,UTRAFFIC-HCM-V6,SOURCE_COORDINATE,SOURCE_BACKED
UTR_NODE_366469999,UTraffic node 366469999,INTERSECTION_OR_GEOMETRY,10.8548530,106.7507816,UTRAFFIC-HCM-V6,SOURCE_COORDINATE,SOURCE_BACKED
UTR_NODE_366470441,UTraffic node 366470441,INTERSECTION_OR_GEOMETRY,10.8510238,106.7518279,UTRAFFIC-HCM-V6,SOURCE_COORDINATE,SOURCE_BACKED
UTR_NODE_366470514,UTraffic node 366470514,INTERSECTION_OR_GEOMETRY,10.8541498,106.7701691,UTRAFFIC-HCM-V6,SOURCE_COORDINATE,SOURCE_BACKED
UTR_NODE_366470835,UTraffic node 366470835,INTERSECTION_OR_GEOMETRY,10.8573164,106.7768972,UTRAFFIC-HCM-V6,SOURCE_COORDINATE,SOURCE_BACKED
UTR_NODE_366471346,UTraffic node 366471346,INTERSECTION_OR_GEOMETRY,10.8643240,106.7420101,UTRAFFIC-HCM-V6,SOURCE_COORDINATE,SOURCE_BACKED
UTR_NODE_366471734,UTraffic node 366471734,INTERSECTION_OR_GEOMETRY,10.8525073,106.7299492,UTRAFFIC-HCM-V6,SOURCE_COORDINATE,SOURCE_BACKED
UTR_NODE_366471773,UTraffic node 366471773,INTERSECTION_OR_GEOMETRY,10.8746889,106.7587004,UTRAFFIC-HCM-V6,SOURCE_COORDINATE,SOURCE_BACKED
UTR_NODE_366472293,UTraffic node 366472293,INTERSECTION_OR_GEOMETRY,10.8503372,106.7673061,UTRAFFIC-HCM-V6,SOURCE_COORDINATE,SOURCE_BACKED
UTR_NODE_366472351,UTraffic node 366472351,INTERSECTION_OR_GEOMETRY,10.8312392,106.7678124,UTRAFFIC-HCM-V6,SOURCE_COORDINATE,SOURCE_BACKED
UTR_NODE_366472806,UTraffic node 366472806,INTERSECTION_OR_GEOMETRY,10.8333879,106.7783568,UTRAFFIC-HCM-V6,SOURCE_COORDINATE,SOURCE_BACKED
UTR_NODE_366473901,UTraffic node 366473901,INTERSECTION_OR_GEOMETRY,10.8703562,106.7340880,UTRAFFIC-HCM-V6,SOURCE_COORDINATE,SOURCE_BACKED
UTR_NODE_366474213,UTraffic node 366474213,INTERSECTION_OR_GEOMETRY,10.8310711,106.7628395,UTRAFFIC-HCM-V6,SOURCE_COORDINATE,SOURCE_BACKED
UTR_NODE_366474279,UTraffic node 366474279,INTERSECTION_OR_GEOMETRY,10.8660036,106.7408856,UTRAFFIC-HCM-V6,SOURCE_COORDINATE,SOURCE_BACKED
UTR_NODE_366474627,UTraffic node 366474627,INTERSECTION_OR_GEOMETRY,10.8534519,106.7734050,UTRAFFIC-HCM-V6,SOURCE_COORDINATE,SOURCE_BACKED
UTR_NODE_366474995,UTraffic node 366474995,INTERSECTION_OR_GEOMETRY,10.8478735,106.7207162,UTRAFFIC-HCM-V6,SOURCE_COORDINATE,SOURCE_BACKED
UTR_NODE_366475006,UTraffic node 366475006,INTERSECTION_OR_GEOMETRY,10.8660901,106.7583902,UTRAFFIC-HCM-V6,SOURCE_COORDINATE,SOURCE_BACKED
UTR_NODE_366475065,UTraffic node 366475065,INTERSECTION_OR_GEOMETRY,10.8655102,106.7416331,UTRAFFIC-HCM-V6,SOURCE_COORDINATE,SOURCE_BACKED
UTR_NODE_366475092,UTraffic node 366475092,INTERSECTION_OR_GEOMETRY,10.8734802,106.7297097,UTRAFFIC-HCM-V6,SOURCE_COORDINATE,SOURCE_BACKED
UTR_NODE_366475114,UTraffic node 366475114,INTERSECTION_OR_GEOMETRY,10.8480470,106.7724049,UTRAFFIC-HCM-V6,SOURCE_COORDINATE,SOURCE_BACKED
UTR_NODE_366475122,UTraffic node 366475122,INTERSECTION_OR_GEOMETRY,10.8541712,106.7697188,UTRAFFIC-HCM-V6,SOURCE_COORDINATE,SOURCE_BACKED
UTR_NODE_366476127,UTraffic node 366476127,INTERSECTION_OR_GEOMETRY,10.8714198,106.7419618,UTRAFFIC-HCM-V6,SOURCE_COORDINATE,SOURCE_BACKED
UTR_NODE_366476484,UTraffic node 366476484,INTERSECTION_OR_GEOMETRY,10.8506689,106.7294695,UTRAFFIC-HCM-V6,SOURCE_COORDINATE,SOURCE_BACKED
UTR_NODE_366477375,UTraffic node 366477375,INTERSECTION_OR_GEOMETRY,10.8787446,106.7310045,UTRAFFIC-HCM-V6,SOURCE_COORDINATE,SOURCE_BACKED
UTR_NODE_366477605,UTraffic node 366477605,INTERSECTION_OR_GEOMETRY,10.8712345,106.7636457,UTRAFFIC-HCM-V6,SOURCE_COORDINATE,SOURCE_BACKED
UTR_NODE_366477947,UTraffic node 366477947,INTERSECTION_OR_GEOMETRY,10.8394891,106.7455721,UTRAFFIC-HCM-V6,SOURCE_COORDINATE,SOURCE_BACKED
UTR_NODE_366478599,UTraffic node 366478599,INTERSECTION_OR_GEOMETRY,10.8317470,106.7764343,UTRAFFIC-HCM-V6,SOURCE_COORDINATE,SOURCE_BACKED
UTR_NODE_366478852,UTraffic node 366478852,INTERSECTION_OR_GEOMETRY,10.8775373,106.7319314,UTRAFFIC-HCM-V6,SOURCE_COORDINATE,SOURCE_BACKED
UTR_NODE_366478853,UTraffic node 366478853,INTERSECTION_OR_GEOMETRY,10.8481136,106.7597709,UTRAFFIC-HCM-V6,SOURCE_COORDINATE,SOURCE_BACKED
UTR_NODE_366478954,UTraffic node 366478954,INTERSECTION_OR_GEOMETRY,10.8596904,106.7783306,UTRAFFIC-HCM-V6,SOURCE_COORDINATE,SOURCE_BACKED
UTR_NODE_366479128,UTraffic node 366479128,INTERSECTION_OR_GEOMETRY,10.8244671,106.7611945,UTRAFFIC-HCM-V6,SOURCE_COORDINATE,SOURCE_BACKED
UTR_NODE_366479158,UTraffic node 366479158,INTERSECTION_OR_GEOMETRY,10.8532514,106.7799489,UTRAFFIC-HCM-V6,SOURCE_COORDINATE,SOURCE_BACKED
UTR_NODE_366479294,UTraffic node 366479294,INTERSECTION_OR_GEOMETRY,10.8497442,106.7700202,UTRAFFIC-HCM-V6,SOURCE_COORDINATE,SOURCE_BACKED
UTR_NODE_370523228,UTraffic node 370523228,INTERSECTION_OR_GEOMETRY,10.8575710,106.7868723,UTRAFFIC-HCM-V6,SOURCE_COORDINATE,SOURCE_BACKED
UTR_NODE_370523229,UTraffic node 370523229,INTERSECTION_OR_GEOMETRY,10.8571547,106.7861891,UTRAFFIC-HCM-V6,SOURCE_COORDINATE,SOURCE_BACKED
UTR_NODE_370523230,UTraffic node 370523230,INTERSECTION_OR_GEOMETRY,10.8661914,106.7817404,UTRAFFIC-HCM-V6,SOURCE_COORDINATE,SOURCE_BACKED
UTR_NODE_370557499,UTraffic node 370557499,INTERSECTION_OR_GEOMETRY,10.8646986,106.7228276,UTRAFFIC-HCM-V6,SOURCE_COORDINATE,SOURCE_BACKED
UTR_NODE_370557500,UTraffic node 370557500,INTERSECTION_OR_GEOMETRY,10.8661481,106.7257876,UTRAFFIC-HCM-V6,SOURCE_COORDINATE,SOURCE_BACKED
UTR_NODE_370818092,UTraffic node 370818092,INTERSECTION_OR_GEOMETRY,10.8397117,106.7385645,UTRAFFIC-HCM-V6,SOURCE_COORDINATE,SOURCE_BACKED
UTR_NODE_370818094,UTraffic node 370818094,INTERSECTION_OR_GEOMETRY,10.8399411,106.7394209,UTRAFFIC-HCM-V6,SOURCE_COORDINATE,SOURCE_BACKED
UTR_NODE_676031635,UTraffic node 676031635,INTERSECTION_OR_GEOMETRY,10.8514636,106.7769305,UTRAFFIC-HCM-V6,SOURCE_COORDINATE,SOURCE_BACKED
UTR_NODE_676031636,UTraffic node 676031636,INTERSECTION_OR_GEOMETRY,10.8561810,106.7848667,UTRAFFIC-HCM-V6,SOURCE_COORDINATE,SOURCE_BACKED
UTR_NODE_676031638,UTraffic node 676031638,INTERSECTION_OR_GEOMETRY,10.8570092,106.7862791,UTRAFFIC-HCM-V6,SOURCE_COORDINATE,SOURCE_BACKED
UTR_NODE_676031639,UTraffic node 676031639,INTERSECTION_OR_GEOMETRY,10.8574143,106.7869630,UTRAFFIC-HCM-V6,SOURCE_COORDINATE,SOURCE_BACKED
UTR_NODE_676035113,UTraffic node 676035113,INTERSECTION_OR_GEOMETRY,10.8267590,106.7611086,UTRAFFIC-HCM-V6,SOURCE_COORDINATE,SOURCE_BACKED
UTR_NODE_676035118,UTraffic node 676035118,INTERSECTION_OR_GEOMETRY,10.8295682,106.7626543,UTRAFFIC-HCM-V6,SOURCE_COORDINATE,SOURCE_BACKED
UTR_NODE_676035122,UTraffic node 676035122,INTERSECTION_OR_GEOMETRY,10.8329768,106.7645442,UTRAFFIC-HCM-V6,SOURCE_COORDINATE,SOURCE_BACKED
UTR_NODE_676035127,UTraffic node 676035127,INTERSECTION_OR_GEOMETRY,10.8338750,106.7650548,UTRAFFIC-HCM-V6,SOURCE_COORDINATE,SOURCE_BACKED
UTR_NODE_676035137,UTraffic node 676035137,INTERSECTION_OR_GEOMETRY,10.8361449,106.7663753,UTRAFFIC-HCM-V6,SOURCE_COORDINATE,SOURCE_BACKED
UTR_NODE_676035141,UTraffic node 676035141,INTERSECTION_OR_GEOMETRY,10.8384495,106.7676741,UTRAFFIC-HCM-V6,SOURCE_COORDINATE,SOURCE_BACKED
UTR_NODE_676035144,UTraffic node 676035144,INTERSECTION_OR_GEOMETRY,10.8418294,106.7695847,UTRAFFIC-HCM-V6,SOURCE_COORDINATE,SOURCE_BACKED
UTR_NODE_676035148,UTraffic node 676035148,INTERSECTION_OR_GEOMETRY,10.8450827,106.7714308,UTRAFFIC-HCM-V6,SOURCE_COORDINATE,SOURCE_BACKED
UTR_NODE_676035152,UTraffic node 676035152,INTERSECTION_OR_GEOMETRY,10.8461191,106.7720705,UTRAFFIC-HCM-V6,SOURCE_COORDINATE,SOURCE_BACKED
UTR_NODE_676035155,UTraffic node 676035155,INTERSECTION_OR_GEOMETRY,10.8485663,106.7735913,UTRAFFIC-HCM-V6,SOURCE_COORDINATE,SOURCE_BACKED
UTR_NODE_676035158,UTraffic node 676035158,INTERSECTION_OR_GEOMETRY,10.8487887,106.7737700,UTRAFFIC-HCM-V6,SOURCE_COORDINATE,SOURCE_BACKED
UTR_NODE_676035822,UTraffic node 676035822,INTERSECTION_OR_GEOMETRY,10.8354312,106.7659661,UTRAFFIC-HCM-V6,SOURCE_COORDINATE,SOURCE_BACKED
UTR_NODE_722546423,UTraffic node 722546423,INTERSECTION_OR_GEOMETRY,10.8432490,106.7450807,UTRAFFIC-HCM-V6,SOURCE_COORDINATE,SOURCE_BACKED
UTR_NODE_722546424,UTraffic node 722546424,INTERSECTION_OR_GEOMETRY,10.8418375,106.7441009,UTRAFFIC-HCM-V6,SOURCE_COORDINATE,SOURCE_BACKED
UTR_NODE_737199297,UTraffic node 737199297,INTERSECTION_OR_GEOMETRY,10.8706394,106.7402788,UTRAFFIC-HCM-V6,SOURCE_COORDINATE,SOURCE_BACKED
UTR_NODE_762368942,UTraffic node 762368942,INTERSECTION_OR_GEOMETRY,10.8354936,106.7299059,UTRAFFIC-HCM-V6,SOURCE_COORDINATE,SOURCE_BACKED
UTR_NODE_849260063,UTraffic node 849260063,INTERSECTION_OR_GEOMETRY,10.8537487,106.7511235,UTRAFFIC-HCM-V6,SOURCE_COORDINATE,SOURCE_BACKED
UTR_NODE_849260517,UTraffic node 849260517,INTERSECTION_OR_GEOMETRY,10.8385191,106.7340939,UTRAFFIC-HCM-V6,SOURCE_COORDINATE,SOURCE_BACKED
UTR_NODE_893089355,UTraffic node 893089355,INTERSECTION_OR_GEOMETRY,10.8659557,106.7248428,UTRAFFIC-HCM-V6,SOURCE_COORDINATE,SOURCE_BACKED
UTR_NODE_893089467,UTraffic node 893089467,INTERSECTION_OR_GEOMETRY,10.8657102,106.7242993,UTRAFFIC-HCM-V6,SOURCE_COORDINATE,SOURCE_BACKED
UTR_NODE_893089569,UTraffic node 893089569,INTERSECTION_OR_GEOMETRY,10.8663256,106.7256137,UTRAFFIC-HCM-V6,SOURCE_COORDINATE,SOURCE_BACKED
UTR_NODE_893089602,UTraffic node 893089602,INTERSECTION_OR_GEOMETRY,10.8668642,106.7267073,UTRAFFIC-HCM-V6,SOURCE_COORDINATE,SOURCE_BACKED
UTR_NODE_1503295169,UTraffic node 1503295169,INTERSECTION_OR_GEOMETRY,10.8738300,106.7464831,UTRAFFIC-HCM-V6,SOURCE_COORDINATE,SOURCE_BACKED
UTR_NODE_1503295208,UTraffic node 1503295208,INTERSECTION_OR_GEOMETRY,10.8759274,106.7531005,UTRAFFIC-HCM-V6,SOURCE_COORDINATE,SOURCE_BACKED
UTR_NODE_1516645294,UTraffic node 1516645294,INTERSECTION_OR_GEOMETRY,10.8424106,106.7446201,UTRAFFIC-HCM-V6,SOURCE_COORDINATE,SOURCE_BACKED
UTR_NODE_1516645308,UTraffic node 1516645308,INTERSECTION_OR_GEOMETRY,10.8434676,106.7450903,UTRAFFIC-HCM-V6,SOURCE_COORDINATE,SOURCE_BACKED
UTR_NODE_1602638853,UTraffic node 1602638853,INTERSECTION_OR_GEOMETRY,10.8762494,106.7546260,UTRAFFIC-HCM-V6,SOURCE_COORDINATE,SOURCE_BACKED
UTR_NODE_1614760668,UTraffic node 1614760668,INTERSECTION_OR_GEOMETRY,10.8306657,106.7834604,UTRAFFIC-HCM-V6,SOURCE_COORDINATE,SOURCE_BACKED
UTR_NODE_1797562621,UTraffic node 1797562621,INTERSECTION_OR_GEOMETRY,10.8613965,106.7245994,UTRAFFIC-HCM-V6,SOURCE_COORDINATE,SOURCE_BACKED
UTR_NODE_1797562623,UTraffic node 1797562623,INTERSECTION_OR_GEOMETRY,10.8649142,106.7240044,UTRAFFIC-HCM-V6,SOURCE_COORDINATE,SOURCE_BACKED
UTR_NODE_1797562624,UTraffic node 1797562624,INTERSECTION_OR_GEOMETRY,10.8649726,106.7236978,UTRAFFIC-HCM-V6,SOURCE_COORDINATE,SOURCE_BACKED
UTR_NODE_1797562625,UTraffic node 1797562625,INTERSECTION_OR_GEOMETRY,10.8650378,106.7241426,UTRAFFIC-HCM-V6,SOURCE_COORDINATE,SOURCE_BACKED
UTR_NODE_1797562626,UTraffic node 1797562626,INTERSECTION_OR_GEOMETRY,10.8651808,106.7235441,UTRAFFIC-HCM-V6,SOURCE_COORDINATE,SOURCE_BACKED
UTR_NODE_1797562632,UTraffic node 1797562632,INTERSECTION_OR_GEOMETRY,10.8652631,106.7241734,UTRAFFIC-HCM-V6,SOURCE_COORDINATE,SOURCE_BACKED
UTR_NODE_1797562633,UTraffic node 1797562633,INTERSECTION_OR_GEOMETRY,10.8654110,106.7235150,UTRAFFIC-HCM-V6,SOURCE_COORDINATE,SOURCE_BACKED
UTR_NODE_1797562634,UTraffic node 1797562634,INTERSECTION_OR_GEOMETRY,10.8656355,106.7238676,UTRAFFIC-HCM-V6,SOURCE_COORDINATE,SOURCE_BACKED
UTR_NODE_1797562635,UTraffic node 1797562635,INTERSECTION_OR_GEOMETRY,10.8655895,106.7236325,UTRAFFIC-HCM-V6,SOURCE_COORDINATE,SOURCE_BACKED
UTR_NODE_1852796136,UTraffic node 1852796136,INTERSECTION_OR_GEOMETRY,10.8207241,106.7788527,UTRAFFIC-HCM-V6,SOURCE_COORDINATE,SOURCE_BACKED
UTR_NODE_1854295694,UTraffic node 1854295694,INTERSECTION_OR_GEOMETRY,10.8260968,106.7628236,UTRAFFIC-HCM-V6,SOURCE_COORDINATE,SOURCE_BACKED
UTR_NODE_1854295699,UTraffic node 1854295699,INTERSECTION_OR_GEOMETRY,10.8288750,106.7622706,UTRAFFIC-HCM-V6,SOURCE_COORDINATE,SOURCE_BACKED
UTR_NODE_1854295700,UTraffic node 1854295700,INTERSECTION_OR_GEOMETRY,10.8575702,106.7224255,UTRAFFIC-HCM-V6,SOURCE_COORDINATE,SOURCE_BACKED
UTR_NODE_1854295702,UTraffic node 1854295702,INTERSECTION_OR_GEOMETRY,10.8585313,106.7223159,UTRAFFIC-HCM-V6,SOURCE_COORDINATE,SOURCE_BACKED
UTR_NODE_1854295704,UTraffic node 1854295704,INTERSECTION_OR_GEOMETRY,10.8596942,106.7220808,UTRAFFIC-HCM-V6,SOURCE_COORDINATE,SOURCE_BACKED
UTR_NODE_1854295706,UTraffic node 1854295706,INTERSECTION_OR_GEOMETRY,10.8610151,106.7217804,UTRAFFIC-HCM-V6,SOURCE_COORDINATE,SOURCE_BACKED
UTR_NODE_1854295708,UTraffic node 1854295708,INTERSECTION_OR_GEOMETRY,10.8624176,106.7214378,UTRAFFIC-HCM-V6,SOURCE_COORDINATE,SOURCE_BACKED
UTR_NODE_1854295710,UTraffic node 1854295710,INTERSECTION_OR_GEOMETRY,10.8632034,106.7212617,UTRAFFIC-HCM-V6,SOURCE_COORDINATE,SOURCE_BACKED
UTR_NODE_1921517667,UTraffic node 1921517667,INTERSECTION_OR_GEOMETRY,10.8759248,106.7549059,UTRAFFIC-HCM-V6,SOURCE_COORDINATE,SOURCE_BACKED
UTR_NODE_1921517669,UTraffic node 1921517669,INTERSECTION_OR_GEOMETRY,10.8717359,106.7579751,UTRAFFIC-HCM-V6,SOURCE_COORDINATE,SOURCE_BACKED
UTR_NODE_1958801265,UTraffic node 1958801265,INTERSECTION_OR_GEOMETRY,10.8394729,106.7372566,UTRAFFIC-HCM-V6,SOURCE_COORDINATE,SOURCE_BACKED
UTR_NODE_1958801266,UTraffic node 1958801266,INTERSECTION_OR_GEOMETRY,10.8394964,106.7375391,UTRAFFIC-HCM-V6,SOURCE_COORDINATE,SOURCE_BACKED
UTR_NODE_1958801268,UTraffic node 1958801268,INTERSECTION_OR_GEOMETRY,10.8395518,106.7380557,UTRAFFIC-HCM-V6,SOURCE_COORDINATE,SOURCE_BACKED
UTR_NODE_1958801269,UTraffic node 1958801269,INTERSECTION_OR_GEOMETRY,10.8396259,106.7382401,UTRAFFIC-HCM-V6,SOURCE_COORDINATE,SOURCE_BACKED
UTR_NODE_1958801271,UTraffic node 1958801271,INTERSECTION_OR_GEOMETRY,10.8565208,106.7854487,UTRAFFIC-HCM-V6,SOURCE_COORDINATE,SOURCE_BACKED
UTR_NODE_1958801272,UTraffic node 1958801272,INTERSECTION_OR_GEOMETRY,10.8566851,106.7854368,UTRAFFIC-HCM-V6,SOURCE_COORDINATE,SOURCE_BACKED
UTR_NODE_1958801589,UTraffic node 1958801589,INTERSECTION_OR_GEOMETRY,10.8671265,106.7881544,UTRAFFIC-HCM-V6,SOURCE_COORDINATE,SOURCE_BACKED
UTR_NODE_1958801590,UTraffic node 1958801590,INTERSECTION_OR_GEOMETRY,10.8671406,106.7878308,UTRAFFIC-HCM-V6,SOURCE_COORDINATE,SOURCE_BACKED
UTR_NODE_1958801592,UTraffic node 1958801592,INTERSECTION_OR_GEOMETRY,10.8671976,106.7867621,UTRAFFIC-HCM-V6,SOURCE_COORDINATE,SOURCE_BACKED
UTR_NODE_1958801595,UTraffic node 1958801595,INTERSECTION_OR_GEOMETRY,10.8672458,106.7850088,UTRAFFIC-HCM-V6,SOURCE_COORDINATE,SOURCE_BACKED
UTR_NODE_1958801596,UTraffic node 1958801596,INTERSECTION_OR_GEOMETRY,10.8672892,106.7878294,UTRAFFIC-HCM-V6,SOURCE_COORDINATE,SOURCE_BACKED
UTR_NODE_1958801598,UTraffic node 1958801598,INTERSECTION_OR_GEOMETRY,10.8672896,106.7843191,UTRAFFIC-HCM-V6,SOURCE_COORDINATE,SOURCE_BACKED
UTR_NODE_1958801599,UTraffic node 1958801599,INTERSECTION_OR_GEOMETRY,10.8673457,106.7864774,UTRAFFIC-HCM-V6,SOURCE_COORDINATE,SOURCE_BACKED
UTR_NODE_1958801602,UTraffic node 1958801602,INTERSECTION_OR_GEOMETRY,10.8673274,106.7838234,UTRAFFIC-HCM-V6,SOURCE_COORDINATE,SOURCE_BACKED
UTR_NODE_1958801605,UTraffic node 1958801605,INTERSECTION_OR_GEOMETRY,10.8673812,106.7850494,UTRAFFIC-HCM-V6,SOURCE_COORDINATE,SOURCE_BACKED
UTR_NODE_1958801607,UTraffic node 1958801607,INTERSECTION_OR_GEOMETRY,10.8674147,106.7843169,UTRAFFIC-HCM-V6,SOURCE_COORDINATE,SOURCE_BACKED
UTR_NODE_1958801608,UTraffic node 1958801608,INTERSECTION_OR_GEOMETRY,10.8673997,106.7832766,UTRAFFIC-HCM-V6,SOURCE_COORDINATE,SOURCE_BACKED
UTR_NODE_1958801609,UTraffic node 1958801609,INTERSECTION_OR_GEOMETRY,10.8675101,106.7833587,UTRAFFIC-HCM-V6,SOURCE_COORDINATE,SOURCE_BACKED
UTR_NODE_1958801610,UTraffic node 1958801610,INTERSECTION_OR_GEOMETRY,10.8676195,106.7822767,UTRAFFIC-HCM-V6,SOURCE_COORDINATE,SOURCE_BACKED
UTR_NODE_1958801611,UTraffic node 1958801611,INTERSECTION_OR_GEOMETRY,10.8677226,106.7818615,UTRAFFIC-HCM-V6,SOURCE_COORDINATE,SOURCE_BACKED
UTR_NODE_1958801612,UTraffic node 1958801612,INTERSECTION_OR_GEOMETRY,10.8677675,106.7822209,UTRAFFIC-HCM-V6,SOURCE_COORDINATE,SOURCE_BACKED
UTR_NODE_1958801613,UTraffic node 1958801613,INTERSECTION_OR_GEOMETRY,10.8678819,106.7813371,UTRAFFIC-HCM-V6,SOURCE_COORDINATE,SOURCE_BACKED
UTR_NODE_1958801614,UTraffic node 1958801614,INTERSECTION_OR_GEOMETRY,10.8679894,106.7815007,UTRAFFIC-HCM-V6,SOURCE_COORDINATE,SOURCE_BACKED
UTR_NODE_1958801615,UTraffic node 1958801615,INTERSECTION_OR_GEOMETRY,10.8680786,106.7807236,UTRAFFIC-HCM-V6,SOURCE_COORDINATE,SOURCE_BACKED
UTR_NODE_1958801617,UTraffic node 1958801617,INTERSECTION_OR_GEOMETRY,10.8683302,106.7799280,UTRAFFIC-HCM-V6,SOURCE_COORDINATE,SOURCE_BACKED
UTR_NODE_1958801618,UTraffic node 1958801618,INTERSECTION_OR_GEOMETRY,10.8688807,106.7782621,UTRAFFIC-HCM-V6,SOURCE_COORDINATE,SOURCE_BACKED
UTR_NODE_1958801621,UTraffic node 1958801621,INTERSECTION_OR_GEOMETRY,10.8695119,106.7632735,UTRAFFIC-HCM-V6,SOURCE_COORDINATE,SOURCE_BACKED
UTR_NODE_1958801623,UTraffic node 1958801623,INTERSECTION_OR_GEOMETRY,10.8699182,106.7751224,UTRAFFIC-HCM-V6,SOURCE_COORDINATE,SOURCE_BACKED
UTR_NODE_1958801626,UTraffic node 1958801626,INTERSECTION_OR_GEOMETRY,10.8703942,106.7632935,UTRAFFIC-HCM-V6,SOURCE_COORDINATE,SOURCE_BACKED
UTR_NODE_1958801628,UTraffic node 1958801628,INTERSECTION_OR_GEOMETRY,10.8707543,106.7633687,UTRAFFIC-HCM-V6,SOURCE_COORDINATE,SOURCE_BACKED
UTR_NODE_1958801630,UTraffic node 1958801630,INTERSECTION_OR_GEOMETRY,10.8709188,106.7724710,UTRAFFIC-HCM-V6,SOURCE_COORDINATE,SOURCE_BACKED
UTR_NODE_1958801633,UTraffic node 1958801633,INTERSECTION_OR_GEOMETRY,10.8712329,106.7714915,UTRAFFIC-HCM-V6,SOURCE_COORDINATE,SOURCE_BACKED
UTR_NODE_1958801634,UTraffic node 1958801634,INTERSECTION_OR_GEOMETRY,10.8716001,106.7704109,UTRAFFIC-HCM-V6,SOURCE_COORDINATE,SOURCE_BACKED
UTR_NODE_1958801635,UTraffic node 1958801635,INTERSECTION_OR_GEOMETRY,10.8715115,106.7702758,UTRAFFIC-HCM-V6,SOURCE_COORDINATE,SOURCE_BACKED
UTR_NODE_1958801639,UTraffic node 1958801639,INTERSECTION_OR_GEOMETRY,10.8719189,106.7689876,UTRAFFIC-HCM-V6,SOURCE_COORDINATE,SOURCE_BACKED
UTR_NODE_1958801642,UTraffic node 1958801642,INTERSECTION_OR_GEOMETRY,10.8721683,106.7682801,UTRAFFIC-HCM-V6,SOURCE_COORDINATE,SOURCE_BACKED
UTR_NODE_1958801649,UTraffic node 1958801649,INTERSECTION_OR_GEOMETRY,10.8725391,106.7672192,UTRAFFIC-HCM-V6,SOURCE_COORDINATE,SOURCE_BACKED
UTR_NODE_1958801651,UTraffic node 1958801651,INTERSECTION_OR_GEOMETRY,10.8725843,106.7668518,UTRAFFIC-HCM-V6,SOURCE_COORDINATE,SOURCE_BACKED
UTR_NODE_1958801652,UTraffic node 1958801652,INTERSECTION_OR_GEOMETRY,10.8726044,106.7673168,UTRAFFIC-HCM-V6,SOURCE_COORDINATE,SOURCE_BACKED
UTR_NODE_1958801653,UTraffic node 1958801653,INTERSECTION_OR_GEOMETRY,10.8726426,106.7582624,UTRAFFIC-HCM-V6,SOURCE_COORDINATE,SOURCE_BACKED
UTR_NODE_1958801654,UTraffic node 1958801654,INTERSECTION_OR_GEOMETRY,10.8726658,106.7665668,UTRAFFIC-HCM-V6,SOURCE_COORDINATE,SOURCE_BACKED
UTR_NODE_1958801656,UTraffic node 1958801656,INTERSECTION_OR_GEOMETRY,10.8726555,106.7668807,UTRAFFIC-HCM-V6,SOURCE_COORDINATE,SOURCE_BACKED
UTR_NODE_1958801663,UTraffic node 1958801663,INTERSECTION_OR_GEOMETRY,10.8729383,106.7665945,UTRAFFIC-HCM-V6,SOURCE_COORDINATE,SOURCE_BACKED
UTR_NODE_1958801664,UTraffic node 1958801664,INTERSECTION_OR_GEOMETRY,10.8730469,106.7654315,UTRAFFIC-HCM-V6,SOURCE_COORDINATE,SOURCE_BACKED
UTR_NODE_1958801671,UTraffic node 1958801671,INTERSECTION_OR_GEOMETRY,10.8731881,106.7650045,UTRAFFIC-HCM-V6,SOURCE_COORDINATE,SOURCE_BACKED
UTR_NODE_1958801672,UTraffic node 1958801672,INTERSECTION_OR_GEOMETRY,10.8730865,106.7661608,UTRAFFIC-HCM-V6,SOURCE_COORDINATE,SOURCE_BACKED
UTR_NODE_1958801686,UTraffic node 1958801686,INTERSECTION_OR_GEOMETRY,10.8733838,106.7644007,UTRAFFIC-HCM-V6,SOURCE_COORDINATE,SOURCE_BACKED
UTR_NODE_1958801708,UTraffic node 1958801708,INTERSECTION_OR_GEOMETRY,10.8736090,106.7645897,UTRAFFIC-HCM-V6,SOURCE_COORDINATE,SOURCE_BACKED
UTR_NODE_1958801710,UTraffic node 1958801710,INTERSECTION_OR_GEOMETRY,10.8737289,106.7633669,UTRAFFIC-HCM-V6,SOURCE_COORDINATE,SOURCE_BACKED
UTR_NODE_1958801712,UTraffic node 1958801712,INTERSECTION_OR_GEOMETRY,10.8737595,106.7458474,UTRAFFIC-HCM-V6,SOURCE_COORDINATE,SOURCE_BACKED
UTR_NODE_1958801722,UTraffic node 1958801722,INTERSECTION_OR_GEOMETRY,10.8738181,106.7634012,UTRAFFIC-HCM-V6,SOURCE_COORDINATE,SOURCE_BACKED
UTR_NODE_1958801725,UTraffic node 1958801725,INTERSECTION_OR_GEOMETRY,10.8739107,106.7634192,UTRAFFIC-HCM-V6,SOURCE_COORDINATE,SOURCE_BACKED
UTR_NODE_1958801727,UTraffic node 1958801727,INTERSECTION_OR_GEOMETRY,10.8740056,106.7633798,UTRAFFIC-HCM-V6,SOURCE_COORDINATE,SOURCE_BACKED
UTR_NODE_1958801731,UTraffic node 1958801731,INTERSECTION_OR_GEOMETRY,10.8740004,106.7466600,UTRAFFIC-HCM-V6,SOURCE_COORDINATE,SOURCE_BACKED
UTR_NODE_1958801762,UTraffic node 1958801762,INTERSECTION_OR_GEOMETRY,10.8741604,106.7627177,UTRAFFIC-HCM-V6,SOURCE_COORDINATE,SOURCE_BACKED
UTR_NODE_1958801764,UTraffic node 1958801764,INTERSECTION_OR_GEOMETRY,10.8739963,106.7627258,UTRAFFIC-HCM-V6,SOURCE_COORDINATE,SOURCE_BACKED
UTR_NODE_1958801783,UTraffic node 1958801783,INTERSECTION_OR_GEOMETRY,10.8744668,106.7617996,UTRAFFIC-HCM-V6,SOURCE_COORDINATE,SOURCE_BACKED
UTR_NODE_1958801785,UTraffic node 1958801785,INTERSECTION_OR_GEOMETRY,10.8744917,106.7480064,UTRAFFIC-HCM-V6,SOURCE_COORDINATE,SOURCE_BACKED
UTR_NODE_1958801787,UTraffic node 1958801787,INTERSECTION_OR_GEOMETRY,10.8744363,106.7614378,UTRAFFIC-HCM-V6,SOURCE_COORDINATE,SOURCE_BACKED
UTR_NODE_1958801793,UTraffic node 1958801793,INTERSECTION_OR_GEOMETRY,10.8746866,106.7606702,UTRAFFIC-HCM-V6,SOURCE_COORDINATE,SOURCE_BACKED
UTR_NODE_1958801801,UTraffic node 1958801801,INTERSECTION_OR_GEOMETRY,10.8747377,106.7487214,UTRAFFIC-HCM-V6,SOURCE_COORDINATE,SOURCE_BACKED
UTR_NODE_1958801803,UTraffic node 1958801803,INTERSECTION_OR_GEOMETRY,10.8748252,106.7605676,UTRAFFIC-HCM-V6,SOURCE_COORDINATE,SOURCE_BACKED
UTR_NODE_1958801824,UTraffic node 1958801824,INTERSECTION_OR_GEOMETRY,10.8748608,106.7600461,UTRAFFIC-HCM-V6,SOURCE_COORDINATE,SOURCE_BACKED
UTR_NODE_1958801835,UTraffic node 1958801835,INTERSECTION_OR_GEOMETRY,10.8750138,106.7594679,UTRAFFIC-HCM-V6,SOURCE_COORDINATE,SOURCE_BACKED
UTR_NODE_1958801838,UTraffic node 1958801838,INTERSECTION_OR_GEOMETRY,10.8750619,106.7597774,UTRAFFIC-HCM-V6,SOURCE_COORDINATE,SOURCE_BACKED
UTR_NODE_1958801842,UTraffic node 1958801842,INTERSECTION_OR_GEOMETRY,10.8751674,106.7587878,UTRAFFIC-HCM-V6,SOURCE_COORDINATE,SOURCE_BACKED
UTR_NODE_1958801847,UTraffic node 1958801847,INTERSECTION_OR_GEOMETRY,10.8751815,106.7513071,UTRAFFIC-HCM-V6,SOURCE_COORDINATE,SOURCE_BACKED
UTR_NODE_1958801851,UTraffic node 1958801851,INTERSECTION_OR_GEOMETRY,10.8754550,106.7520860,UTRAFFIC-HCM-V6,SOURCE_COORDINATE,SOURCE_BACKED
UTR_NODE_1958801855,UTraffic node 1958801855,INTERSECTION_OR_GEOMETRY,10.8753770,106.7577616,UTRAFFIC-HCM-V6,SOURCE_COORDINATE,SOURCE_BACKED
UTR_NODE_1958801857,UTraffic node 1958801857,INTERSECTION_OR_GEOMETRY,10.8754803,106.7521587,UTRAFFIC-HCM-V6,SOURCE_COORDINATE,SOURCE_BACKED
UTR_NODE_1958801859,UTraffic node 1958801859,INTERSECTION_OR_GEOMETRY,10.8752505,106.7505431,UTRAFFIC-HCM-V6,SOURCE_COORDINATE,SOURCE_BACKED
UTR_NODE_1958801861,UTraffic node 1958801861,INTERSECTION_OR_GEOMETRY,10.8755831,106.7523838,UTRAFFIC-HCM-V6,SOURCE_COORDINATE,SOURCE_BACKED
UTR_NODE_1958801865,UTraffic node 1958801865,INTERSECTION_OR_GEOMETRY,10.8756007,106.7574566,UTRAFFIC-HCM-V6,SOURCE_COORDINATE,SOURCE_BACKED
UTR_NODE_1958801889,UTraffic node 1958801889,INTERSECTION_OR_GEOMETRY,10.8756353,106.7564193,UTRAFFIC-HCM-V6,SOURCE_COORDINATE,SOURCE_BACKED
UTR_NODE_1958801891,UTraffic node 1958801891,INTERSECTION_OR_GEOMETRY,10.8757214,106.7528326,UTRAFFIC-HCM-V6,SOURCE_COORDINATE,SOURCE_BACKED
UTR_NODE_1958801893,UTraffic node 1958801893,INTERSECTION_OR_GEOMETRY,10.8757464,106.7511588,UTRAFFIC-HCM-V6,SOURCE_COORDINATE,SOURCE_BACKED
UTR_NODE_1958801899,UTraffic node 1958801899,INTERSECTION_OR_GEOMETRY,10.8757843,106.7530570,UTRAFFIC-HCM-V6,SOURCE_COORDINATE,SOURCE_BACKED
UTR_NODE_1958801901,UTraffic node 1958801901,INTERSECTION_OR_GEOMETRY,10.8758465,106.7534473,UTRAFFIC-HCM-V6,SOURCE_COORDINATE,SOURCE_BACKED
UTR_NODE_1958801907,UTraffic node 1958801907,INTERSECTION_OR_GEOMETRY,10.8758386,106.7553120,UTRAFFIC-HCM-V6,SOURCE_COORDINATE,SOURCE_BACKED
UTR_NODE_1958801909,UTraffic node 1958801909,INTERSECTION_OR_GEOMETRY,10.8758848,106.7537488,UTRAFFIC-HCM-V6,SOURCE_COORDINATE,SOURCE_BACKED
UTR_NODE_1958801911,UTraffic node 1958801911,INTERSECTION_OR_GEOMETRY,10.8758908,106.7540264,UTRAFFIC-HCM-V6,SOURCE_COORDINATE,SOURCE_BACKED
UTR_NODE_1958801913,UTraffic node 1958801913,INTERSECTION_OR_GEOMETRY,10.8758833,106.7543362,UTRAFFIC-HCM-V6,SOURCE_COORDINATE,SOURCE_BACKED
UTR_NODE_1958801915,UTraffic node 1958801915,INTERSECTION_OR_GEOMETRY,10.8760419,106.7530812,UTRAFFIC-HCM-V6,SOURCE_COORDINATE,SOURCE_BACKED
UTR_NODE_1958801919,UTraffic node 1958801919,INTERSECTION_OR_GEOMETRY,10.8759481,106.7554178,UTRAFFIC-HCM-V6,SOURCE_COORDINATE,SOURCE_BACKED
UTR_NODE_1958801921,UTraffic node 1958801921,INTERSECTION_OR_GEOMETRY,10.8759940,106.7543706,UTRAFFIC-HCM-V6,SOURCE_COORDINATE,SOURCE_BACKED
UTR_NODE_1958801923,UTraffic node 1958801923,INTERSECTION_OR_GEOMETRY,10.8760159,106.7536895,UTRAFFIC-HCM-V6,SOURCE_COORDINATE,SOURCE_BACKED
UTR_NODE_1958801927,UTraffic node 1958801927,INTERSECTION_OR_GEOMETRY,10.8760019,106.7541813,UTRAFFIC-HCM-V6,SOURCE_COORDINATE,SOURCE_BACKED
UTR_NODE_1958801931,UTraffic node 1958801931,INTERSECTION_OR_GEOMETRY,10.8760707,106.7547079,UTRAFFIC-HCM-V6,SOURCE_COORDINATE,SOURCE_BACKED
UTR_NODE_1958801933,UTraffic node 1958801933,INTERSECTION_OR_GEOMETRY,10.8760882,106.7533588,UTRAFFIC-HCM-V6,SOURCE_COORDINATE,SOURCE_BACKED
UTR_NODE_1958801960,UTraffic node 1958801960,INTERSECTION_OR_GEOMETRY,10.8762658,106.7510355,UTRAFFIC-HCM-V6,SOURCE_COORDINATE,SOURCE_BACKED
UTR_NODE_1958801961,UTraffic node 1958801961,INTERSECTION_OR_GEOMETRY,10.8761095,106.7536788,UTRAFFIC-HCM-V6,SOURCE_COORDINATE,SOURCE_BACKED
UTR_NODE_1958801971,UTraffic node 1958801971,INTERSECTION_OR_GEOMETRY,10.8767932,106.7507341,UTRAFFIC-HCM-V6,SOURCE_COORDINATE,SOURCE_BACKED
UTR_NODE_1958801973,UTraffic node 1958801973,INTERSECTION_OR_GEOMETRY,10.8773461,106.7503571,UTRAFFIC-HCM-V6,SOURCE_COORDINATE,SOURCE_BACKED
UTR_NODE_2024972708,UTraffic node 2024972708,INTERSECTION_OR_GEOMETRY,10.8496108,106.7734904,UTRAFFIC-HCM-V6,SOURCE_COORDINATE,SOURCE_BACKED
UTR_NODE_2024972764,UTraffic node 2024972764,INTERSECTION_OR_GEOMETRY,10.8498652,106.7735321,UTRAFFIC-HCM-V6,SOURCE_COORDINATE,SOURCE_BACKED
UTR_NODE_2024972787,UTraffic node 2024972787,INTERSECTION_OR_GEOMETRY,10.8495648,106.7732859,UTRAFFIC-HCM-V6,SOURCE_COORDINATE,SOURCE_BACKED
UTR_NODE_2024972799,UTraffic node 2024972799,INTERSECTION_OR_GEOMETRY,10.8465594,106.7778072,UTRAFFIC-HCM-V6,SOURCE_COORDINATE,SOURCE_BACKED
UTR_NODE_2024972804,UTraffic node 2024972804,INTERSECTION_OR_GEOMETRY,10.8486783,106.7736822,UTRAFFIC-HCM-V6,SOURCE_COORDINATE,SOURCE_BACKED
UTR_NODE_2024972846,UTraffic node 2024972846,INTERSECTION_OR_GEOMETRY,10.8494141,106.7735629,UTRAFFIC-HCM-V6,SOURCE_COORDINATE,SOURCE_BACKED
UTR_NODE_2024972848,UTraffic node 2024972848,INTERSECTION_OR_GEOMETRY,10.8581167,106.7878177,UTRAFFIC-HCM-V6,SOURCE_COORDINATE,SOURCE_BACKED
UTR_NODE_2024972876,UTraffic node 2024972876,INTERSECTION_OR_GEOMETRY,10.8496933,106.7715732,UTRAFFIC-HCM-V6,SOURCE_COORDINATE,SOURCE_BACKED
UTR_NODE_2024972894,UTraffic node 2024972894,INTERSECTION_OR_GEOMETRY,10.8494348,106.7732164,UTRAFFIC-HCM-V6,SOURCE_COORDINATE,SOURCE_BACKED
UTR_NODE_2024972927,UTraffic node 2024972927,INTERSECTION_OR_GEOMETRY,10.8495529,106.7729567,UTRAFFIC-HCM-V6,SOURCE_COORDINATE,SOURCE_BACKED
UTR_NODE_2024972947,UTraffic node 2024972947,INTERSECTION_OR_GEOMETRY,10.8491670,106.7741089,UTRAFFIC-HCM-V6,SOURCE_COORDINATE,SOURCE_BACKED
UTR_NODE_2024972959,UTraffic node 2024972959,INTERSECTION_OR_GEOMETRY,10.8544067,106.7727701,UTRAFFIC-HCM-V6,SOURCE_COORDINATE,SOURCE_BACKED
UTR_NODE_2024972965,UTraffic node 2024972965,INTERSECTION_OR_GEOMETRY,10.8526598,106.7789553,UTRAFFIC-HCM-V6,SOURCE_COORDINATE,SOURCE_BACKED
UTR_NODE_2024972978,UTraffic node 2024972978,INTERSECTION_OR_GEOMETRY,10.8539292,106.7811059,UTRAFFIC-HCM-V6,SOURCE_COORDINATE,SOURCE_BACKED
UTR_NODE_2024972988,UTraffic node 2024972988,INTERSECTION_OR_GEOMETRY,10.8496688,106.7733590,UTRAFFIC-HCM-V6,SOURCE_COORDINATE,SOURCE_BACKED
UTR_NODE_2024972996,UTraffic node 2024972996,INTERSECTION_OR_GEOMETRY,10.8494802,106.7734634,UTRAFFIC-HCM-V6,SOURCE_COORDINATE,SOURCE_BACKED
UTR_NODE_2024973002,UTraffic node 2024973002,INTERSECTION_OR_GEOMETRY,10.8491795,106.7738496,UTRAFFIC-HCM-V6,SOURCE_COORDINATE,SOURCE_BACKED
UTR_NODE_2024973006,UTraffic node 2024973006,INTERSECTION_OR_GEOMETRY,10.8542224,106.7722873,UTRAFFIC-HCM-V6,SOURCE_COORDINATE,SOURCE_BACKED
UTR_NODE_2024973065,UTraffic node 2024973065,INTERSECTION_OR_GEOMETRY,10.8493743,106.7738655,UTRAFFIC-HCM-V6,SOURCE_COORDINATE,SOURCE_BACKED
UTR_NODE_2024973084,UTraffic node 2024973084,INTERSECTION_OR_GEOMETRY,10.8486663,106.7744207,UTRAFFIC-HCM-V6,SOURCE_COORDINATE,SOURCE_BACKED
UTR_NODE_2024973089,UTraffic node 2024973089,INTERSECTION_OR_GEOMETRY,10.8488320,106.7744451,UTRAFFIC-HCM-V6,SOURCE_COORDINATE,SOURCE_BACKED
UTR_NODE_2024973107,UTraffic node 2024973107,INTERSECTION_OR_GEOMETRY,10.8579468,106.7879096,UTRAFFIC-HCM-V6,SOURCE_COORDINATE,SOURCE_BACKED
UTR_NODE_2024973142,UTraffic node 2024973142,INTERSECTION_OR_GEOMETRY,10.8511278,106.7761533,UTRAFFIC-HCM-V6,SOURCE_COORDINATE,SOURCE_BACKED
UTR_NODE_2024973162,UTraffic node 2024973162,INTERSECTION_OR_GEOMETRY,10.8503195,106.7754997,UTRAFFIC-HCM-V6,SOURCE_COORDINATE,SOURCE_BACKED
UTR_NODE_2024973171,UTraffic node 2024973171,INTERSECTION_OR_GEOMETRY,10.8308985,106.7632450,UTRAFFIC-HCM-V6,SOURCE_COORDINATE,SOURCE_BACKED
UTR_NODE_2024973203,UTraffic node 2024973203,INTERSECTION_OR_GEOMETRY,10.8492956,106.7737207,UTRAFFIC-HCM-V6,SOURCE_COORDINATE,SOURCE_BACKED
UTR_NODE_2024973204,UTraffic node 2024973204,INTERSECTION_OR_GEOMETRY,10.8520105,106.7775450,UTRAFFIC-HCM-V6,SOURCE_COORDINATE,SOURCE_BACKED
UTR_NODE_2024973210,UTraffic node 2024973210,INTERSECTION_OR_GEOMETRY,10.8485386,106.7747723,UTRAFFIC-HCM-V6,SOURCE_COORDINATE,SOURCE_BACKED
UTR_NODE_2024973215,UTraffic node 2024973215,INTERSECTION_OR_GEOMETRY,10.8519550,106.7777187,UTRAFFIC-HCM-V6,SOURCE_COORDINATE,SOURCE_BACKED
UTR_NODE_2024973236,UTraffic node 2024973236,INTERSECTION_OR_GEOMETRY,10.8495568,106.7735964,UTRAFFIC-HCM-V6,SOURCE_COORDINATE,SOURCE_BACKED
UTR_NODE_2024973266,UTraffic node 2024973266,INTERSECTION_OR_GEOMETRY,10.8483824,106.7748761,UTRAFFIC-HCM-V6,SOURCE_COORDINATE,SOURCE_BACKED
UTR_NODE_2024973276,UTraffic node 2024973276,INTERSECTION_OR_GEOMETRY,10.8495210,106.7733787,UTRAFFIC-HCM-V6,SOURCE_COORDINATE,SOURCE_BACKED
UTR_NODE_2024973284,UTraffic node 2024973284,INTERSECTION_OR_GEOMETRY,10.8540432,106.7719011,UTRAFFIC-HCM-V6,SOURCE_COORDINATE,SOURCE_BACKED
UTR_NODE_2024973291,UTraffic node 2024973291,INTERSECTION_OR_GEOMETRY,10.8493390,106.7744626,UTRAFFIC-HCM-V6,SOURCE_COORDINATE,SOURCE_BACKED
UTR_NODE_2024973301,UTraffic node 2024973301,INTERSECTION_OR_GEOMETRY,10.8482470,106.7733501,UTRAFFIC-HCM-V6,SOURCE_COORDINATE,SOURCE_BACKED
UTR_NODE_2024973316,UTraffic node 2024973316,INTERSECTION_OR_GEOMETRY,10.8493081,106.7739660,UTRAFFIC-HCM-V6,SOURCE_COORDINATE,SOURCE_BACKED
UTR_NODE_2028465678,UTraffic node 2028465678,INTERSECTION_OR_GEOMETRY,10.8357528,106.7654695,UTRAFFIC-HCM-V6,SOURCE_COORDINATE,SOURCE_BACKED
UTR_NODE_2028465717,UTraffic node 2028465717,INTERSECTION_OR_GEOMETRY,10.8355189,106.7658175,UTRAFFIC-HCM-V6,SOURCE_COORDINATE,SOURCE_BACKED
UTR_NODE_2217824797,UTraffic node 2217824797,INTERSECTION_OR_GEOMETRY,10.8485482,106.7734819,UTRAFFIC-HCM-V6,SOURCE_COORDINATE,SOURCE_BACKED
UTR_NODE_2217824798,UTraffic node 2217824798,INTERSECTION_OR_GEOMETRY,10.8508820,106.7758752,UTRAFFIC-HCM-V6,SOURCE_COORDINATE,SOURCE_BACKED
UTR_NODE_2217824799,UTraffic node 2217824799,INTERSECTION_OR_GEOMETRY,10.8499117,106.7747696,UTRAFFIC-HCM-V6,SOURCE_COORDINATE,SOURCE_BACKED
UTR_NODE_2217824800,UTraffic node 2217824800,INTERSECTION_OR_GEOMETRY,10.8463997,106.7721444,UTRAFFIC-HCM-V6,SOURCE_COORDINATE,SOURCE_BACKED
UTR_NODE_2217824801,UTraffic node 2217824801,INTERSECTION_OR_GEOMETRY,10.8490444,106.7740011,UTRAFFIC-HCM-V6,SOURCE_COORDINATE,SOURCE_BACKED
UTR_NODE_2217824802,UTraffic node 2217824802,INTERSECTION_OR_GEOMETRY,10.8491866,106.7740381,UTRAFFIC-HCM-V6,SOURCE_COORDINATE,SOURCE_BACKED
UTR_NODE_2217824803,UTraffic node 2217824803,INTERSECTION_OR_GEOMETRY,10.8488911,106.7729343,UTRAFFIC-HCM-V6,SOURCE_COORDINATE,SOURCE_BACKED
UTR_NODE_2217825343,UTraffic node 2217825343,INTERSECTION_OR_GEOMETRY,10.8509959,106.7762503,UTRAFFIC-HCM-V6,SOURCE_COORDINATE,SOURCE_BACKED
UTR_NODE_2217835603,UTraffic node 2217835603,INTERSECTION_OR_GEOMETRY,10.8399922,106.7683704,UTRAFFIC-HCM-V6,SOURCE_COORDINATE,SOURCE_BACKED
UTR_NODE_2217835605,UTraffic node 2217835605,INTERSECTION_OR_GEOMETRY,10.8355843,106.7657200,UTRAFFIC-HCM-V6,SOURCE_COORDINATE,SOURCE_BACKED
UTR_NODE_2217837561,UTraffic node 2217837561,INTERSECTION_OR_GEOMETRY,10.8392975,106.7679986,UTRAFFIC-HCM-V6,SOURCE_COORDINATE,SOURCE_BACKED
UTR_NODE_2217837563,UTraffic node 2217837563,INTERSECTION_OR_GEOMETRY,10.8435988,106.7704293,UTRAFFIC-HCM-V6,SOURCE_COORDINATE,SOURCE_BACKED
UTR_NODE_2217837564,UTraffic node 2217837564,INTERSECTION_OR_GEOMETRY,10.8353644,106.7660704,UTRAFFIC-HCM-V6,SOURCE_COORDINATE,SOURCE_BACKED
UTR_NODE_2217842114,UTraffic node 2217842114,INTERSECTION_OR_GEOMETRY,10.8409071,106.7691677,UTRAFFIC-HCM-V6,SOURCE_COORDINATE,SOURCE_BACKED
UTR_NODE_2217845495,UTraffic node 2217845495,INTERSECTION_OR_GEOMETRY,10.8408949,106.7690550,UTRAFFIC-HCM-V6,SOURCE_COORDINATE,SOURCE_BACKED
UTR_NODE_2217869569,UTraffic node 2217869569,INTERSECTION_OR_GEOMETRY,10.8497679,106.7747422,UTRAFFIC-HCM-V6,SOURCE_COORDINATE,SOURCE_BACKED
UTR_NODE_2217869570,UTraffic node 2217869570,INTERSECTION_OR_GEOMETRY,10.8489642,106.7740931,UTRAFFIC-HCM-V6,SOURCE_COORDINATE,SOURCE_BACKED
UTR_NODE_2217869577,UTraffic node 2217869577,INTERSECTION_OR_GEOMETRY,10.8490852,106.7742035,UTRAFFIC-HCM-V6,SOURCE_COORDINATE,SOURCE_BACKED
UTR_NODE_2240992074,UTraffic node 2240992074,INTERSECTION_OR_GEOMETRY,10.8654170,106.7244853,UTRAFFIC-HCM-V6,SOURCE_COORDINATE,SOURCE_BACKED
UTR_NODE_2240992079,UTraffic node 2240992079,INTERSECTION_OR_GEOMETRY,10.8667598,106.7269623,UTRAFFIC-HCM-V6,SOURCE_COORDINATE,SOURCE_BACKED
UTR_NODE_2240992082,UTraffic node 2240992082,INTERSECTION_OR_GEOMETRY,10.8645902,106.7228553,UTRAFFIC-HCM-V6,SOURCE_COORDINATE,SOURCE_BACKED
UTR_NODE_2240992084,UTraffic node 2240992084,INTERSECTION_OR_GEOMETRY,10.8664676,106.7264380,UTRAFFIC-HCM-V6,SOURCE_COORDINATE,SOURCE_BACKED
UTR_NODE_2240992087,UTraffic node 2240992087,INTERSECTION_OR_GEOMETRY,10.8648541,106.7234193,UTRAFFIC-HCM-V6,SOURCE_COORDINATE,SOURCE_BACKED
UTR_NODE_2240992089,UTraffic node 2240992089,INTERSECTION_OR_GEOMETRY,10.8637532,106.7212371,UTRAFFIC-HCM-V6,SOURCE_COORDINATE,SOURCE_BACKED
UTR_NODE_2240992093,UTraffic node 2240992093,INTERSECTION_OR_GEOMETRY,10.8642368,106.7221791,UTRAFFIC-HCM-V6,SOURCE_COORDINATE,SOURCE_BACKED
UTR_NODE_2240992097,UTraffic node 2240992097,INTERSECTION_OR_GEOMETRY,10.8665927,106.7269746,UTRAFFIC-HCM-V6,SOURCE_COORDINATE,SOURCE_BACKED
UTR_NODE_2240992103,UTraffic node 2240992103,INTERSECTION_OR_GEOMETRY,10.8664186,106.7264752,UTRAFFIC-HCM-V6,SOURCE_COORDINATE,SOURCE_BACKED
UTR_NODE_2240992105,UTraffic node 2240992105,INTERSECTION_OR_GEOMETRY,10.8638764,106.7211783,UTRAFFIC-HCM-V6,SOURCE_COORDINATE,SOURCE_BACKED
UTR_NODE_2241038270,UTraffic node 2241038270,INTERSECTION_OR_GEOMETRY,10.8650347,106.7236380,UTRAFFIC-HCM-V6,SOURCE_COORDINATE,SOURCE_BACKED
UTR_NODE_2241038272,UTraffic node 2241038272,INTERSECTION_OR_GEOMETRY,10.8654419,106.7240975,UTRAFFIC-HCM-V6,SOURCE_COORDINATE,SOURCE_BACKED
UTR_NODE_2241043816,UTraffic node 2241043816,INTERSECTION_OR_GEOMETRY,10.8674241,106.7376953,UTRAFFIC-HCM-V6,SOURCE_COORDINATE,SOURCE_BACKED
UTR_NODE_2241043832,UTraffic node 2241043832,INTERSECTION_OR_GEOMETRY,10.8694476,106.7319981,UTRAFFIC-HCM-V6,SOURCE_COORDINATE,SOURCE_BACKED
UTR_NODE_2241043834,UTraffic node 2241043834,INTERSECTION_OR_GEOMETRY,10.8705365,106.7341709,UTRAFFIC-HCM-V6,SOURCE_COORDINATE,SOURCE_BACKED
UTR_NODE_2241043836,UTraffic node 2241043836,INTERSECTION_OR_GEOMETRY,10.8683955,106.7298782,UTRAFFIC-HCM-V6,SOURCE_COORDINATE,SOURCE_BACKED
UTR_NODE_2241043838,UTraffic node 2241043838,INTERSECTION_OR_GEOMETRY,10.8703046,106.7337071,UTRAFFIC-HCM-V6,SOURCE_COORDINATE,SOURCE_BACKED
UTR_NODE_2241049881,UTraffic node 2241049881,INTERSECTION_OR_GEOMETRY,10.8717395,106.7375760,UTRAFFIC-HCM-V6,SOURCE_COORDINATE,SOURCE_BACKED
UTR_NODE_2241049883,UTraffic node 2241049883,INTERSECTION_OR_GEOMETRY,10.8723479,106.7414119,UTRAFFIC-HCM-V6,SOURCE_COORDINATE,SOURCE_BACKED
UTR_NODE_2241049885,UTraffic node 2241049885,INTERSECTION_OR_GEOMETRY,10.8721770,106.7406038,UTRAFFIC-HCM-V6,SOURCE_COORDINATE,SOURCE_BACKED
UTR_NODE_2241049887,UTraffic node 2241049887,INTERSECTION_OR_GEOMETRY,10.8734321,106.7448965,UTRAFFIC-HCM-V6,SOURCE_COORDINATE,SOURCE_BACKED
UTR_NODE_2241049889,UTraffic node 2241049889,INTERSECTION_OR_GEOMETRY,10.8709881,106.7351051,UTRAFFIC-HCM-V6,SOURCE_COORDINATE,SOURCE_BACKED
UTR_NODE_2241049891,UTraffic node 2241049891,INTERSECTION_OR_GEOMETRY,10.8712752,106.7358306,UTRAFFIC-HCM-V6,SOURCE_COORDINATE,SOURCE_BACKED
UTR_NODE_2241049893,UTraffic node 2241049893,INTERSECTION_OR_GEOMETRY,10.8725500,106.7421926,UTRAFFIC-HCM-V6,SOURCE_COORDINATE,SOURCE_BACKED
UTR_NODE_2241049898,UTraffic node 2241049898,INTERSECTION_OR_GEOMETRY,10.8720176,106.7396004,UTRAFFIC-HCM-V6,SOURCE_COORDINATE,SOURCE_BACKED
UTR_NODE_2241049900,UTraffic node 2241049900,INTERSECTION_OR_GEOMETRY,10.8729587,106.7434165,UTRAFFIC-HCM-V6,SOURCE_COORDINATE,SOURCE_BACKED
UTR_NODE_2241049901,UTraffic node 2241049901,INTERSECTION_OR_GEOMETRY,10.8718719,106.7383879,UTRAFFIC-HCM-V6,SOURCE_COORDINATE,SOURCE_BACKED
UTR_NODE_2241058838,UTraffic node 2241058838,INTERSECTION_OR_GEOMETRY,10.8758611,106.7523632,UTRAFFIC-HCM-V6,SOURCE_COORDINATE,SOURCE_BACKED
UTR_NODE_2241058846,UTraffic node 2241058846,INTERSECTION_OR_GEOMETRY,10.8757488,106.7524460,UTRAFFIC-HCM-V6,SOURCE_COORDINATE,SOURCE_BACKED
UTR_NODE_2274972978,UTraffic node 2274972978,INTERSECTION_OR_GEOMETRY,10.8340438,106.7653031,UTRAFFIC-HCM-V6,SOURCE_COORDINATE,SOURCE_BACKED
UTR_NODE_2274972979,UTraffic node 2274972979,INTERSECTION_OR_GEOMETRY,10.8267729,106.7612101,UTRAFFIC-HCM-V6,SOURCE_COORDINATE,SOURCE_BACKED
UTR_NODE_2274972983,UTraffic node 2274972983,INTERSECTION_OR_GEOMETRY,10.8310841,106.7636119,UTRAFFIC-HCM-V6,SOURCE_COORDINATE,SOURCE_BACKED
UTR_NODE_2274972985,UTraffic node 2274972985,INTERSECTION_OR_GEOMETRY,10.8288156,106.7623681,UTRAFFIC-HCM-V6,SOURCE_COORDINATE,SOURCE_BACKED
UTR_NODE_2325332285,UTraffic node 2325332285,INTERSECTION_OR_GEOMETRY,10.8653659,106.7235049,UTRAFFIC-HCM-V6,SOURCE_COORDINATE,SOURCE_BACKED
UTR_NODE_2325332286,UTraffic node 2325332286,INTERSECTION_OR_GEOMETRY,10.8653479,106.7241473,UTRAFFIC-HCM-V6,SOURCE_COORDINATE,SOURCE_BACKED
UTR_NODE_2325332287,UTraffic node 2325332287,INTERSECTION_OR_GEOMETRY,10.8652327,106.7241686,UTRAFFIC-HCM-V6,SOURCE_COORDINATE,SOURCE_BACKED
UTR_NODE_2325332291,UTraffic node 2325332291,INTERSECTION_OR_GEOMETRY,10.8649402,106.7240628,UTRAFFIC-HCM-V6,SOURCE_COORDINATE,SOURCE_BACKED
UTR_NODE_2325332294,UTraffic node 2325332294,INTERSECTION_OR_GEOMETRY,10.8651237,106.7235740,UTRAFFIC-HCM-V6,SOURCE_COORDINATE,SOURCE_BACKED
UTR_NODE_2325332295,UTraffic node 2325332295,INTERSECTION_OR_GEOMETRY,10.8655707,106.7240080,UTRAFFIC-HCM-V6,SOURCE_COORDINATE,SOURCE_BACKED
UTR_NODE_2325332297,UTraffic node 2325332297,INTERSECTION_OR_GEOMETRY,10.8656415,106.7237742,UTRAFFIC-HCM-V6,SOURCE_COORDINATE,SOURCE_BACKED
UTR_NODE_2325332298,UTraffic node 2325332298,INTERSECTION_OR_GEOMETRY,10.8649020,106.7239187,UTRAFFIC-HCM-V6,SOURCE_COORDINATE,SOURCE_BACKED
UTR_NODE_2325332299,UTraffic node 2325332299,INTERSECTION_OR_GEOMETRY,10.8655228,106.7235545,UTRAFFIC-HCM-V6,SOURCE_COORDINATE,SOURCE_BACKED
UTR_NODE_2326561998,UTraffic node 2326561998,INTERSECTION_OR_GEOMETRY,10.8711277,106.7327430,UTRAFFIC-HCM-V6,SOURCE_COORDINATE,SOURCE_BACKED
UTR_NODE_2326562001,UTraffic node 2326562001,INTERSECTION_OR_GEOMETRY,10.8713286,106.7327630,UTRAFFIC-HCM-V6,SOURCE_COORDINATE,SOURCE_BACKED
UTR_NODE_2326562007,UTraffic node 2326562007,INTERSECTION_OR_GEOMETRY,10.8687571,106.7334363,UTRAFFIC-HCM-V6,SOURCE_COORDINATE,SOURCE_BACKED
UTR_NODE_2326562009,UTraffic node 2326562009,INTERSECTION_OR_GEOMETRY,10.8691056,106.7334329,UTRAFFIC-HCM-V6,SOURCE_COORDINATE,SOURCE_BACKED
UTR_NODE_2326562011,UTraffic node 2326562011,INTERSECTION_OR_GEOMETRY,10.8691838,106.7333210,UTRAFFIC-HCM-V6,SOURCE_COORDINATE,SOURCE_BACKED
UTR_NODE_2326562888,UTraffic node 2326562888,INTERSECTION_OR_GEOMETRY,10.8697422,106.7327565,UTRAFFIC-HCM-V6,SOURCE_COORDINATE,SOURCE_BACKED
UTR_NODE_2326566435,UTraffic node 2326566435,INTERSECTION_OR_GEOMETRY,10.8691206,106.7343390,UTRAFFIC-HCM-V6,SOURCE_COORDINATE,SOURCE_BACKED
UTR_NODE_2326571617,UTraffic node 2326571617,INTERSECTION_OR_GEOMETRY,10.8512565,106.7546545,UTRAFFIC-HCM-V6,SOURCE_COORDINATE,SOURCE_BACKED
UTR_NODE_2326571629,UTraffic node 2326571629,INTERSECTION_OR_GEOMETRY,10.8580341,106.7490814,UTRAFFIC-HCM-V6,SOURCE_COORDINATE,SOURCE_BACKED
UTR_NODE_2326571631,UTraffic node 2326571631,INTERSECTION_OR_GEOMETRY,10.8608764,106.7456160,UTRAFFIC-HCM-V6,SOURCE_COORDINATE,SOURCE_BACKED
UTR_NODE_2326571642,UTraffic node 2326571642,INTERSECTION_OR_GEOMETRY,10.8617072,106.7446851,UTRAFFIC-HCM-V6,SOURCE_COORDINATE,SOURCE_BACKED
UTR_NODE_2326571644,UTraffic node 2326571644,INTERSECTION_OR_GEOMETRY,10.8545007,106.7508499,UTRAFFIC-HCM-V6,SOURCE_COORDINATE,SOURCE_BACKED
UTR_NODE_2326571646,UTraffic node 2326571646,INTERSECTION_OR_GEOMETRY,10.8566667,106.7499161,UTRAFFIC-HCM-V6,SOURCE_COORDINATE,SOURCE_BACKED
UTR_NODE_2326571648,UTraffic node 2326571648,INTERSECTION_OR_GEOMETRY,10.8508701,106.7548858,UTRAFFIC-HCM-V6,SOURCE_COORDINATE,SOURCE_BACKED
UTR_NODE_2326571652,UTraffic node 2326571652,INTERSECTION_OR_GEOMETRY,10.8518941,106.7508313,UTRAFFIC-HCM-V6,SOURCE_COORDINATE,SOURCE_BACKED
UTR_NODE_2326571654,UTraffic node 2326571654,INTERSECTION_OR_GEOMETRY,10.8573018,106.7496930,UTRAFFIC-HCM-V6,SOURCE_COORDINATE,SOURCE_BACKED
UTR_NODE_2326571658,UTraffic node 2326571658,INTERSECTION_OR_GEOMETRY,10.8602731,106.7462624,UTRAFFIC-HCM-V6,SOURCE_COORDINATE,SOURCE_BACKED
UTR_NODE_2326571662,UTraffic node 2326571662,INTERSECTION_OR_GEOMETRY,10.8599073,106.7466347,UTRAFFIC-HCM-V6,SOURCE_COORDINATE,SOURCE_BACKED
UTR_NODE_2326571664,UTraffic node 2326571664,INTERSECTION_OR_GEOMETRY,10.8529635,106.7511033,UTRAFFIC-HCM-V6,SOURCE_COORDINATE,SOURCE_BACKED
UTR_NODE_2326571666,UTraffic node 2326571666,INTERSECTION_OR_GEOMETRY,10.8501221,106.7528562,UTRAFFIC-HCM-V6,SOURCE_COORDINATE,SOURCE_BACKED
UTR_NODE_2326571668,UTraffic node 2326571668,INTERSECTION_OR_GEOMETRY,10.8570778,106.7498271,UTRAFFIC-HCM-V6,SOURCE_COORDINATE,SOURCE_BACKED
UTR_NODE_2326571670,UTraffic node 2326571670,INTERSECTION_OR_GEOMETRY,10.8611933,106.7453347,UTRAFFIC-HCM-V6,SOURCE_COORDINATE,SOURCE_BACKED
UTR_NODE_2326571678,UTraffic node 2326571678,INTERSECTION_OR_GEOMETRY,10.8539388,106.7489847,UTRAFFIC-HCM-V6,SOURCE_COORDINATE,SOURCE_BACKED
UTR_NODE_2326571680,UTraffic node 2326571680,INTERSECTION_OR_GEOMETRY,10.8536319,106.7488213,UTRAFFIC-HCM-V6,SOURCE_COORDINATE,SOURCE_BACKED
UTR_NODE_2326571687,UTraffic node 2326571687,INTERSECTION_OR_GEOMETRY,10.8576811,106.7493657,UTRAFFIC-HCM-V6,SOURCE_COORDINATE,SOURCE_BACKED
UTR_NODE_2326572832,UTraffic node 2326572832,INTERSECTION_OR_GEOMETRY,10.8589234,106.7485805,UTRAFFIC-HCM-V6,SOURCE_COORDINATE,SOURCE_BACKED
UTR_NODE_2326573915,UTraffic node 2326573915,INTERSECTION_OR_GEOMETRY,10.8685783,106.7335737,UTRAFFIC-HCM-V6,SOURCE_COORDINATE,SOURCE_BACKED
UTR_NODE_2326573916,UTraffic node 2326573916,INTERSECTION_OR_GEOMETRY,10.8698192,106.7327394,UTRAFFIC-HCM-V6,SOURCE_COORDINATE,SOURCE_BACKED
UTR_NODE_2332788953,UTraffic node 2332788953,INTERSECTION_OR_GEOMETRY,10.8511581,106.7548624,UTRAFFIC-HCM-V6,SOURCE_COORDINATE,SOURCE_BACKED
UTR_NODE_2332788955,UTraffic node 2332788955,INTERSECTION_OR_GEOMETRY,10.8512045,106.7548899,UTRAFFIC-HCM-V6,SOURCE_COORDINATE,SOURCE_BACKED
UTR_NODE_2332788956,UTraffic node 2332788956,INTERSECTION_OR_GEOMETRY,10.8511462,106.7550363,UTRAFFIC-HCM-V6,SOURCE_COORDINATE,SOURCE_BACKED
UTR_NODE_2332788958,UTraffic node 2332788958,INTERSECTION_OR_GEOMETRY,10.8510771,106.7550089,UTRAFFIC-HCM-V6,SOURCE_COORDINATE,SOURCE_BACKED
UTR_NODE_2332788960,UTraffic node 2332788960,INTERSECTION_OR_GEOMETRY,10.8510537,106.7549551,UTRAFFIC-HCM-V6,SOURCE_COORDINATE,SOURCE_BACKED
UTR_NODE_2332788961,UTraffic node 2332788961,INTERSECTION_OR_GEOMETRY,10.8511310,106.7548609,UTRAFFIC-HCM-V6,SOURCE_COORDINATE,SOURCE_BACKED
UTR_NODE_2332788962,UTraffic node 2332788962,INTERSECTION_OR_GEOMETRY,10.8510736,106.7548920,UTRAFFIC-HCM-V6,SOURCE_COORDINATE,SOURCE_BACKED
UTR_NODE_2332788963,UTraffic node 2332788963,INTERSECTION_OR_GEOMETRY,10.8511208,106.7550343,UTRAFFIC-HCM-V6,SOURCE_COORDINATE,SOURCE_BACKED
UTR_NODE_2332788966,UTraffic node 2332788966,INTERSECTION_OR_GEOMETRY,10.8510576,106.7549216,UTRAFFIC-HCM-V6,SOURCE_COORDINATE,SOURCE_BACKED
UTR_NODE_2332788967,UTraffic node 2332788967,INTERSECTION_OR_GEOMETRY,10.8512247,106.7549657,UTRAFFIC-HCM-V6,SOURCE_COORDINATE,SOURCE_BACKED
UTR_NODE_2332788969,UTraffic node 2332788969,INTERSECTION_OR_GEOMETRY,10.8510971,106.7550250,UTRAFFIC-HCM-V6,SOURCE_COORDINATE,SOURCE_BACKED
UTR_NODE_2332788971,UTraffic node 2332788971,INTERSECTION_OR_GEOMETRY,10.8510625,106.7549877,UTRAFFIC-HCM-V6,SOURCE_COORDINATE,SOURCE_BACKED
UTR_NODE_2332788972,UTraffic node 2332788972,INTERSECTION_OR_GEOMETRY,10.8510377,106.7547163,UTRAFFIC-HCM-V6,SOURCE_COORDINATE,SOURCE_BACKED
UTR_NODE_2332788973,UTraffic node 2332788973,INTERSECTION_OR_GEOMETRY,10.8512144,106.7549931,UTRAFFIC-HCM-V6,SOURCE_COORDINATE,SOURCE_BACKED
UTR_NODE_2332788974,UTraffic node 2332788974,INTERSECTION_OR_GEOMETRY,10.8510993,106.7548708,UTRAFFIC-HCM-V6,SOURCE_COORDINATE,SOURCE_BACKED
UTR_NODE_2332788975,UTraffic node 2332788975,INTERSECTION_OR_GEOMETRY,10.8511834,106.7548724,UTRAFFIC-HCM-V6,SOURCE_COORDINATE,SOURCE_BACKED
UTR_NODE_2332788977,UTraffic node 2332788977,INTERSECTION_OR_GEOMETRY,10.8511958,106.7550156,UTRAFFIC-HCM-V6,SOURCE_COORDINATE,SOURCE_BACKED
UTR_NODE_2332788978,UTraffic node 2332788978,INTERSECTION_OR_GEOMETRY,10.8511710,106.7550306,UTRAFFIC-HCM-V6,SOURCE_COORDINATE,SOURCE_BACKED
UTR_NODE_2333136101,UTraffic node 2333136101,INTERSECTION_OR_GEOMETRY,10.8504679,106.7619488,UTRAFFIC-HCM-V6,SOURCE_COORDINATE,SOURCE_BACKED
UTR_NODE_2333139495,UTraffic node 2333139495,INTERSECTION_OR_GEOMETRY,10.8500886,106.7675267,UTRAFFIC-HCM-V6,SOURCE_COORDINATE,SOURCE_BACKED
UTR_NODE_2338831809,UTraffic node 2338831809,INTERSECTION_OR_GEOMETRY,10.8649626,106.7241390,UTRAFFIC-HCM-V6,SOURCE_COORDINATE,SOURCE_BACKED
UTR_NODE_2338831814,UTraffic node 2338831814,INTERSECTION_OR_GEOMETRY,10.8647060,106.7240596,UTRAFFIC-HCM-V6,SOURCE_COORDINATE,SOURCE_BACKED
UTR_NODE_2338831815,UTraffic node 2338831815,INTERSECTION_OR_GEOMETRY,10.8652608,106.7239402,UTRAFFIC-HCM-V6,SOURCE_COORDINATE,SOURCE_BACKED
UTR_NODE_2338831818,UTraffic node 2338831818,INTERSECTION_OR_GEOMETRY,10.8647678,106.7241810,UTRAFFIC-HCM-V6,SOURCE_COORDINATE,SOURCE_BACKED
UTR_NODE_2338831825,UTraffic node 2338831825,INTERSECTION_OR_GEOMETRY,10.8647772,106.7240130,UTRAFFIC-HCM-V6,SOURCE_COORDINATE,SOURCE_BACKED
UTR_NODE_2338831828,UTraffic node 2338831828,INTERSECTION_OR_GEOMETRY,10.8653491,106.7243354,UTRAFFIC-HCM-V6,SOURCE_COORDINATE,SOURCE_BACKED
UTR_NODE_2360081506,UTraffic node 2360081506,INTERSECTION_OR_GEOMETRY,10.8408108,106.7693010,UTRAFFIC-HCM-V6,SOURCE_COORDINATE,SOURCE_BACKED
UTR_NODE_2360081509,UTraffic node 2360081509,INTERSECTION_OR_GEOMETRY,10.8404918,106.7691343,UTRAFFIC-HCM-V6,SOURCE_COORDINATE,SOURCE_BACKED
UTR_NODE_2360081512,UTraffic node 2360081512,INTERSECTION_OR_GEOMETRY,10.8409662,106.7692102,UTRAFFIC-HCM-V6,SOURCE_COORDINATE,SOURCE_BACKED
UTR_NODE_2418512644,UTraffic node 2418512644,INTERSECTION_OR_GEOMETRY,10.8642389,106.7243431,UTRAFFIC-HCM-V6,SOURCE_COORDINATE,SOURCE_BACKED
UTR_NODE_2418512645,UTraffic node 2418512645,INTERSECTION_OR_GEOMETRY,10.8588888,106.7235048,UTRAFFIC-HCM-V6,SOURCE_COORDINATE,SOURCE_BACKED
UTR_NODE_2418512648,UTraffic node 2418512648,INTERSECTION_OR_GEOMETRY,10.8638318,106.7245522,UTRAFFIC-HCM-V6,SOURCE_COORDINATE,SOURCE_BACKED
UTR_NODE_2418512651,UTraffic node 2418512651,INTERSECTION_OR_GEOMETRY,10.8614374,106.7244932,UTRAFFIC-HCM-V6,SOURCE_COORDINATE,SOURCE_BACKED
UTR_NODE_2418512654,UTraffic node 2418512654,INTERSECTION_OR_GEOMETRY,10.8635794,106.7246774,UTRAFFIC-HCM-V6,SOURCE_COORDINATE,SOURCE_BACKED
UTR_NODE_2418512655,UTraffic node 2418512655,INTERSECTION_OR_GEOMETRY,10.8568355,106.7227283,UTRAFFIC-HCM-V6,SOURCE_COORDINATE,SOURCE_BACKED
UTR_NODE_2418512658,UTraffic node 2418512658,INTERSECTION_OR_GEOMETRY,10.8631707,106.7248123,UTRAFFIC-HCM-V6,SOURCE_COORDINATE,SOURCE_BACKED
UTR_NODE_2418512659,UTraffic node 2418512659,INTERSECTION_OR_GEOMETRY,10.8601523,106.7239894,UTRAFFIC-HCM-V6,SOURCE_COORDINATE,SOURCE_BACKED
UTR_NODE_2418512660,UTraffic node 2418512660,INTERSECTION_OR_GEOMETRY,10.8619326,106.7246715,UTRAFFIC-HCM-V6,SOURCE_COORDINATE,SOURCE_BACKED
UTR_NODE_2418512663,UTraffic node 2418512663,INTERSECTION_OR_GEOMETRY,10.8634789,106.7247239,UTRAFFIC-HCM-V6,SOURCE_COORDINATE,SOURCE_BACKED
UTR_NODE_2418512669,UTraffic node 2418512669,INTERSECTION_OR_GEOMETRY,10.8609022,106.7242801,UTRAFFIC-HCM-V6,SOURCE_COORDINATE,SOURCE_BACKED
UTR_NODE_2418512675,UTraffic node 2418512675,INTERSECTION_OR_GEOMETRY,10.8624515,106.7248204,UTRAFFIC-HCM-V6,SOURCE_COORDINATE,SOURCE_BACKED
UTR_NODE_2418512676,UTraffic node 2418512676,INTERSECTION_OR_GEOMETRY,10.8628413,106.7248485,UTRAFFIC-HCM-V6,SOURCE_COORDINATE,SOURCE_BACKED
UTR_NODE_2418512678,UTraffic node 2418512678,INTERSECTION_OR_GEOMETRY,10.8582441,106.7232477,UTRAFFIC-HCM-V6,SOURCE_COORDINATE,SOURCE_BACKED
UTR_NODE_2418512679,UTraffic node 2418512679,INTERSECTION_OR_GEOMETRY,10.8563261,106.7225279,UTRAFFIC-HCM-V6,SOURCE_COORDINATE,SOURCE_BACKED
UTR_NODE_2418512680,UTraffic node 2418512680,INTERSECTION_OR_GEOMETRY,10.8642757,106.7244423,UTRAFFIC-HCM-V6,SOURCE_COORDINATE,SOURCE_BACKED
UTR_NODE_2418512683,UTraffic node 2418512683,INTERSECTION_OR_GEOMETRY,10.8564422,106.7226766,UTRAFFIC-HCM-V6,SOURCE_COORDINATE,SOURCE_BACKED
UTR_NODE_2418512686,UTraffic node 2418512686,INTERSECTION_OR_GEOMETRY,10.8617966,106.7247518,UTRAFFIC-HCM-V6,SOURCE_COORDINATE,SOURCE_BACKED
UTR_NODE_2418512688,UTraffic node 2418512688,INTERSECTION_OR_GEOMETRY,10.8632404,106.7249107,UTRAFFIC-HCM-V6,SOURCE_COORDINATE,SOURCE_BACKED
UTR_NODE_2418515394,UTraffic node 2418515394,INTERSECTION_OR_GEOMETRY,10.8625980,106.7248422,UTRAFFIC-HCM-V6,SOURCE_COORDINATE,SOURCE_BACKED
UTR_NODE_2418515395,UTraffic node 2418515395,INTERSECTION_OR_GEOMETRY,10.8581673,106.7223574,UTRAFFIC-HCM-V6,SOURCE_COORDINATE,SOURCE_BACKED
UTR_NODE_2418515397,UTraffic node 2418515397,INTERSECTION_OR_GEOMETRY,10.8607089,106.7242019,UTRAFFIC-HCM-V6,SOURCE_COORDINATE,SOURCE_BACKED
UTR_NODE_2418515398,UTraffic node 2418515398,INTERSECTION_OR_GEOMETRY,10.8616688,106.7216207,UTRAFFIC-HCM-V6,SOURCE_COORDINATE,SOURCE_BACKED
UTR_NODE_2418515400,UTraffic node 2418515400,INTERSECTION_OR_GEOMETRY,10.8594132,106.7237043,UTRAFFIC-HCM-V6,SOURCE_COORDINATE,SOURCE_BACKED
UTR_NODE_2418515401,UTraffic node 2418515401,INTERSECTION_OR_GEOMETRY,10.8603563,106.7219366,UTRAFFIC-HCM-V6,SOURCE_COORDINATE,SOURCE_BACKED
UTR_NODE_2418515402,UTraffic node 2418515402,INTERSECTION_OR_GEOMETRY,10.8592399,106.7221727,UTRAFFIC-HCM-V6,SOURCE_COORDINATE,SOURCE_BACKED
UTR_NODE_2445361073,UTraffic node 2445361073,INTERSECTION_OR_GEOMETRY,10.8262034,106.7621148,UTRAFFIC-HCM-V6,SOURCE_COORDINATE,SOURCE_BACKED
UTR_NODE_2445361076,UTraffic node 2445361076,INTERSECTION_OR_GEOMETRY,10.8256157,106.7613177,UTRAFFIC-HCM-V6,SOURCE_COORDINATE,SOURCE_BACKED
UTR_NODE_2445361084,UTraffic node 2445361084,INTERSECTION_OR_GEOMETRY,10.8235020,106.7610741,UTRAFFIC-HCM-V6,SOURCE_COORDINATE,SOURCE_BACKED
UTR_NODE_2445361097,UTraffic node 2445361097,INTERSECTION_OR_GEOMETRY,10.8226573,106.7609736,UTRAFFIC-HCM-V6,SOURCE_COORDINATE,SOURCE_BACKED
UTR_NODE_2445361104,UTraffic node 2445361104,INTERSECTION_OR_GEOMETRY,10.8219850,106.7604966,UTRAFFIC-HCM-V6,SOURCE_COORDINATE,SOURCE_BACKED
UTR_NODE_2445364958,UTraffic node 2445364958,INTERSECTION_OR_GEOMETRY,10.8259093,106.7653941,UTRAFFIC-HCM-V6,SOURCE_COORDINATE,SOURCE_BACKED
UTR_NODE_2445370087,UTraffic node 2445370087,INTERSECTION_OR_GEOMETRY,10.8272735,106.7695363,UTRAFFIC-HCM-V6,SOURCE_COORDINATE,SOURCE_BACKED
UTR_NODE_2445372834,UTraffic node 2445372834,INTERSECTION_OR_GEOMETRY,10.8288460,106.7660935,UTRAFFIC-HCM-V6,SOURCE_COORDINATE,SOURCE_BACKED
UTR_NODE_2445372836,UTraffic node 2445372836,INTERSECTION_OR_GEOMETRY,10.8270152,106.7677382,UTRAFFIC-HCM-V6,SOURCE_COORDINATE,SOURCE_BACKED
UTR_NODE_2445372837,UTraffic node 2445372837,INTERSECTION_OR_GEOMETRY,10.8268201,106.7672046,UTRAFFIC-HCM-V6,SOURCE_COORDINATE,SOURCE_BACKED
UTR_NODE_2445372839,UTraffic node 2445372839,INTERSECTION_OR_GEOMETRY,10.8295867,106.7654149,UTRAFFIC-HCM-V6,SOURCE_COORDINATE,SOURCE_BACKED
UTR_NODE_2445372841,UTraffic node 2445372841,INTERSECTION_OR_GEOMETRY,10.8285154,106.7662984,UTRAFFIC-HCM-V6,SOURCE_COORDINATE,SOURCE_BACKED
UTR_NODE_2445372842,UTraffic node 2445372842,INTERSECTION_OR_GEOMETRY,10.8268702,106.7674111,UTRAFFIC-HCM-V6,SOURCE_COORDINATE,SOURCE_BACKED
UTR_NODE_2445372843,UTraffic node 2445372843,INTERSECTION_OR_GEOMETRY,10.8269229,106.7671429,UTRAFFIC-HCM-V6,SOURCE_COORDINATE,SOURCE_BACKED
UTR_NODE_2445372845,UTraffic node 2445372845,INTERSECTION_OR_GEOMETRY,10.8272905,106.7669360,UTRAFFIC-HCM-V6,SOURCE_COORDINATE,SOURCE_BACKED
UTR_NODE_2445372846,UTraffic node 2445372846,INTERSECTION_OR_GEOMETRY,10.8277403,106.7687186,UTRAFFIC-HCM-V6,SOURCE_COORDINATE,SOURCE_BACKED
UTR_NODE_2445372849,UTraffic node 2445372849,INTERSECTION_OR_GEOMETRY,10.8276539,106.7667647,UTRAFFIC-HCM-V6,SOURCE_COORDINATE,SOURCE_BACKED
UTR_NODE_2445372850,UTraffic node 2445372850,INTERSECTION_OR_GEOMETRY,10.8270545,106.7670893,UTRAFFIC-HCM-V6,SOURCE_COORDINATE,SOURCE_BACKED
UTR_NODE_2445372851,UTraffic node 2445372851,INTERSECTION_OR_GEOMETRY,10.8275578,106.7667849,UTRAFFIC-HCM-V6,SOURCE_COORDINATE,SOURCE_BACKED
UTR_NODE_2445372855,UTraffic node 2445372855,INTERSECTION_OR_GEOMETRY,10.8267360,106.7672250,UTRAFFIC-HCM-V6,SOURCE_COORDINATE,SOURCE_BACKED
UTR_NODE_2462902989,UTraffic node 2462902989,INTERSECTION_OR_GEOMETRY,10.8396495,106.7395189,UTRAFFIC-HCM-V6,SOURCE_COORDINATE,SOURCE_BACKED
UTR_NODE_2489022403,UTraffic node 2489022403,INTERSECTION_OR_GEOMETRY,10.8453529,106.7265060,UTRAFFIC-HCM-V6,SOURCE_COORDINATE,SOURCE_BACKED
UTR_NODE_2493362984,UTraffic node 2493362984,INTERSECTION_OR_GEOMETRY,10.8292319,106.7225292,UTRAFFIC-HCM-V6,SOURCE_COORDINATE,SOURCE_BACKED
UTR_NODE_2493362991,UTraffic node 2493362991,INTERSECTION_OR_GEOMETRY,10.8309514,106.7243356,UTRAFFIC-HCM-V6,SOURCE_COORDINATE,SOURCE_BACKED
UTR_NODE_2493363003,UTraffic node 2493363003,INTERSECTION_OR_GEOMETRY,10.8304918,106.7244359,UTRAFFIC-HCM-V6,SOURCE_COORDINATE,SOURCE_BACKED
UTR_NODE_2493364042,UTraffic node 2493364042,INTERSECTION_OR_GEOMETRY,10.8308142,106.7243729,UTRAFFIC-HCM-V6,SOURCE_COORDINATE,SOURCE_BACKED
UTR_NODE_2493364048,UTraffic node 2493364048,INTERSECTION_OR_GEOMETRY,10.8292600,106.7225589,UTRAFFIC-HCM-V6,SOURCE_COORDINATE,SOURCE_BACKED
UTR_NODE_2493364054,UTraffic node 2493364054,INTERSECTION_OR_GEOMETRY,10.8297932,106.7231949,UTRAFFIC-HCM-V6,SOURCE_COORDINATE,SOURCE_BACKED
UTR_NODE_2496976458,UTraffic node 2496976458,INTERSECTION_OR_GEOMETRY,10.8670888,106.7575192,UTRAFFIC-HCM-V6,SOURCE_COORDINATE,SOURCE_BACKED
UTR_NODE_2498532274,UTraffic node 2498532274,INTERSECTION_OR_GEOMETRY,10.8557312,106.7666785,UTRAFFIC-HCM-V6,SOURCE_COORDINATE,SOURCE_BACKED
UTR_NODE_2622546598,UTraffic node 2622546598,INTERSECTION_OR_GEOMETRY,10.8464391,106.7611577,UTRAFFIC-HCM-V6,SOURCE_COORDINATE,SOURCE_BACKED
UTR_NODE_2622546619,UTraffic node 2622546619,INTERSECTION_OR_GEOMETRY,10.8540934,106.7709535,UTRAFFIC-HCM-V6,SOURCE_COORDINATE,SOURCE_BACKED
UTR_NODE_2674326881,UTraffic node 2674326881,INTERSECTION_OR_GEOMETRY,10.8451409,106.7874405,UTRAFFIC-HCM-V6,SOURCE_COORDINATE,SOURCE_BACKED
UTR_NODE_2697217614,UTraffic node 2697217614,INTERSECTION_OR_GEOMETRY,10.8413138,106.7694083,UTRAFFIC-HCM-V6,SOURCE_COORDINATE,SOURCE_BACKED
UTR_NODE_2697217617,UTraffic node 2697217617,INTERSECTION_OR_GEOMETRY,10.8366827,106.7659756,UTRAFFIC-HCM-V6,SOURCE_COORDINATE,SOURCE_BACKED
UTR_NODE_2776784764,UTraffic node 2776784764,INTERSECTION_OR_GEOMETRY,10.8341161,106.7810546,UTRAFFIC-HCM-V6,SOURCE_COORDINATE,SOURCE_BACKED
UTR_NODE_2929925882,UTraffic node 2929925882,INTERSECTION_OR_GEOMETRY,10.8531573,106.7516469,UTRAFFIC-HCM-V6,SOURCE_COORDINATE,SOURCE_BACKED
UTR_NODE_2929925883,UTraffic node 2929925883,INTERSECTION_OR_GEOMETRY,10.8530695,106.7517948,UTRAFFIC-HCM-V6,SOURCE_COORDINATE,SOURCE_BACKED
UTR_NODE_2940183148,UTraffic node 2940183148,INTERSECTION_OR_GEOMETRY,10.8495849,106.7744053,UTRAFFIC-HCM-V6,SOURCE_COORDINATE,SOURCE_BACKED
UTR_NODE_2940185170,UTraffic node 2940185170,INTERSECTION_OR_GEOMETRY,10.8565551,106.7855158,UTRAFFIC-HCM-V6,SOURCE_COORDINATE,SOURCE_BACKED
UTR_NODE_2940185179,UTraffic node 2940185179,INTERSECTION_OR_GEOMETRY,10.8578302,106.7877117,UTRAFFIC-HCM-V6,SOURCE_COORDINATE,SOURCE_BACKED
UTR_NODE_2940857407,UTraffic node 2940857407,INTERSECTION_OR_GEOMETRY,10.8693764,106.7476382,UTRAFFIC-HCM-V6,SOURCE_COORDINATE,SOURCE_BACKED
UTR_NODE_2946995065,UTraffic node 2946995065,INTERSECTION_OR_GEOMETRY,10.8674582,106.7880815,UTRAFFIC-HCM-V6,SOURCE_COORDINATE,SOURCE_BACKED
UTR_NODE_2946995066,UTraffic node 2946995066,INTERSECTION_OR_GEOMETRY,10.8678233,106.7878882,UTRAFFIC-HCM-V6,SOURCE_COORDINATE,SOURCE_BACKED
UTR_NODE_2946995067,UTraffic node 2946995067,INTERSECTION_OR_GEOMETRY,10.8678589,106.7878594,UTRAFFIC-HCM-V6,SOURCE_COORDINATE,SOURCE_BACKED
UTR_NODE_2946995071,UTraffic node 2946995071,INTERSECTION_OR_GEOMETRY,10.8678908,106.7877279,UTRAFFIC-HCM-V6,SOURCE_COORDINATE,SOURCE_BACKED
UTR_NODE_2946995079,UTraffic node 2946995079,INTERSECTION_OR_GEOMETRY,10.8672947,106.7877298,UTRAFFIC-HCM-V6,SOURCE_COORDINATE,SOURCE_BACKED
UTR_NODE_2946995090,UTraffic node 2946995090,INTERSECTION_OR_GEOMETRY,10.8642645,106.7668003,UTRAFFIC-HCM-V6,SOURCE_COORDINATE,SOURCE_BACKED
UTR_NODE_2946995091,UTraffic node 2946995091,INTERSECTION_OR_GEOMETRY,10.8642100,106.7665168,UTRAFFIC-HCM-V6,SOURCE_COORDINATE,SOURCE_BACKED
UTR_NODE_2946995092,UTraffic node 2946995092,INTERSECTION_OR_GEOMETRY,10.8641797,106.7663628,UTRAFFIC-HCM-V6,SOURCE_COORDINATE,SOURCE_BACKED
UTR_NODE_2946995096,UTraffic node 2946995096,INTERSECTION_OR_GEOMETRY,10.8675871,106.7749133,UTRAFFIC-HCM-V6,SOURCE_COORDINATE,SOURCE_BACKED
UTR_NODE_2946995098,UTraffic node 2946995098,INTERSECTION_OR_GEOMETRY,10.8607826,106.7717506,UTRAFFIC-HCM-V6,SOURCE_COORDINATE,SOURCE_BACKED
UTR_NODE_2946995110,UTraffic node 2946995110,INTERSECTION_OR_GEOMETRY,10.8551826,106.7735859,UTRAFFIC-HCM-V6,SOURCE_COORDINATE,SOURCE_BACKED
UTR_NODE_2946995111,UTraffic node 2946995111,INTERSECTION_OR_GEOMETRY,10.8550434,106.7733764,UTRAFFIC-HCM-V6,SOURCE_COORDINATE,SOURCE_BACKED
UTR_NODE_2946995112,UTraffic node 2946995112,INTERSECTION_OR_GEOMETRY,10.8547892,106.7731114,UTRAFFIC-HCM-V6,SOURCE_COORDINATE,SOURCE_BACKED
UTR_NODE_2946995114,UTraffic node 2946995114,INTERSECTION_OR_GEOMETRY,10.8546379,106.7730251,UTRAFFIC-HCM-V6,SOURCE_COORDINATE,SOURCE_BACKED
UTR_NODE_2946995115,UTraffic node 2946995115,INTERSECTION_OR_GEOMETRY,10.8569564,106.7766016,UTRAFFIC-HCM-V6,SOURCE_COORDINATE,SOURCE_BACKED
UTR_NODE_2946995116,UTraffic node 2946995116,INTERSECTION_OR_GEOMETRY,10.8571009,106.7767380,UTRAFFIC-HCM-V6,SOURCE_COORDINATE,SOURCE_BACKED
UTR_NODE_2946995117,UTraffic node 2946995117,INTERSECTION_OR_GEOMETRY,10.8572156,106.7768335,UTRAFFIC-HCM-V6,SOURCE_COORDINATE,SOURCE_BACKED
UTR_NODE_2946995118,UTraffic node 2946995118,INTERSECTION_OR_GEOMETRY,10.8590240,106.7779324,UTRAFFIC-HCM-V6,SOURCE_COORDINATE,SOURCE_BACKED
UTR_NODE_2946995148,UTraffic node 2946995148,INTERSECTION_OR_GEOMETRY,10.8629506,106.7801490,UTRAFFIC-HCM-V6,SOURCE_COORDINATE,SOURCE_BACKED
UTR_NODE_2947040945,UTraffic node 2947040945,INTERSECTION_OR_GEOMETRY,10.8563423,106.7662668,UTRAFFIC-HCM-V6,SOURCE_COORDINATE,SOURCE_BACKED
UTR_NODE_2947040946,UTraffic node 2947040946,INTERSECTION_OR_GEOMETRY,10.8564661,106.7661380,UTRAFFIC-HCM-V6,SOURCE_COORDINATE,SOURCE_BACKED
UTR_NODE_2947040947,UTraffic node 2947040947,INTERSECTION_OR_GEOMETRY,10.8564029,106.7662185,UTRAFFIC-HCM-V6,SOURCE_COORDINATE,SOURCE_BACKED
UTR_NODE_2947041203,UTraffic node 2947041203,INTERSECTION_OR_GEOMETRY,10.8557965,106.7666036,UTRAFFIC-HCM-V6,SOURCE_COORDINATE,SOURCE_BACKED
UTR_NODE_2947041239,UTraffic node 2947041239,INTERSECTION_OR_GEOMETRY,10.8504383,106.7671141,UTRAFFIC-HCM-V6,SOURCE_COORDINATE,SOURCE_BACKED
UTR_NODE_2947041240,UTraffic node 2947041240,INTERSECTION_OR_GEOMETRY,10.8504691,106.7670483,UTRAFFIC-HCM-V6,SOURCE_COORDINATE,SOURCE_BACKED
UTR_NODE_2947041241,UTraffic node 2947041241,INTERSECTION_OR_GEOMETRY,10.8504031,106.7672009,UTRAFFIC-HCM-V6,SOURCE_COORDINATE,SOURCE_BACKED
UTR_NODE_2947041242,UTraffic node 2947041242,INTERSECTION_OR_GEOMETRY,10.8502335,106.7674401,UTRAFFIC-HCM-V6,SOURCE_COORDINATE,SOURCE_BACKED
UTR_NODE_2947041243,UTraffic node 2947041243,INTERSECTION_OR_GEOMETRY,10.8499388,106.7676702,UTRAFFIC-HCM-V6,SOURCE_COORDINATE,SOURCE_BACKED
UTR_NODE_2947041244,UTraffic node 2947041244,INTERSECTION_OR_GEOMETRY,10.8498710,106.7677515,UTRAFFIC-HCM-V6,SOURCE_COORDINATE,SOURCE_BACKED
UTR_NODE_2947067512,UTraffic node 2947067512,INTERSECTION_OR_GEOMETRY,10.8348329,106.7649231,UTRAFFIC-HCM-V6,SOURCE_COORDINATE,SOURCE_BACKED
UTR_NODE_2947068243,UTraffic node 2947068243,INTERSECTION_OR_GEOMETRY,10.8344056,106.7556342,UTRAFFIC-HCM-V6,SOURCE_COORDINATE,SOURCE_BACKED
UTR_NODE_2947068244,UTraffic node 2947068244,INTERSECTION_OR_GEOMETRY,10.8346854,106.7550896,UTRAFFIC-HCM-V6,SOURCE_COORDINATE,SOURCE_BACKED
UTR_NODE_2947068245,UTraffic node 2947068245,INTERSECTION_OR_GEOMETRY,10.8346257,106.7552733,UTRAFFIC-HCM-V6,SOURCE_COORDINATE,SOURCE_BACKED
UTR_NODE_2947068247,UTraffic node 2947068247,INTERSECTION_OR_GEOMETRY,10.8341220,106.7558491,UTRAFFIC-HCM-V6,SOURCE_COORDINATE,SOURCE_BACKED
UTR_NODE_2947068248,UTraffic node 2947068248,INTERSECTION_OR_GEOMETRY,10.8333106,106.7562568,UTRAFFIC-HCM-V6,SOURCE_COORDINATE,SOURCE_BACKED
UTR_NODE_2947068249,UTraffic node 2947068249,INTERSECTION_OR_GEOMETRY,10.8329272,106.7564700,UTRAFFIC-HCM-V6,SOURCE_COORDINATE,SOURCE_BACKED
UTR_NODE_2947068250,UTraffic node 2947068250,INTERSECTION_OR_GEOMETRY,10.8325586,106.7567329,UTRAFFIC-HCM-V6,SOURCE_COORDINATE,SOURCE_BACKED
UTR_NODE_2947068251,UTraffic node 2947068251,INTERSECTION_OR_GEOMETRY,10.8323627,106.7568785,UTRAFFIC-HCM-V6,SOURCE_COORDINATE,SOURCE_BACKED
UTR_NODE_2947068252,UTraffic node 2947068252,INTERSECTION_OR_GEOMETRY,10.8320320,106.7572136,UTRAFFIC-HCM-V6,SOURCE_COORDINATE,SOURCE_BACKED
UTR_NODE_2947068253,UTraffic node 2947068253,INTERSECTION_OR_GEOMETRY,10.8319412,106.7573184,UTRAFFIC-HCM-V6,SOURCE_COORDINATE,SOURCE_BACKED
UTR_NODE_2947068254,UTraffic node 2947068254,INTERSECTION_OR_GEOMETRY,10.8294037,106.7619240,UTRAFFIC-HCM-V6,SOURCE_COORDINATE,SOURCE_BACKED
UTR_NODE_2947068255,UTraffic node 2947068255,INTERSECTION_OR_GEOMETRY,10.8317884,106.7575759,UTRAFFIC-HCM-V6,SOURCE_COORDINATE,SOURCE_BACKED
UTR_NODE_2947068256,UTraffic node 2947068256,INTERSECTION_OR_GEOMETRY,10.8321994,106.7570180,UTRAFFIC-HCM-V6,SOURCE_COORDINATE,SOURCE_BACKED
UTR_NODE_2947068291,UTraffic node 2947068291,INTERSECTION_OR_GEOMETRY,10.8345485,106.7554732,UTRAFFIC-HCM-V6,SOURCE_COORDINATE,SOURCE_BACKED
UTR_NODE_2947068292,UTraffic node 2947068292,INTERSECTION_OR_GEOMETRY,10.8398032,106.7482930,UTRAFFIC-HCM-V6,SOURCE_COORDINATE,SOURCE_BACKED
UTR_NODE_2947068293,UTraffic node 2947068293,INTERSECTION_OR_GEOMETRY,10.8394361,106.7485315,UTRAFFIC-HCM-V6,SOURCE_COORDINATE,SOURCE_BACKED
UTR_NODE_2947068294,UTraffic node 2947068294,INTERSECTION_OR_GEOMETRY,10.8407242,106.7453774,UTRAFFIC-HCM-V6,SOURCE_COORDINATE,SOURCE_BACKED
UTR_NODE_2947068295,UTraffic node 2947068295,INTERSECTION_OR_GEOMETRY,10.8407240,106.7451199,UTRAFFIC-HCM-V6,SOURCE_COORDINATE,SOURCE_BACKED
UTR_NODE_2947068296,UTraffic node 2947068296,INTERSECTION_OR_GEOMETRY,10.8418802,106.7468692,UTRAFFIC-HCM-V6,SOURCE_COORDINATE,SOURCE_BACKED
UTR_NODE_2947068297,UTraffic node 2947068297,INTERSECTION_OR_GEOMETRY,10.8410754,106.7474385,UTRAFFIC-HCM-V6,SOURCE_COORDINATE,SOURCE_BACKED
UTR_NODE_2947068298,UTraffic node 2947068298,INTERSECTION_OR_GEOMETRY,10.8401810,106.7480597,UTRAFFIC-HCM-V6,SOURCE_COORDINATE,SOURCE_BACKED
UTR_NODE_2947068299,UTraffic node 2947068299,INTERSECTION_OR_GEOMETRY,10.8392889,106.7486294,UTRAFFIC-HCM-V6,SOURCE_COORDINATE,SOURCE_BACKED
UTR_NODE_2947068300,UTraffic node 2947068300,INTERSECTION_OR_GEOMETRY,10.8389828,106.7488923,UTRAFFIC-HCM-V6,SOURCE_COORDINATE,SOURCE_BACKED
UTR_NODE_2947068301,UTraffic node 2947068301,INTERSECTION_OR_GEOMETRY,10.8387676,106.7490826,UTRAFFIC-HCM-V6,SOURCE_COORDINATE,SOURCE_BACKED
UTR_NODE_2947068302,UTraffic node 2947068302,INTERSECTION_OR_GEOMETRY,10.8385657,106.7492988,UTRAFFIC-HCM-V6,SOURCE_COORDINATE,SOURCE_BACKED
UTR_NODE_2947068303,UTraffic node 2947068303,INTERSECTION_OR_GEOMETRY,10.8383693,106.7495307,UTRAFFIC-HCM-V6,SOURCE_COORDINATE,SOURCE_BACKED
UTR_NODE_2947068304,UTraffic node 2947068304,INTERSECTION_OR_GEOMETRY,10.8382271,106.7497735,UTRAFFIC-HCM-V6,SOURCE_COORDINATE,SOURCE_BACKED
UTR_NODE_2947068305,UTraffic node 2947068305,INTERSECTION_OR_GEOMETRY,10.8377271,106.7508336,UTRAFFIC-HCM-V6,SOURCE_COORDINATE,SOURCE_BACKED
UTR_NODE_2947068306,UTraffic node 2947068306,INTERSECTION_OR_GEOMETRY,10.8371905,106.7520058,UTRAFFIC-HCM-V6,SOURCE_COORDINATE,SOURCE_BACKED
UTR_NODE_2947068307,UTraffic node 2947068307,INTERSECTION_OR_GEOMETRY,10.8370850,106.7522533,UTRAFFIC-HCM-V6,SOURCE_COORDINATE,SOURCE_BACKED
UTR_NODE_2947068308,UTraffic node 2947068308,INTERSECTION_OR_GEOMETRY,10.8370162,106.7523934,UTRAFFIC-HCM-V6,SOURCE_COORDINATE,SOURCE_BACKED
UTR_NODE_2947068309,UTraffic node 2947068309,INTERSECTION_OR_GEOMETRY,10.8368373,106.7525755,UTRAFFIC-HCM-V6,SOURCE_COORDINATE,SOURCE_BACKED
UTR_NODE_2947068310,UTraffic node 2947068310,INTERSECTION_OR_GEOMETRY,10.8366309,106.7527670,UTRAFFIC-HCM-V6,SOURCE_COORDINATE,SOURCE_BACKED
UTR_NODE_2947068311,UTraffic node 2947068311,INTERSECTION_OR_GEOMETRY,10.8363282,106.7530379,UTRAFFIC-HCM-V6,SOURCE_COORDINATE,SOURCE_BACKED
UTR_NODE_2947068312,UTraffic node 2947068312,INTERSECTION_OR_GEOMETRY,10.8355279,106.7539079,UTRAFFIC-HCM-V6,SOURCE_COORDINATE,SOURCE_BACKED
UTR_NODE_2947068313,UTraffic node 2947068313,INTERSECTION_OR_GEOMETRY,10.8351907,106.7542754,UTRAFFIC-HCM-V6,SOURCE_COORDINATE,SOURCE_BACKED
UTR_NODE_2947068314,UTraffic node 2947068314,INTERSECTION_OR_GEOMETRY,10.8347727,106.7546794,UTRAFFIC-HCM-V6,SOURCE_COORDINATE,SOURCE_BACKED
UTR_NODE_2947068390,UTraffic node 2947068390,INTERSECTION_OR_GEOMETRY,10.8353062,106.7652216,UTRAFFIC-HCM-V6,SOURCE_COORDINATE,SOURCE_BACKED
UTR_NODE_2947068442,UTraffic node 2947068442,INTERSECTION_OR_GEOMETRY,10.8485905,106.7529815,UTRAFFIC-HCM-V6,SOURCE_COORDINATE,SOURCE_BACKED
UTR_NODE_2947068443,UTraffic node 2947068443,INTERSECTION_OR_GEOMETRY,10.8490194,106.7533269,UTRAFFIC-HCM-V6,SOURCE_COORDINATE,SOURCE_BACKED
UTR_NODE_2951396135,UTraffic node 2951396135,INTERSECTION_OR_GEOMETRY,10.8769695,106.7570243,UTRAFFIC-HCM-V6,SOURCE_COORDINATE,SOURCE_BACKED
UTR_NODE_2951396136,UTraffic node 2951396136,INTERSECTION_OR_GEOMETRY,10.8773447,106.7581789,UTRAFFIC-HCM-V6,SOURCE_COORDINATE,SOURCE_BACKED
UTR_NODE_2951396137,UTraffic node 2951396137,INTERSECTION_OR_GEOMETRY,10.8760194,106.7550326,UTRAFFIC-HCM-V6,SOURCE_COORDINATE,SOURCE_BACKED
UTR_NODE_2951396138,UTraffic node 2951396138,INTERSECTION_OR_GEOMETRY,10.8761060,106.7549983,UTRAFFIC-HCM-V6,SOURCE_COORDINATE,SOURCE_BACKED
UTR_NODE_2951396142,UTraffic node 2951396142,INTERSECTION_OR_GEOMETRY,10.8764105,106.7552111,UTRAFFIC-HCM-V6,SOURCE_COORDINATE,SOURCE_BACKED
UTR_NODE_2952824771,UTraffic node 2952824771,INTERSECTION_OR_GEOMETRY,10.8643429,106.7462370,UTRAFFIC-HCM-V6,SOURCE_COORDINATE,SOURCE_BACKED
UTR_NODE_2952824772,UTraffic node 2952824772,INTERSECTION_OR_GEOMETRY,10.8655090,106.7471477,UTRAFFIC-HCM-V6,SOURCE_COORDINATE,SOURCE_BACKED
UTR_NODE_2952824774,UTraffic node 2952824774,INTERSECTION_OR_GEOMETRY,10.8660253,106.7474571,UTRAFFIC-HCM-V6,SOURCE_COORDINATE,SOURCE_BACKED
UTR_NODE_2952824775,UTraffic node 2952824775,INTERSECTION_OR_GEOMETRY,10.8664428,106.7476482,UTRAFFIC-HCM-V6,SOURCE_COORDINATE,SOURCE_BACKED
UTR_NODE_2952824776,UTraffic node 2952824776,INTERSECTION_OR_GEOMETRY,10.8670238,106.7478392,UTRAFFIC-HCM-V6,SOURCE_COORDINATE,SOURCE_BACKED
UTR_NODE_2952824777,UTraffic node 2952824777,INTERSECTION_OR_GEOMETRY,10.8673445,106.7479324,UTRAFFIC-HCM-V6,SOURCE_COORDINATE,SOURCE_BACKED
UTR_NODE_2952824778,UTraffic node 2952824778,INTERSECTION_OR_GEOMETRY,10.8691481,106.7479235,UTRAFFIC-HCM-V6,SOURCE_COORDINATE,SOURCE_BACKED
UTR_NODE_2952824779,UTraffic node 2952824779,INTERSECTION_OR_GEOMETRY,10.8684719,106.7478756,UTRAFFIC-HCM-V6,SOURCE_COORDINATE,SOURCE_BACKED
UTR_NODE_2952824830,UTraffic node 2952824830,INTERSECTION_OR_GEOMETRY,10.8682690,106.7478863,UTRAFFIC-HCM-V6,SOURCE_COORDINATE,SOURCE_BACKED
UTR_NODE_2952826161,UTraffic node 2952826161,INTERSECTION_OR_GEOMETRY,10.8709809,106.7463820,UTRAFFIC-HCM-V6,SOURCE_COORDINATE,SOURCE_BACKED
UTR_NODE_2952826196,UTraffic node 2952826196,INTERSECTION_OR_GEOMETRY,10.8591634,106.7484422,UTRAFFIC-HCM-V6,SOURCE_COORDINATE,SOURCE_BACKED
UTR_NODE_2952826246,UTraffic node 2952826246,INTERSECTION_OR_GEOMETRY,10.8582450,106.7489518,UTRAFFIC-HCM-V6,SOURCE_COORDINATE,SOURCE_BACKED
UTR_NODE_2952826247,UTraffic node 2952826247,INTERSECTION_OR_GEOMETRY,10.8596497,106.7472491,UTRAFFIC-HCM-V6,SOURCE_COORDINATE,SOURCE_BACKED
UTR_NODE_2952826248,UTraffic node 2952826248,INTERSECTION_OR_GEOMETRY,10.8596536,106.7477818,UTRAFFIC-HCM-V6,SOURCE_COORDINATE,SOURCE_BACKED
UTR_NODE_2952826250,UTraffic node 2952826250,INTERSECTION_OR_GEOMETRY,10.8596530,106.7471517,UTRAFFIC-HCM-V6,SOURCE_COORDINATE,SOURCE_BACKED
UTR_NODE_2952826256,UTraffic node 2952826256,INTERSECTION_OR_GEOMETRY,10.8596486,106.7474172,UTRAFFIC-HCM-V6,SOURCE_COORDINATE,SOURCE_BACKED
UTR_NODE_2952826267,UTraffic node 2952826267,INTERSECTION_OR_GEOMETRY,10.8578034,106.7492672,UTRAFFIC-HCM-V6,SOURCE_COORDINATE,SOURCE_BACKED
UTR_NODE_2952826281,UTraffic node 2952826281,INTERSECTION_OR_GEOMETRY,10.8573521,106.7496496,UTRAFFIC-HCM-V6,SOURCE_COORDINATE,SOURCE_BACKED
UTR_NODE_2952826337,UTraffic node 2952826337,INTERSECTION_OR_GEOMETRY,10.8466907,106.7462907,UTRAFFIC-HCM-V6,SOURCE_COORDINATE,SOURCE_BACKED
UTR_NODE_2952826370,UTraffic node 2952826370,INTERSECTION_OR_GEOMETRY,10.8542554,106.7508902,UTRAFFIC-HCM-V6,SOURCE_COORDINATE,SOURCE_BACKED
UTR_NODE_2952826371,UTraffic node 2952826371,INTERSECTION_OR_GEOMETRY,10.8540608,106.7509610,UTRAFFIC-HCM-V6,SOURCE_COORDINATE,SOURCE_BACKED
UTR_NODE_2952826390,UTraffic node 2952826390,INTERSECTION_OR_GEOMETRY,10.8608985,106.7420600,UTRAFFIC-HCM-V6,SOURCE_COORDINATE,SOURCE_BACKED
UTR_NODE_2952826392,UTraffic node 2952826392,INTERSECTION_OR_GEOMETRY,10.8599243,106.7412635,UTRAFFIC-HCM-V6,SOURCE_COORDINATE,SOURCE_BACKED
UTR_NODE_2952826393,UTraffic node 2952826393,INTERSECTION_OR_GEOMETRY,10.8593433,106.7407402,UTRAFFIC-HCM-V6,SOURCE_COORDINATE,SOURCE_BACKED
UTR_NODE_2952826394,UTraffic node 2952826394,INTERSECTION_OR_GEOMETRY,10.8588454,106.7403367,UTRAFFIC-HCM-V6,SOURCE_COORDINATE,SOURCE_BACKED
UTR_NODE_2952826395,UTraffic node 2952826395,INTERSECTION_OR_GEOMETRY,10.8581279,106.7397595,UTRAFFIC-HCM-V6,SOURCE_COORDINATE,SOURCE_BACKED
UTR_NODE_2952826396,UTraffic node 2952826396,INTERSECTION_OR_GEOMETRY,10.8562554,106.7382928,UTRAFFIC-HCM-V6,SOURCE_COORDINATE,SOURCE_BACKED
UTR_NODE_2952826398,UTraffic node 2952826398,INTERSECTION_OR_GEOMETRY,10.8560454,106.7381233,UTRAFFIC-HCM-V6,SOURCE_COORDINATE,SOURCE_BACKED
UTR_NODE_2952826403,UTraffic node 2952826403,INTERSECTION_OR_GEOMETRY,10.8595607,106.7409265,UTRAFFIC-HCM-V6,SOURCE_COORDINATE,SOURCE_BACKED
UTR_NODE_2953641341,UTraffic node 2953641341,INTERSECTION_OR_GEOMETRY,10.8595444,106.7597075,UTRAFFIC-HCM-V6,SOURCE_COORDINATE,SOURCE_BACKED
UTR_NODE_2953641343,UTraffic node 2953641343,INTERSECTION_OR_GEOMETRY,10.8597984,106.7600311,UTRAFFIC-HCM-V6,SOURCE_COORDINATE,SOURCE_BACKED
UTR_NODE_2953641345,UTraffic node 2953641345,INTERSECTION_OR_GEOMETRY,10.8603851,106.7606213,UTRAFFIC-HCM-V6,SOURCE_COORDINATE,SOURCE_BACKED
UTR_NODE_2953641346,UTraffic node 2953641346,INTERSECTION_OR_GEOMETRY,10.8607843,106.7608653,UTRAFFIC-HCM-V6,SOURCE_COORDINATE,SOURCE_BACKED
UTR_NODE_2953641347,UTraffic node 2953641347,INTERSECTION_OR_GEOMETRY,10.8607977,106.7611162,UTRAFFIC-HCM-V6,SOURCE_COORDINATE,SOURCE_BACKED
UTR_NODE_2953641348,UTraffic node 2953641348,INTERSECTION_OR_GEOMETRY,10.8605941,106.7614455,UTRAFFIC-HCM-V6,SOURCE_COORDINATE,SOURCE_BACKED
UTR_NODE_2953641350,UTraffic node 2953641350,INTERSECTION_OR_GEOMETRY,10.8594222,106.7596016,UTRAFFIC-HCM-V6,SOURCE_COORDINATE,SOURCE_BACKED
UTR_NODE_2953642940,UTraffic node 2953642940,INTERSECTION_OR_GEOMETRY,10.8754354,106.7520080,UTRAFFIC-HCM-V6,SOURCE_COORDINATE,SOURCE_BACKED
UTR_NODE_2953644078,UTraffic node 2953644078,INTERSECTION_OR_GEOMETRY,10.8757188,106.7560029,UTRAFFIC-HCM-V6,SOURCE_COORDINATE,SOURCE_BACKED
UTR_NODE_2953644107,UTraffic node 2953644107,INTERSECTION_OR_GEOMETRY,10.8757895,106.7513312,UTRAFFIC-HCM-V6,SOURCE_COORDINATE,SOURCE_BACKED
UTR_NODE_2953644109,UTraffic node 2953644109,INTERSECTION_OR_GEOMETRY,10.8723929,106.7545312,UTRAFFIC-HCM-V6,SOURCE_COORDINATE,SOURCE_BACKED
UTR_NODE_2953644134,UTraffic node 2953644134,INTERSECTION_OR_GEOMETRY,10.8704841,106.7632996,UTRAFFIC-HCM-V6,SOURCE_COORDINATE,SOURCE_BACKED
UTR_NODE_2954673318,UTraffic node 2954673318,INTERSECTION_OR_GEOMETRY,10.8684975,106.7794278,UTRAFFIC-HCM-V6,SOURCE_COORDINATE,SOURCE_BACKED
UTR_NODE_2954706296,UTraffic node 2954706296,INTERSECTION_OR_GEOMETRY,10.8711563,106.7809976,UTRAFFIC-HCM-V6,SOURCE_COORDINATE,SOURCE_BACKED
UTR_NODE_2954721023,UTraffic node 2954721023,INTERSECTION_OR_GEOMETRY,10.8694768,106.7764115,UTRAFFIC-HCM-V6,SOURCE_COORDINATE,SOURCE_BACKED
UTR_NODE_2954721028,UTraffic node 2954721028,INTERSECTION_OR_GEOMETRY,10.8692517,106.7757714,UTRAFFIC-HCM-V6,SOURCE_COORDINATE,SOURCE_BACKED
UTR_NODE_2954721034,UTraffic node 2954721034,INTERSECTION_OR_GEOMETRY,10.8691944,106.7772760,UTRAFFIC-HCM-V6,SOURCE_COORDINATE,SOURCE_BACKED
UTR_NODE_2955347886,UTraffic node 2955347886,INTERSECTION_OR_GEOMETRY,10.8704488,106.7734857,UTRAFFIC-HCM-V6,SOURCE_COORDINATE,SOURCE_BACKED
UTR_NODE_2955347908,UTraffic node 2955347908,INTERSECTION_OR_GEOMETRY,10.8627062,106.7726741,UTRAFFIC-HCM-V6,SOURCE_COORDINATE,SOURCE_BACKED
UTR_NODE_2955347974,UTraffic node 2955347974,INTERSECTION_OR_GEOMETRY,10.8718419,106.7641195,UTRAFFIC-HCM-V6,SOURCE_COORDINATE,SOURCE_BACKED
UTR_NODE_2963929783,UTraffic node 2963929783,INTERSECTION_OR_GEOMETRY,10.8497454,106.7691774,UTRAFFIC-HCM-V6,SOURCE_COORDINATE,SOURCE_BACKED
UTR_NODE_2963992317,UTraffic node 2963992317,INTERSECTION_OR_GEOMETRY,10.8675761,106.7283140,UTRAFFIC-HCM-V6,SOURCE_COORDINATE,SOURCE_BACKED
UTR_NODE_2963992318,UTraffic node 2963992318,INTERSECTION_OR_GEOMETRY,10.8784792,106.7218547,UTRAFFIC-HCM-V6,SOURCE_COORDINATE,SOURCE_BACKED
UTR_NODE_2963992319,UTraffic node 2963992319,INTERSECTION_OR_GEOMETRY,10.8770058,106.7227963,UTRAFFIC-HCM-V6,SOURCE_COORDINATE,SOURCE_BACKED
UTR_NODE_2963992320,UTraffic node 2963992320,INTERSECTION_OR_GEOMETRY,10.8760927,106.7234187,UTRAFFIC-HCM-V6,SOURCE_COORDINATE,SOURCE_BACKED
UTR_NODE_2963992321,UTraffic node 2963992321,INTERSECTION_OR_GEOMETRY,10.8748466,106.7242304,UTRAFFIC-HCM-V6,SOURCE_COORDINATE,SOURCE_BACKED
UTR_NODE_2963992322,UTraffic node 2963992322,INTERSECTION_OR_GEOMETRY,10.8740117,106.7247731,UTRAFFIC-HCM-V6,SOURCE_COORDINATE,SOURCE_BACKED
UTR_NODE_2963992323,UTraffic node 2963992323,INTERSECTION_OR_GEOMETRY,10.8736595,106.7250104,UTRAFFIC-HCM-V6,SOURCE_COORDINATE,SOURCE_BACKED
UTR_NODE_2963992324,UTraffic node 2963992324,INTERSECTION_OR_GEOMETRY,10.8733447,106.7252029,UTRAFFIC-HCM-V6,SOURCE_COORDINATE,SOURCE_BACKED
UTR_NODE_2963992325,UTraffic node 2963992325,INTERSECTION_OR_GEOMETRY,10.8729269,106.7254441,UTRAFFIC-HCM-V6,SOURCE_COORDINATE,SOURCE_BACKED
UTR_NODE_2963992326,UTraffic node 2963992326,INTERSECTION_OR_GEOMETRY,10.8725468,106.7256583,UTRAFFIC-HCM-V6,SOURCE_COORDINATE,SOURCE_BACKED
UTR_NODE_2963992327,UTraffic node 2963992327,INTERSECTION_OR_GEOMETRY,10.8713509,106.7263224,UTRAFFIC-HCM-V6,SOURCE_COORDINATE,SOURCE_BACKED
UTR_NODE_2963992328,UTraffic node 2963992328,INTERSECTION_OR_GEOMETRY,10.8685497,106.7278360,UTRAFFIC-HCM-V6,SOURCE_COORDINATE,SOURCE_BACKED
UTR_NODE_2963992329,UTraffic node 2963992329,INTERSECTION_OR_GEOMETRY,10.8695490,106.7273184,UTRAFFIC-HCM-V6,SOURCE_COORDINATE,SOURCE_BACKED
UTR_NODE_2963992330,UTraffic node 2963992330,INTERSECTION_OR_GEOMETRY,10.8679065,106.7281634,UTRAFFIC-HCM-V6,SOURCE_COORDINATE,SOURCE_BACKED
UTR_NODE_2963993937,UTraffic node 2963993937,INTERSECTION_OR_GEOMETRY,10.8701713,106.7269774,UTRAFFIC-HCM-V6,SOURCE_COORDINATE,SOURCE_BACKED
UTR_NODE_2964936882,UTraffic node 2964936882,INTERSECTION_OR_GEOMETRY,10.8288611,106.7213718,UTRAFFIC-HCM-V6,SOURCE_COORDINATE,SOURCE_BACKED
UTR_NODE_2968017122,UTraffic node 2968017122,INTERSECTION_OR_GEOMETRY,10.8698625,106.7325727,UTRAFFIC-HCM-V6,SOURCE_COORDINATE,SOURCE_BACKED
UTR_NODE_2968017132,UTraffic node 2968017132,INTERSECTION_OR_GEOMETRY,10.8708084,106.7349772,UTRAFFIC-HCM-V6,SOURCE_COORDINATE,SOURCE_BACKED
UTR_NODE_2968017234,UTraffic node 2968017234,INTERSECTION_OR_GEOMETRY,10.8691182,106.7360800,UTRAFFIC-HCM-V6,SOURCE_COORDINATE,SOURCE_BACKED
UTR_NODE_2968017239,UTraffic node 2968017239,INTERSECTION_OR_GEOMETRY,10.8694747,106.7371679,UTRAFFIC-HCM-V6,SOURCE_COORDINATE,SOURCE_BACKED
UTR_NODE_2968017240,UTraffic node 2968017240,INTERSECTION_OR_GEOMETRY,10.8716960,106.7381629,UTRAFFIC-HCM-V6,SOURCE_COORDINATE,SOURCE_BACKED
UTR_NODE_2968017251,UTraffic node 2968017251,INTERSECTION_OR_GEOMETRY,10.8697656,106.7379666,UTRAFFIC-HCM-V6,SOURCE_COORDINATE,SOURCE_BACKED
UTR_NODE_2968017262,UTraffic node 2968017262,INTERSECTION_OR_GEOMETRY,10.8727474,106.7444096,UTRAFFIC-HCM-V6,SOURCE_COORDINATE,SOURCE_BACKED
UTR_NODE_2968017263,UTraffic node 2968017263,INTERSECTION_OR_GEOMETRY,10.8728483,106.7445380,UTRAFFIC-HCM-V6,SOURCE_COORDINATE,SOURCE_BACKED
UTR_NODE_2968017264,UTraffic node 2968017264,INTERSECTION_OR_GEOMETRY,10.8722496,106.7409865,UTRAFFIC-HCM-V6,SOURCE_COORDINATE,SOURCE_BACKED
UTR_NODE_2968017265,UTraffic node 2968017265,INTERSECTION_OR_GEOMETRY,10.8716387,106.7370557,UTRAFFIC-HCM-V6,SOURCE_COORDINATE,SOURCE_BACKED
UTR_NODE_2968017266,UTraffic node 2968017266,INTERSECTION_OR_GEOMETRY,10.8718482,106.7393584,UTRAFFIC-HCM-V6,SOURCE_COORDINATE,SOURCE_BACKED
UTR_NODE_2968017267,UTraffic node 2968017267,INTERSECTION_OR_GEOMETRY,10.8714501,106.7368716,UTRAFFIC-HCM-V6,SOURCE_COORDINATE,SOURCE_BACKED
UTR_NODE_2968017268,UTraffic node 2968017268,INTERSECTION_OR_GEOMETRY,10.8716308,106.7377705,UTRAFFIC-HCM-V6,SOURCE_COORDINATE,SOURCE_BACKED
UTR_NODE_2970556374,UTraffic node 2970556374,INTERSECTION_OR_GEOMETRY,10.8576904,106.7635750,UTRAFFIC-HCM-V6,SOURCE_COORDINATE,SOURCE_BACKED
UTR_NODE_2970556405,UTraffic node 2970556405,INTERSECTION_OR_GEOMETRY,10.8585717,106.7589351,UTRAFFIC-HCM-V6,SOURCE_COORDINATE,SOURCE_BACKED
UTR_NODE_2970556412,UTraffic node 2970556412,INTERSECTION_OR_GEOMETRY,10.8589471,106.7592220,UTRAFFIC-HCM-V6,SOURCE_COORDINATE,SOURCE_BACKED
UTR_NODE_2970556463,UTraffic node 2970556463,INTERSECTION_OR_GEOMETRY,10.8634020,106.7561236,UTRAFFIC-HCM-V6,SOURCE_COORDINATE,SOURCE_BACKED
UTR_NODE_2970556471,UTraffic node 2970556471,INTERSECTION_OR_GEOMETRY,10.8643751,106.7594999,UTRAFFIC-HCM-V6,SOURCE_COORDINATE,SOURCE_BACKED
UTR_NODE_2984626142,UTraffic node 2984626142,INTERSECTION_OR_GEOMETRY,10.8331081,106.7269674,UTRAFFIC-HCM-V6,SOURCE_COORDINATE,SOURCE_BACKED
UTR_NODE_2984717717,UTraffic node 2984717717,INTERSECTION_OR_GEOMETRY,10.8497070,106.7721963,UTRAFFIC-HCM-V6,SOURCE_COORDINATE,SOURCE_BACKED
UTR_NODE_2984717718,UTraffic node 2984717718,INTERSECTION_OR_GEOMETRY,10.8495884,106.7721976,UTRAFFIC-HCM-V6,SOURCE_COORDINATE,SOURCE_BACKED
UTR_NODE_2984717721,UTraffic node 2984717721,INTERSECTION_OR_GEOMETRY,10.8497476,106.7690261,UTRAFFIC-HCM-V6,SOURCE_COORDINATE,SOURCE_BACKED
UTR_NODE_2984717726,UTraffic node 2984717726,INTERSECTION_OR_GEOMETRY,10.8507531,106.7640820,UTRAFFIC-HCM-V6,SOURCE_COORDINATE,SOURCE_BACKED
UTR_NODE_2984717727,UTraffic node 2984717727,INTERSECTION_OR_GEOMETRY,10.8505632,106.7599916,UTRAFFIC-HCM-V6,SOURCE_COORDINATE,SOURCE_BACKED
UTR_NODE_2984717728,UTraffic node 2984717728,INTERSECTION_OR_GEOMETRY,10.8502084,106.7543192,UTRAFFIC-HCM-V6,SOURCE_COORDINATE,SOURCE_BACKED
UTR_NODE_2984717730,UTraffic node 2984717730,INTERSECTION_OR_GEOMETRY,10.8505970,106.7593780,UTRAFFIC-HCM-V6,SOURCE_COORDINATE,SOURCE_BACKED
UTR_NODE_2984720933,UTraffic node 2984720933,INTERSECTION_OR_GEOMETRY,10.8639483,106.7244964,UTRAFFIC-HCM-V6,SOURCE_COORDINATE,SOURCE_BACKED
UTR_NODE_2985593691,UTraffic node 2985593691,INTERSECTION_OR_GEOMETRY,10.8547408,106.7730838,UTRAFFIC-HCM-V6,SOURCE_COORDINATE,SOURCE_BACKED
UTR_NODE_2987193110,UTraffic node 2987193110,INTERSECTION_OR_GEOMETRY,10.8496997,106.7715058,UTRAFFIC-HCM-V6,SOURCE_COORDINATE,SOURCE_BACKED
UTR_NODE_2987193111,UTraffic node 2987193111,INTERSECTION_OR_GEOMETRY,10.8497858,106.7680585,UTRAFFIC-HCM-V6,SOURCE_COORDINATE,SOURCE_BACKED
UTR_NODE_3005131944,UTraffic node 3005131944,INTERSECTION_OR_GEOMETRY,10.8499479,106.7749489,UTRAFFIC-HCM-V6,SOURCE_COORDINATE,SOURCE_BACKED
UTR_NODE_3053462714,UTraffic node 3053462714,INTERSECTION_OR_GEOMETRY,10.8512632,106.7543369,UTRAFFIC-HCM-V6,SOURCE_COORDINATE,SOURCE_BACKED
UTR_NODE_3053462725,UTraffic node 3053462725,INTERSECTION_OR_GEOMETRY,10.8671898,106.7277407,UTRAFFIC-HCM-V6,SOURCE_COORDINATE,SOURCE_BACKED
UTR_NODE_3084820288,UTraffic node 3084820288,INTERSECTION_OR_GEOMETRY,10.8626887,106.7607033,UTRAFFIC-HCM-V6,SOURCE_COORDINATE,SOURCE_BACKED
UTR_NODE_3084820291,UTraffic node 3084820291,INTERSECTION_OR_GEOMETRY,10.8632064,106.7608544,UTRAFFIC-HCM-V6,SOURCE_COORDINATE,SOURCE_BACKED
UTR_NODE_3091108615,UTraffic node 3091108615,INTERSECTION_OR_GEOMETRY,10.8455968,106.7710376,UTRAFFIC-HCM-V6,SOURCE_COORDINATE,SOURCE_BACKED
UTR_NODE_3099101635,UTraffic node 3099101635,INTERSECTION_OR_GEOMETRY,10.8376057,106.7326591,UTRAFFIC-HCM-V6,SOURCE_COORDINATE,SOURCE_BACKED
UTR_NODE_3099990669,UTraffic node 3099990669,INTERSECTION_OR_GEOMETRY,10.8428607,106.7454841,UTRAFFIC-HCM-V6,SOURCE_COORDINATE,SOURCE_BACKED
UTR_NODE_3099990672,UTraffic node 3099990672,INTERSECTION_OR_GEOMETRY,10.8405071,106.7427140,UTRAFFIC-HCM-V6,SOURCE_COORDINATE,SOURCE_BACKED
UTR_NODE_3099990674,UTraffic node 3099990674,INTERSECTION_OR_GEOMETRY,10.8417348,106.7445815,UTRAFFIC-HCM-V6,SOURCE_COORDINATE,SOURCE_BACKED
UTR_NODE_3099990680,UTraffic node 3099990680,INTERSECTION_OR_GEOMETRY,10.8403777,106.7423769,UTRAFFIC-HCM-V6,SOURCE_COORDINATE,SOURCE_BACKED
UTR_NODE_3099990681,UTraffic node 3099990681,INTERSECTION_OR_GEOMETRY,10.8537335,106.7515331,UTRAFFIC-HCM-V6,SOURCE_COORDINATE,SOURCE_BACKED
UTR_NODE_3099990682,UTraffic node 3099990682,INTERSECTION_OR_GEOMETRY,10.8445217,106.7462811,UTRAFFIC-HCM-V6,SOURCE_COORDINATE,SOURCE_BACKED
UTR_NODE_3100059736,UTraffic node 3100059736,INTERSECTION_OR_GEOMETRY,10.8376056,106.7510990,UTRAFFIC-HCM-V6,SOURCE_COORDINATE,SOURCE_BACKED
UTR_NODE_3100059737,UTraffic node 3100059737,INTERSECTION_OR_GEOMETRY,10.8353987,106.7300219,UTRAFFIC-HCM-V6,SOURCE_COORDINATE,SOURCE_BACKED
UTR_NODE_3100059809,UTraffic node 3100059809,INTERSECTION_OR_GEOMETRY,10.8351625,106.7303006,UTRAFFIC-HCM-V6,SOURCE_COORDINATE,SOURCE_BACKED
UTR_NODE_3102552858,UTraffic node 3102552858,INTERSECTION_OR_GEOMETRY,10.8454628,106.7615208,UTRAFFIC-HCM-V6,SOURCE_COORDINATE,SOURCE_BACKED
UTR_NODE_3104265000,UTraffic node 3104265000,INTERSECTION_OR_GEOMETRY,10.8508376,106.7631701,UTRAFFIC-HCM-V6,SOURCE_COORDINATE,SOURCE_BACKED
UTR_NODE_3107514189,UTraffic node 3107514189,INTERSECTION_OR_GEOMETRY,10.8536867,106.7732621,UTRAFFIC-HCM-V6,SOURCE_COORDINATE,SOURCE_BACKED
UTR_NODE_3107514190,UTraffic node 3107514190,INTERSECTION_OR_GEOMETRY,10.8539941,106.7717841,UTRAFFIC-HCM-V6,SOURCE_COORDINATE,SOURCE_BACKED
UTR_NODE_3107514191,UTraffic node 3107514191,INTERSECTION_OR_GEOMETRY,10.8548230,106.7681084,UTRAFFIC-HCM-V6,SOURCE_COORDINATE,SOURCE_BACKED
UTR_NODE_3107514197,UTraffic node 3107514197,INTERSECTION_OR_GEOMETRY,10.8680790,106.7292545,UTRAFFIC-HCM-V6,SOURCE_COORDINATE,SOURCE_BACKED
UTR_NODE_3107745790,UTraffic node 3107745790,INTERSECTION_OR_GEOMETRY,10.8660323,106.7406740,UTRAFFIC-HCM-V6,SOURCE_COORDINATE,SOURCE_BACKED
UTR_NODE_3107745795,UTraffic node 3107745795,INTERSECTION_OR_GEOMETRY,10.8318732,106.7632609,UTRAFFIC-HCM-V6,SOURCE_COORDINATE,SOURCE_BACKED
UTR_NODE_3107745799,UTraffic node 3107745799,INTERSECTION_OR_GEOMETRY,10.8322380,106.7634831,UTRAFFIC-HCM-V6,SOURCE_COORDINATE,SOURCE_BACKED
UTR_NODE_3108021351,UTraffic node 3108021351,INTERSECTION_OR_GEOMETRY,10.8465099,106.7231628,UTRAFFIC-HCM-V6,SOURCE_COORDINATE,SOURCE_BACKED
UTR_NODE_3108021386,UTraffic node 3108021386,INTERSECTION_OR_GEOMETRY,10.8499735,106.7293194,UTRAFFIC-HCM-V6,SOURCE_COORDINATE,SOURCE_BACKED
UTR_NODE_3108021397,UTraffic node 3108021397,INTERSECTION_OR_GEOMETRY,10.8508707,106.7478221,UTRAFFIC-HCM-V6,SOURCE_COORDINATE,SOURCE_BACKED
UTR_NODE_3108021427,UTraffic node 3108021427,INTERSECTION_OR_GEOMETRY,10.8530832,106.7302763,UTRAFFIC-HCM-V6,SOURCE_COORDINATE,SOURCE_BACKED
UTR_NODE_3108021437,UTraffic node 3108021437,INTERSECTION_OR_GEOMETRY,10.8542520,106.7327536,UTRAFFIC-HCM-V6,SOURCE_COORDINATE,SOURCE_BACKED
UTR_NODE_3108021452,UTraffic node 3108021452,INTERSECTION_OR_GEOMETRY,10.8553227,106.7357281,UTRAFFIC-HCM-V6,SOURCE_COORDINATE,SOURCE_BACKED
UTR_NODE_3108021454,UTraffic node 3108021454,INTERSECTION_OR_GEOMETRY,10.8556130,106.7367596,UTRAFFIC-HCM-V6,SOURCE_COORDINATE,SOURCE_BACKED
UTR_NODE_3108021455,UTraffic node 3108021455,INTERSECTION_OR_GEOMETRY,10.8557950,106.7374317,UTRAFFIC-HCM-V6,SOURCE_COORDINATE,SOURCE_BACKED
UTR_NODE_3108021457,UTraffic node 3108021457,INTERSECTION_OR_GEOMETRY,10.8564317,106.7224760,UTRAFFIC-HCM-V6,SOURCE_COORDINATE,SOURCE_BACKED
UTR_NODE_3110285796,UTraffic node 3110285796,INTERSECTION_OR_GEOMETRY,10.8264637,106.7805276,UTRAFFIC-HCM-V6,SOURCE_COORDINATE,SOURCE_BACKED
UTR_NODE_3110285806,UTraffic node 3110285806,INTERSECTION_OR_GEOMETRY,10.8288897,106.7727988,UTRAFFIC-HCM-V6,SOURCE_COORDINATE,SOURCE_BACKED
UTR_NODE_3110285825,UTraffic node 3110285825,INTERSECTION_OR_GEOMETRY,10.8311224,106.7753167,UTRAFFIC-HCM-V6,SOURCE_COORDINATE,SOURCE_BACKED
UTR_NODE_3110285828,UTraffic node 3110285828,INTERSECTION_OR_GEOMETRY,10.8312312,106.7754809,UTRAFFIC-HCM-V6,SOURCE_COORDINATE,SOURCE_BACKED
UTR_NODE_3110290337,UTraffic node 3110290337,INTERSECTION_OR_GEOMETRY,10.8317859,106.7765863,UTRAFFIC-HCM-V6,SOURCE_COORDINATE,SOURCE_BACKED
UTR_NODE_3110290349,UTraffic node 3110290349,INTERSECTION_OR_GEOMETRY,10.8322565,106.7838295,UTRAFFIC-HCM-V6,SOURCE_COORDINATE,SOURCE_BACKED
UTR_NODE_3110290387,UTraffic node 3110290387,INTERSECTION_OR_GEOMETRY,10.8331927,106.7837467,UTRAFFIC-HCM-V6,SOURCE_COORDINATE,SOURCE_BACKED
UTR_NODE_3110290389,UTraffic node 3110290389,INTERSECTION_OR_GEOMETRY,10.8332332,106.7837280,UTRAFFIC-HCM-V6,SOURCE_COORDINATE,SOURCE_BACKED
UTR_NODE_3110290718,UTraffic node 3110290718,INTERSECTION_OR_GEOMETRY,10.8440192,106.7827235,UTRAFFIC-HCM-V6,SOURCE_COORDINATE,SOURCE_BACKED
UTR_NODE_3110290720,UTraffic node 3110290720,INTERSECTION_OR_GEOMETRY,10.8450399,106.7863662,UTRAFFIC-HCM-V6,SOURCE_COORDINATE,SOURCE_BACKED
UTR_NODE_3110640110,UTraffic node 3110640110,INTERSECTION_OR_GEOMETRY,10.8203586,106.7786927,UTRAFFIC-HCM-V6,SOURCE_COORDINATE,SOURCE_BACKED
UTR_NODE_3110640128,UTraffic node 3110640128,INTERSECTION_OR_GEOMETRY,10.8214729,106.7794367,UTRAFFIC-HCM-V6,SOURCE_COORDINATE,SOURCE_BACKED
UTR_NODE_3110640165,UTraffic node 3110640165,INTERSECTION_OR_GEOMETRY,10.8227130,106.7708900,UTRAFFIC-HCM-V6,SOURCE_COORDINATE,SOURCE_BACKED
UTR_NODE_3110640234,UTraffic node 3110640234,INTERSECTION_OR_GEOMETRY,10.8236988,106.7811209,UTRAFFIC-HCM-V6,SOURCE_COORDINATE,SOURCE_BACKED
UTR_NODE_3110640241,UTraffic node 3110640241,INTERSECTION_OR_GEOMETRY,10.8238977,106.7812469,UTRAFFIC-HCM-V6,SOURCE_COORDINATE,SOURCE_BACKED
UTR_NODE_3110640289,UTraffic node 3110640289,INTERSECTION_OR_GEOMETRY,10.8253331,106.7798958,UTRAFFIC-HCM-V6,SOURCE_COORDINATE,SOURCE_BACKED
UTR_NODE_3110640295,UTraffic node 3110640295,INTERSECTION_OR_GEOMETRY,10.8255084,106.7797512,UTRAFFIC-HCM-V6,SOURCE_COORDINATE,SOURCE_BACKED
UTR_NODE_3110640299,UTraffic node 3110640299,INTERSECTION_OR_GEOMETRY,10.8256020,106.7797157,UTRAFFIC-HCM-V6,SOURCE_COORDINATE,SOURCE_BACKED
UTR_NODE_3110640312,UTraffic node 3110640312,INTERSECTION_OR_GEOMETRY,10.8262786,106.7803387,UTRAFFIC-HCM-V6,SOURCE_COORDINATE,SOURCE_BACKED
UTR_NODE_3110640321,UTraffic node 3110640321,INTERSECTION_OR_GEOMETRY,10.8270337,106.7810731,UTRAFFIC-HCM-V6,SOURCE_COORDINATE,SOURCE_BACKED
UTR_NODE_3110640323,UTraffic node 3110640323,INTERSECTION_OR_GEOMETRY,10.8271362,106.7684764,UTRAFFIC-HCM-V6,SOURCE_COORDINATE,SOURCE_BACKED
UTR_NODE_3110640333,UTraffic node 3110640333,INTERSECTION_OR_GEOMETRY,10.8273567,106.7814291,UTRAFFIC-HCM-V6,SOURCE_COORDINATE,SOURCE_BACKED
UTR_NODE_3110640337,UTraffic node 3110640337,INTERSECTION_OR_GEOMETRY,10.8277296,106.7817370,UTRAFFIC-HCM-V6,SOURCE_COORDINATE,SOURCE_BACKED
UTR_NODE_3110640346,UTraffic node 3110640346,INTERSECTION_OR_GEOMETRY,10.8281592,106.7687081,UTRAFFIC-HCM-V6,SOURCE_COORDINATE,SOURCE_BACKED
UTR_NODE_3110640354,UTraffic node 3110640354,INTERSECTION_OR_GEOMETRY,10.8284507,106.7686595,UTRAFFIC-HCM-V6,SOURCE_COORDINATE,SOURCE_BACKED
UTR_NODE_3110640358,UTraffic node 3110640358,INTERSECTION_OR_GEOMETRY,10.8285273,106.7662913,UTRAFFIC-HCM-V6,SOURCE_COORDINATE,SOURCE_BACKED
UTR_NODE_3110640372,UTraffic node 3110640372,INTERSECTION_OR_GEOMETRY,10.8290245,106.7826583,UTRAFFIC-HCM-V6,SOURCE_COORDINATE,SOURCE_BACKED
UTR_NODE_3110640382,UTraffic node 3110640382,INTERSECTION_OR_GEOMETRY,10.8293160,106.7683890,UTRAFFIC-HCM-V6,SOURCE_COORDINATE,SOURCE_BACKED
UTR_NODE_3110640461,UTraffic node 3110640461,INTERSECTION_OR_GEOMETRY,10.8315278,106.7838139,UTRAFFIC-HCM-V6,SOURCE_COORDINATE,SOURCE_BACKED
UTR_NODE_3110640466,UTraffic node 3110640466,INTERSECTION_OR_GEOMETRY,10.8319709,106.7671376,UTRAFFIC-HCM-V6,SOURCE_COORDINATE,SOURCE_BACKED
UTR_NODE_3110640474,UTraffic node 3110640474,INTERSECTION_OR_GEOMETRY,10.8324503,106.7838348,UTRAFFIC-HCM-V6,SOURCE_COORDINATE,SOURCE_BACKED
UTR_NODE_3110640480,UTraffic node 3110640480,INTERSECTION_OR_GEOMETRY,10.8329048,106.7671545,UTRAFFIC-HCM-V6,SOURCE_COORDINATE,SOURCE_BACKED
UTR_NODE_3110640489,UTraffic node 3110640489,INTERSECTION_OR_GEOMETRY,10.8334278,106.7836246,UTRAFFIC-HCM-V6,SOURCE_COORDINATE,SOURCE_BACKED
UTR_NODE_3110866940,UTraffic node 3110866940,INTERSECTION_OR_GEOMETRY,10.8440152,106.7826332,UTRAFFIC-HCM-V6,SOURCE_COORDINATE,SOURCE_BACKED
UTR_NODE_3110866942,UTraffic node 3110866942,INTERSECTION_OR_GEOMETRY,10.8440078,106.7831423,UTRAFFIC-HCM-V6,SOURCE_COORDINATE,SOURCE_BACKED
UTR_NODE_3110866947,UTraffic node 3110866947,INTERSECTION_OR_GEOMETRY,10.8442149,106.7819771,UTRAFFIC-HCM-V6,SOURCE_COORDINATE,SOURCE_BACKED
UTR_NODE_3110866948,UTraffic node 3110866948,INTERSECTION_OR_GEOMETRY,10.8442608,106.7845417,UTRAFFIC-HCM-V6,SOURCE_COORDINATE,SOURCE_BACKED
UTR_NODE_3110866951,UTraffic node 3110866951,INTERSECTION_OR_GEOMETRY,10.8443318,106.7848312,UTRAFFIC-HCM-V6,SOURCE_COORDINATE,SOURCE_BACKED
UTR_NODE_3110866965,UTraffic node 3110866965,INTERSECTION_OR_GEOMETRY,10.8446777,106.7884825,UTRAFFIC-HCM-V6,SOURCE_COORDINATE,SOURCE_BACKED
UTR_NODE_3112765122,UTraffic node 3112765122,INTERSECTION_OR_GEOMETRY,10.8369843,106.7669645,UTRAFFIC-HCM-V6,SOURCE_COORDINATE,SOURCE_BACKED
UTR_NODE_3112826301,UTraffic node 3112826301,INTERSECTION_OR_GEOMETRY,10.8302697,106.7631610,UTRAFFIC-HCM-V6,SOURCE_COORDINATE,SOURCE_BACKED
UTR_NODE_3112826305,UTraffic node 3112826305,INTERSECTION_OR_GEOMETRY,10.8311448,106.7668937,UTRAFFIC-HCM-V6,SOURCE_COORDINATE,SOURCE_BACKED
UTR_NODE_3116282957,UTraffic node 3116282957,INTERSECTION_OR_GEOMETRY,10.8506809,106.7648603,UTRAFFIC-HCM-V6,SOURCE_COORDINATE,SOURCE_BACKED
UTR_NODE_3116282959,UTraffic node 3116282959,INTERSECTION_OR_GEOMETRY,10.8503333,106.7586811,UTRAFFIC-HCM-V6,SOURCE_COORDINATE,SOURCE_BACKED
UTR_NODE_3116282960,UTraffic node 3116282960,INTERSECTION_OR_GEOMETRY,10.8508014,106.7583912,UTRAFFIC-HCM-V6,SOURCE_COORDINATE,SOURCE_BACKED
UTR_NODE_3116282961,UTraffic node 3116282961,INTERSECTION_OR_GEOMETRY,10.8506322,106.7588251,UTRAFFIC-HCM-V6,SOURCE_COORDINATE,SOURCE_BACKED
UTR_NODE_3116282962,UTraffic node 3116282962,INTERSECTION_OR_GEOMETRY,10.8498060,106.7587516,UTRAFFIC-HCM-V6,SOURCE_COORDINATE,SOURCE_BACKED
UTR_NODE_3116282965,UTraffic node 3116282965,INTERSECTION_OR_GEOMETRY,10.8494279,106.7588021,UTRAFFIC-HCM-V6,SOURCE_COORDINATE,SOURCE_BACKED
UTR_NODE_3116282967,UTraffic node 3116282967,INTERSECTION_OR_GEOMETRY,10.8414943,106.7642873,UTRAFFIC-HCM-V6,SOURCE_COORDINATE,SOURCE_BACKED
UTR_NODE_3116353276,UTraffic node 3116353276,INTERSECTION_OR_GEOMETRY,10.8407852,106.7445736,UTRAFFIC-HCM-V6,SOURCE_COORDINATE,SOURCE_BACKED
UTR_NODE_3116353277,UTraffic node 3116353277,INTERSECTION_OR_GEOMETRY,10.8413672,106.7463168,UTRAFFIC-HCM-V6,SOURCE_COORDINATE,SOURCE_BACKED
UTR_NODE_3116773404,UTraffic node 3116773404,INTERSECTION_OR_GEOMETRY,10.8461931,106.7784629,UTRAFFIC-HCM-V6,SOURCE_COORDINATE,SOURCE_BACKED
UTR_NODE_3116773409,UTraffic node 3116773409,INTERSECTION_OR_GEOMETRY,10.8458632,106.7790108,UTRAFFIC-HCM-V6,SOURCE_COORDINATE,SOURCE_BACKED
UTR_NODE_3116773417,UTraffic node 3116773417,INTERSECTION_OR_GEOMETRY,10.8468305,106.7773380,UTRAFFIC-HCM-V6,SOURCE_COORDINATE,SOURCE_BACKED
UTR_NODE_3116773419,UTraffic node 3116773419,INTERSECTION_OR_GEOMETRY,10.8473287,106.7764473,UTRAFFIC-HCM-V6,SOURCE_COORDINATE,SOURCE_BACKED
UTR_NODE_3116773931,UTraffic node 3116773931,INTERSECTION_OR_GEOMETRY,10.8564273,106.7756944,UTRAFFIC-HCM-V6,SOURCE_COORDINATE,SOURCE_BACKED
UTR_NODE_3116773933,UTraffic node 3116773933,INTERSECTION_OR_GEOMETRY,10.8580186,106.7773236,UTRAFFIC-HCM-V6,SOURCE_COORDINATE,SOURCE_BACKED
UTR_NODE_3116773941,UTraffic node 3116773941,INTERSECTION_OR_GEOMETRY,10.8595812,106.7763998,UTRAFFIC-HCM-V6,SOURCE_COORDINATE,SOURCE_BACKED
UTR_NODE_3116773942,UTraffic node 3116773942,INTERSECTION_OR_GEOMETRY,10.8607223,106.7722348,UTRAFFIC-HCM-V6,SOURCE_COORDINATE,SOURCE_BACKED
UTR_NODE_3117081298,UTraffic node 3117081298,INTERSECTION_OR_GEOMETRY,10.8508571,106.7627924,UTRAFFIC-HCM-V6,SOURCE_COORDINATE,SOURCE_BACKED
UTR_NODE_3117087933,UTraffic node 3117087933,INTERSECTION_OR_GEOMETRY,10.8540994,106.7709125,UTRAFFIC-HCM-V6,SOURCE_COORDINATE,SOURCE_BACKED
UTR_NODE_3117088028,UTraffic node 3117088028,INTERSECTION_OR_GEOMETRY,10.8583144,106.7520244,UTRAFFIC-HCM-V6,SOURCE_COORDINATE,SOURCE_BACKED
UTR_NODE_3117088092,UTraffic node 3117088092,INTERSECTION_OR_GEOMETRY,10.8600037,106.7785104,UTRAFFIC-HCM-V6,SOURCE_COORDINATE,SOURCE_BACKED
UTR_NODE_3117088111,UTraffic node 3117088111,INTERSECTION_OR_GEOMETRY,10.8605158,106.7735974,UTRAFFIC-HCM-V6,SOURCE_COORDINATE,SOURCE_BACKED
UTR_NODE_3117088315,UTraffic node 3117088315,INTERSECTION_OR_GEOMETRY,10.8647214,106.7810900,UTRAFFIC-HCM-V6,SOURCE_COORDINATE,SOURCE_BACKED
UTR_NODE_3117088458,UTraffic node 3117088458,INTERSECTION_OR_GEOMETRY,10.8672197,106.7861944,UTRAFFIC-HCM-V6,SOURCE_COORDINATE,SOURCE_BACKED
UTR_NODE_3117088459,UTraffic node 3117088459,INTERSECTION_OR_GEOMETRY,10.8673459,106.7866102,UTRAFFIC-HCM-V6,SOURCE_COORDINATE,SOURCE_BACKED
UTR_NODE_3117088460,UTraffic node 3117088460,INTERSECTION_OR_GEOMETRY,10.8673892,106.7849227,UTRAFFIC-HCM-V6,SOURCE_COORDINATE,SOURCE_BACKED
UTR_NODE_3117088485,UTraffic node 3117088485,INTERSECTION_OR_GEOMETRY,10.8717573,106.7699366,UTRAFFIC-HCM-V6,SOURCE_COORDINATE,SOURCE_BACKED
UTR_NODE_3118891542,UTraffic node 3118891542,INTERSECTION_OR_GEOMETRY,10.8362489,106.7456299,UTRAFFIC-HCM-V6,SOURCE_COORDINATE,SOURCE_BACKED
UTR_NODE_3118891564,UTraffic node 3118891564,INTERSECTION_OR_GEOMETRY,10.8371489,106.7455889,UTRAFFIC-HCM-V6,SOURCE_COORDINATE,SOURCE_BACKED
UTR_NODE_3118891581,UTraffic node 3118891581,INTERSECTION_OR_GEOMETRY,10.8375923,106.7455773,UTRAFFIC-HCM-V6,SOURCE_COORDINATE,SOURCE_BACKED
UTR_NODE_3118891620,UTraffic node 3118891620,INTERSECTION_OR_GEOMETRY,10.8423888,106.7311006,UTRAFFIC-HCM-V6,SOURCE_COORDINATE,SOURCE_BACKED
UTR_NODE_3137352096,UTraffic node 3137352096,INTERSECTION_OR_GEOMETRY,10.8571655,106.7229447,UTRAFFIC-HCM-V6,SOURCE_COORDINATE,SOURCE_BACKED
UTR_NODE_3137352097,UTraffic node 3137352097,INTERSECTION_OR_GEOMETRY,10.8582454,106.7233451,UTRAFFIC-HCM-V6,SOURCE_COORDINATE,SOURCE_BACKED
UTR_NODE_3137388751,UTraffic node 3137388751,INTERSECTION_OR_GEOMETRY,10.8443775,106.7302701,UTRAFFIC-HCM-V6,SOURCE_COORDINATE,SOURCE_BACKED
UTR_NODE_3141558633,UTraffic node 3141558633,INTERSECTION_OR_GEOMETRY,10.8316231,106.7254178,UTRAFFIC-HCM-V6,SOURCE_COORDINATE,SOURCE_BACKED
UTR_NODE_3148967606,UTraffic node 3148967606,INTERSECTION_OR_GEOMETRY,10.8568262,106.7856554,UTRAFFIC-HCM-V6,SOURCE_COORDINATE,SOURCE_BACKED
UTR_NODE_3149148129,UTraffic node 3149148129,INTERSECTION_OR_GEOMETRY,10.8710808,106.7573288,UTRAFFIC-HCM-V6,SOURCE_COORDINATE,SOURCE_BACKED
UTR_NODE_3164002582,UTraffic node 3164002582,INTERSECTION_OR_GEOMETRY,10.8672738,106.7881388,UTRAFFIC-HCM-V6,SOURCE_COORDINATE,SOURCE_BACKED
UTR_NODE_3164002584,UTraffic node 3164002584,INTERSECTION_OR_GEOMETRY,10.8688711,106.7787662,UTRAFFIC-HCM-V6,SOURCE_COORDINATE,SOURCE_BACKED
UTR_NODE_3164004056,UTraffic node 3164004056,INTERSECTION_OR_GEOMETRY,10.8716297,106.7698892,UTRAFFIC-HCM-V6,SOURCE_COORDINATE,SOURCE_BACKED
UTR_NODE_3164004057,UTraffic node 3164004057,INTERSECTION_OR_GEOMETRY,10.8739373,106.7468394,UTRAFFIC-HCM-V6,SOURCE_COORDINATE,SOURCE_BACKED
UTR_NODE_3164004058,UTraffic node 3164004058,INTERSECTION_OR_GEOMETRY,10.8707493,106.7345900,UTRAFFIC-HCM-V6,SOURCE_COORDINATE,SOURCE_BACKED
UTR_NODE_3164004059,UTraffic node 3164004059,INTERSECTION_OR_GEOMETRY,10.8707131,106.7347755,UTRAFFIC-HCM-V6,SOURCE_COORDINATE,SOURCE_BACKED
UTR_NODE_3164006418,UTraffic node 3164006418,INTERSECTION_OR_GEOMETRY,10.8604912,106.7241130,UTRAFFIC-HCM-V6,SOURCE_COORDINATE,SOURCE_BACKED
UTR_NODE_3164006419,UTraffic node 3164006419,INTERSECTION_OR_GEOMETRY,10.8605458,106.7242427,UTRAFFIC-HCM-V6,SOURCE_COORDINATE,SOURCE_BACKED
UTR_NODE_3164006420,UTraffic node 3164006420,INTERSECTION_OR_GEOMETRY,10.8565752,106.7226266,UTRAFFIC-HCM-V6,SOURCE_COORDINATE,SOURCE_BACKED
UTR_NODE_3168246062,UTraffic node 3168246062,INTERSECTION_OR_GEOMETRY,10.8431973,106.7628362,UTRAFFIC-HCM-V6,SOURCE_COORDINATE,SOURCE_BACKED
UTR_NODE_3168246063,UTraffic node 3168246063,INTERSECTION_OR_GEOMETRY,10.8475761,106.7602459,UTRAFFIC-HCM-V6,SOURCE_COORDINATE,SOURCE_BACKED
UTR_NODE_3169809340,UTraffic node 3169809340,INTERSECTION_OR_GEOMETRY,10.8671944,106.7747087,UTRAFFIC-HCM-V6,SOURCE_COORDINATE,SOURCE_BACKED
UTR_NODE_3178489139,UTraffic node 3178489139,INTERSECTION_OR_GEOMETRY,10.8213249,106.7720464,UTRAFFIC-HCM-V6,SOURCE_COORDINATE,SOURCE_BACKED
UTR_NODE_3178489140,UTraffic node 3178489140,INTERSECTION_OR_GEOMETRY,10.8266342,106.7688565,UTRAFFIC-HCM-V6,SOURCE_COORDINATE,SOURCE_BACKED
UTR_NODE_3178489141,UTraffic node 3178489141,INTERSECTION_OR_GEOMETRY,10.8335787,106.7671712,UTRAFFIC-HCM-V6,SOURCE_COORDINATE,SOURCE_BACKED
UTR_NODE_3178503261,UTraffic node 3178503261,INTERSECTION_OR_GEOMETRY,10.8562022,106.7503391,UTRAFFIC-HCM-V6,SOURCE_COORDINATE,SOURCE_BACKED
UTR_NODE_3178503262,UTraffic node 3178503262,INTERSECTION_OR_GEOMETRY,10.8620201,106.7443078,UTRAFFIC-HCM-V6,SOURCE_COORDINATE,SOURCE_BACKED
UTR_NODE_3178503263,UTraffic node 3178503263,INTERSECTION_OR_GEOMETRY,10.8670022,106.7381134,UTRAFFIC-HCM-V6,SOURCE_COORDINATE,SOURCE_BACKED
UTR_NODE_3185767532,UTraffic node 3185767532,INTERSECTION_OR_GEOMETRY,10.8582877,106.7631304,UTRAFFIC-HCM-V6,SOURCE_COORDINATE,SOURCE_BACKED
UTR_NODE_3185767533,UTraffic node 3185767533,INTERSECTION_OR_GEOMETRY,10.8548322,106.7552689,UTRAFFIC-HCM-V6,SOURCE_COORDINATE,SOURCE_BACKED
UTR_NODE_3185767535,UTraffic node 3185767535,INTERSECTION_OR_GEOMETRY,10.8603155,106.7605687,UTRAFFIC-HCM-V6,SOURCE_COORDINATE,SOURCE_BACKED
UTR_NODE_3185767536,UTraffic node 3185767536,INTERSECTION_OR_GEOMETRY,10.8637727,106.7610070,UTRAFFIC-HCM-V6,SOURCE_COORDINATE,SOURCE_BACKED
UTR_NODE_3185767538,UTraffic node 3185767538,INTERSECTION_OR_GEOMETRY,10.8716589,106.7639776,UTRAFFIC-HCM-V6,SOURCE_COORDINATE,SOURCE_BACKED
UTR_NODE_3185949681,UTraffic node 3185949681,INTERSECTION_OR_GEOMETRY,10.8461020,106.7785931,UTRAFFIC-HCM-V6,SOURCE_COORDINATE,SOURCE_BACKED
UTR_NODE_3185949682,UTraffic node 3185949682,INTERSECTION_OR_GEOMETRY,10.8443342,106.7816739,UTRAFFIC-HCM-V6,SOURCE_COORDINATE,SOURCE_BACKED
UTR_NODE_3185949683,UTraffic node 3185949683,INTERSECTION_OR_GEOMETRY,10.8451766,106.7869542,UTRAFFIC-HCM-V6,SOURCE_COORDINATE,SOURCE_BACKED
UTR_NODE_3195000747,UTraffic node 3195000747,INTERSECTION_OR_GEOMETRY,10.8332261,106.7278930,UTRAFFIC-HCM-V6,SOURCE_COORDINATE,SOURCE_BACKED
UTR_NODE_3195000748,UTraffic node 3195000748,INTERSECTION_OR_GEOMETRY,10.8335289,106.7277158,UTRAFFIC-HCM-V6,SOURCE_COORDINATE,SOURCE_BACKED
UTR_NODE_3195000749,UTraffic node 3195000749,INTERSECTION_OR_GEOMETRY,10.8328425,106.7274492,UTRAFFIC-HCM-V6,SOURCE_COORDINATE,SOURCE_BACKED
UTR_NODE_3195000750,UTraffic node 3195000750,INTERSECTION_OR_GEOMETRY,10.8331531,106.7272594,UTRAFFIC-HCM-V6,SOURCE_COORDINATE,SOURCE_BACKED
UTR_NODE_3216188756,UTraffic node 3216188756,INTERSECTION_OR_GEOMETRY,10.8367645,106.7526431,UTRAFFIC-HCM-V6,SOURCE_COORDINATE,SOURCE_BACKED
UTR_NODE_3216188849,UTraffic node 3216188849,INTERSECTION_OR_GEOMETRY,10.8433244,106.7481956,UTRAFFIC-HCM-V6,SOURCE_COORDINATE,SOURCE_BACKED
UTR_NODE_3216188852,UTraffic node 3216188852,INTERSECTION_OR_GEOMETRY,10.8453738,106.7501021,UTRAFFIC-HCM-V6,SOURCE_COORDINATE,SOURCE_BACKED
UTR_NODE_3216188877,UTraffic node 3216188877,INTERSECTION_OR_GEOMETRY,10.8473099,106.7604761,UTRAFFIC-HCM-V6,SOURCE_COORDINATE,SOURCE_BACKED
UTR_NODE_3216188882,UTraffic node 3216188882,INTERSECTION_OR_GEOMETRY,10.8477660,106.7290714,UTRAFFIC-HCM-V6,SOURCE_COORDINATE,SOURCE_BACKED
UTR_NODE_3216188887,UTraffic node 3216188887,INTERSECTION_OR_GEOMETRY,10.8480267,106.7290888,UTRAFFIC-HCM-V6,SOURCE_COORDINATE,SOURCE_BACKED
UTR_NODE_3216188897,UTraffic node 3216188897,INTERSECTION_OR_GEOMETRY,10.8483452,106.7291149,UTRAFFIC-HCM-V6,SOURCE_COORDINATE,SOURCE_BACKED
UTR_NODE_3216188951,UTraffic node 3216188951,INTERSECTION_OR_GEOMETRY,10.8595139,106.7408864,UTRAFFIC-HCM-V6,SOURCE_COORDINATE,SOURCE_BACKED
UTR_NODE_3216188973,UTraffic node 3216188973,INTERSECTION_OR_GEOMETRY,10.8614029,106.7450857,UTRAFFIC-HCM-V6,SOURCE_COORDINATE,SOURCE_BACKED
UTR_NODE_3216188979,UTraffic node 3216188979,INTERSECTION_OR_GEOMETRY,10.8618279,106.7445396,UTRAFFIC-HCM-V6,SOURCE_COORDINATE,SOURCE_BACKED
UTR_NODE_3216188980,UTraffic node 3216188980,INTERSECTION_OR_GEOMETRY,10.8619196,106.7444290,UTRAFFIC-HCM-V6,SOURCE_COORDINATE,SOURCE_BACKED
UTR_NODE_3216188984,UTraffic node 3216188984,INTERSECTION_OR_GEOMETRY,10.8620989,106.7442141,UTRAFFIC-HCM-V6,SOURCE_COORDINATE,SOURCE_BACKED
UTR_NODE_3216188988,UTraffic node 3216188988,INTERSECTION_OR_GEOMETRY,10.8623844,106.7437813,UTRAFFIC-HCM-V6,SOURCE_COORDINATE,SOURCE_BACKED
UTR_NODE_3216188991,UTraffic node 3216188991,INTERSECTION_OR_GEOMETRY,10.8628859,106.7448654,UTRAFFIC-HCM-V6,SOURCE_COORDINATE,SOURCE_BACKED
UTR_NODE_3216189007,UTraffic node 3216189007,INTERSECTION_OR_GEOMETRY,10.8640879,106.7460330,UTRAFFIC-HCM-V6,SOURCE_COORDINATE,SOURCE_BACKED
UTR_NODE_3216189025,UTraffic node 3216189025,INTERSECTION_OR_GEOMETRY,10.8656945,106.7415420,UTRAFFIC-HCM-V6,SOURCE_COORDINATE,SOURCE_BACKED
UTR_NODE_3216189041,UTraffic node 3216189041,INTERSECTION_OR_GEOMETRY,10.8664286,106.7386467,UTRAFFIC-HCM-V6,SOURCE_COORDINATE,SOURCE_BACKED
UTR_NODE_3216189046,UTraffic node 3216189046,INTERSECTION_OR_GEOMETRY,10.8666986,106.7350994,UTRAFFIC-HCM-V6,SOURCE_COORDINATE,SOURCE_BACKED
UTR_NODE_3216189051,UTraffic node 3216189051,INTERSECTION_OR_GEOMETRY,10.8673417,106.7363566,UTRAFFIC-HCM-V6,SOURCE_COORDINATE,SOURCE_BACKED
UTR_NODE_3217666018,UTraffic node 3217666018,INTERSECTION_OR_GEOMETRY,10.8564071,106.7226641,UTRAFFIC-HCM-V6,SOURCE_COORDINATE,SOURCE_BACKED
UTR_NODE_3217666020,UTraffic node 3217666020,INTERSECTION_OR_GEOMETRY,10.8574366,106.7224270,UTRAFFIC-HCM-V6,SOURCE_COORDINATE,SOURCE_BACKED
UTR_NODE_3217666027,UTraffic node 3217666027,INTERSECTION_OR_GEOMETRY,10.8595060,106.7221189,UTRAFFIC-HCM-V6,SOURCE_COORDINATE,SOURCE_BACKED
UTR_NODE_3217666031,UTraffic node 3217666031,INTERSECTION_OR_GEOMETRY,10.8607428,106.7243197,UTRAFFIC-HCM-V6,SOURCE_COORDINATE,SOURCE_BACKED
UTR_NODE_3217666037,UTraffic node 3217666037,INTERSECTION_OR_GEOMETRY,10.8625048,106.7214183,UTRAFFIC-HCM-V6,SOURCE_COORDINATE,SOURCE_BACKED
UTR_NODE_3217666039,UTraffic node 3217666039,INTERSECTION_OR_GEOMETRY,10.8626211,106.7249595,UTRAFFIC-HCM-V6,SOURCE_COORDINATE,SOURCE_BACKED
UTR_NODE_3217666095,UTraffic node 3217666095,INTERSECTION_OR_GEOMETRY,10.8694915,106.7372118,UTRAFFIC-HCM-V6,SOURCE_COORDINATE,SOURCE_BACKED
UTR_NODE_3217666096,UTraffic node 3217666096,INTERSECTION_OR_GEOMETRY,10.8696319,106.7375436,UTRAFFIC-HCM-V6,SOURCE_COORDINATE,SOURCE_BACKED
UTR_NODE_3230436388,UTraffic node 3230436388,INTERSECTION_OR_GEOMETRY,10.8471792,106.7605932,UTRAFFIC-HCM-V6,SOURCE_COORDINATE,SOURCE_BACKED
UTR_NODE_3259392956,UTraffic node 3259392956,INTERSECTION_OR_GEOMETRY,10.8505728,106.7622275,UTRAFFIC-HCM-V6,SOURCE_COORDINATE,SOURCE_BACKED
UTR_NODE_3316038918,UTraffic node 3316038918,INTERSECTION_OR_GEOMETRY,10.8520816,106.7505893,UTRAFFIC-HCM-V6,SOURCE_COORDINATE,SOURCE_BACKED
UTR_NODE_3319154744,UTraffic node 3319154744,INTERSECTION_OR_GEOMETRY,10.8399860,106.7409136,UTRAFFIC-HCM-V6,SOURCE_COORDINATE,SOURCE_BACKED
UTR_NODE_3334343868,UTraffic node 3334343868,INTERSECTION_OR_GEOMETRY,10.8726996,106.7667622,UTRAFFIC-HCM-V6,SOURCE_COORDINATE,SOURCE_BACKED
UTR_NODE_3334343869,UTraffic node 3334343869,INTERSECTION_OR_GEOMETRY,10.8727455,106.7668640,UTRAFFIC-HCM-V6,SOURCE_COORDINATE,SOURCE_BACKED
UTR_NODE_3334343870,UTraffic node 3334343870,INTERSECTION_OR_GEOMETRY,10.8679680,106.7877666,UTRAFFIC-HCM-V6,SOURCE_COORDINATE,SOURCE_BACKED
UTR_NODE_3334343877,UTraffic node 3334343877,INTERSECTION_OR_GEOMETRY,10.8718906,106.7642252,UTRAFFIC-HCM-V6,SOURCE_COORDINATE,SOURCE_BACKED
UTR_NODE_3334343878,UTraffic node 3334343878,INTERSECTION_OR_GEOMETRY,10.8734637,106.7650432,UTRAFFIC-HCM-V6,SOURCE_COORDINATE,SOURCE_BACKED
UTR_NODE_3349899375,UTraffic node 3349899375,INTERSECTION_OR_GEOMETRY,10.8402083,106.7418062,UTRAFFIC-HCM-V6,SOURCE_COORDINATE,SOURCE_BACKED
UTR_NODE_3349899376,UTraffic node 3349899376,INTERSECTION_OR_GEOMETRY,10.8403540,106.7414941,UTRAFFIC-HCM-V6,SOURCE_COORDINATE,SOURCE_BACKED
UTR_NODE_3349899377,UTraffic node 3349899377,INTERSECTION_OR_GEOMETRY,10.8407518,106.7427730,UTRAFFIC-HCM-V6,SOURCE_COORDINATE,SOURCE_BACKED
UTR_NODE_3349899378,UTraffic node 3349899378,INTERSECTION_OR_GEOMETRY,10.8409134,106.7435498,UTRAFFIC-HCM-V6,SOURCE_COORDINATE,SOURCE_BACKED
UTR_NODE_3349899379,UTraffic node 3349899379,INTERSECTION_OR_GEOMETRY,10.8409719,106.7432501,UTRAFFIC-HCM-V6,SOURCE_COORDINATE,SOURCE_BACKED
UTR_NODE_3349899382,UTraffic node 3349899382,INTERSECTION_OR_GEOMETRY,10.8410497,106.7437735,UTRAFFIC-HCM-V6,SOURCE_COORDINATE,SOURCE_BACKED
UTR_NODE_3349899383,UTraffic node 3349899383,INTERSECTION_OR_GEOMETRY,10.8411194,106.7435494,UTRAFFIC-HCM-V6,SOURCE_COORDINATE,SOURCE_BACKED
UTR_NODE_3349899384,UTraffic node 3349899384,INTERSECTION_OR_GEOMETRY,10.8411728,106.7436661,UTRAFFIC-HCM-V6,SOURCE_COORDINATE,SOURCE_BACKED
UTR_NODE_3349899385,UTraffic node 3349899385,INTERSECTION_OR_GEOMETRY,10.8415846,106.7443688,UTRAFFIC-HCM-V6,SOURCE_COORDINATE,SOURCE_BACKED
UTR_NODE_3349899387,UTraffic node 3349899387,INTERSECTION_OR_GEOMETRY,10.8415340,106.7440778,UTRAFFIC-HCM-V6,SOURCE_COORDINATE,SOURCE_BACKED
UTR_NODE_3349899388,UTraffic node 3349899388,INTERSECTION_OR_GEOMETRY,10.8421737,106.7450071,UTRAFFIC-HCM-V6,SOURCE_COORDINATE,SOURCE_BACKED
UTR_NODE_3349899389,UTraffic node 3349899389,INTERSECTION_OR_GEOMETRY,10.8422659,106.7448607,UTRAFFIC-HCM-V6,SOURCE_COORDINATE,SOURCE_BACKED
UTR_NODE_3349899390,UTraffic node 3349899390,INTERSECTION_OR_GEOMETRY,10.8424800,106.7450149,UTRAFFIC-HCM-V6,SOURCE_COORDINATE,SOURCE_BACKED
UTR_NODE_3349899391,UTraffic node 3349899391,INTERSECTION_OR_GEOMETRY,10.8436562,106.7458918,UTRAFFIC-HCM-V6,SOURCE_COORDINATE,SOURCE_BACKED
UTR_NODE_3349899392,UTraffic node 3349899392,INTERSECTION_OR_GEOMETRY,10.8441012,106.7459704,UTRAFFIC-HCM-V6,SOURCE_COORDINATE,SOURCE_BACKED
UTR_NODE_3349899893,UTraffic node 3349899893,INTERSECTION_OR_GEOMETRY,10.8447893,106.7462625,UTRAFFIC-HCM-V6,SOURCE_COORDINATE,SOURCE_BACKED
UTR_NODE_3349899894,UTraffic node 3349899894,INTERSECTION_OR_GEOMETRY,10.8453393,106.7466713,UTRAFFIC-HCM-V6,SOURCE_COORDINATE,SOURCE_BACKED
UTR_NODE_3349899895,UTraffic node 3349899895,INTERSECTION_OR_GEOMETRY,10.8455407,106.7466548,UTRAFFIC-HCM-V6,SOURCE_COORDINATE,SOURCE_BACKED
UTR_NODE_3349899896,UTraffic node 3349899896,INTERSECTION_OR_GEOMETRY,10.8461540,106.7471641,UTRAFFIC-HCM-V6,SOURCE_COORDINATE,SOURCE_BACKED
UTR_NODE_3349899900,UTraffic node 3349899900,INTERSECTION_OR_GEOMETRY,10.8461853,106.7470178,UTRAFFIC-HCM-V6,SOURCE_COORDINATE,SOURCE_BACKED
UTR_NODE_3349899901,UTraffic node 3349899901,INTERSECTION_OR_GEOMETRY,10.8467406,106.7473601,UTRAFFIC-HCM-V6,SOURCE_COORDINATE,SOURCE_BACKED
UTR_NODE_3349899902,UTraffic node 3349899902,INTERSECTION_OR_GEOMETRY,10.8468966,106.7475869,UTRAFFIC-HCM-V6,SOURCE_COORDINATE,SOURCE_BACKED
UTR_NODE_3349899903,UTraffic node 3349899903,INTERSECTION_OR_GEOMETRY,10.8472414,106.7476427,UTRAFFIC-HCM-V6,SOURCE_COORDINATE,SOURCE_BACKED
UTR_NODE_3349899904,UTraffic node 3349899904,INTERSECTION_OR_GEOMETRY,10.8473761,106.7478563,UTRAFFIC-HCM-V6,SOURCE_COORDINATE,SOURCE_BACKED
UTR_NODE_3349899905,UTraffic node 3349899905,INTERSECTION_OR_GEOMETRY,10.8481143,106.7482834,UTRAFFIC-HCM-V6,SOURCE_COORDINATE,SOURCE_BACKED
UTR_NODE_3349899906,UTraffic node 3349899906,INTERSECTION_OR_GEOMETRY,10.8483223,106.7482725,UTRAFFIC-HCM-V6,SOURCE_COORDINATE,SOURCE_BACKED
UTR_NODE_3349899907,UTraffic node 3349899907,INTERSECTION_OR_GEOMETRY,10.8495160,106.7489666,UTRAFFIC-HCM-V6,SOURCE_COORDINATE,SOURCE_BACKED
UTR_NODE_3349899908,UTraffic node 3349899908,INTERSECTION_OR_GEOMETRY,10.8505683,106.7495854,UTRAFFIC-HCM-V6,SOURCE_COORDINATE,SOURCE_BACKED
UTR_NODE_3349899909,UTraffic node 3349899909,INTERSECTION_OR_GEOMETRY,10.8511760,106.7499357,UTRAFFIC-HCM-V6,SOURCE_COORDINATE,SOURCE_BACKED
UTR_NODE_3349899910,UTraffic node 3349899910,INTERSECTION_OR_GEOMETRY,10.8519796,106.7503951,UTRAFFIC-HCM-V6,SOURCE_COORDINATE,SOURCE_BACKED
UTR_NODE_3349899912,UTraffic node 3349899912,INTERSECTION_OR_GEOMETRY,10.8529425,106.7509374,UTRAFFIC-HCM-V6,SOURCE_COORDINATE,SOURCE_BACKED
UTR_NODE_3349899913,UTraffic node 3349899913,INTERSECTION_OR_GEOMETRY,10.8534366,106.7513673,UTRAFFIC-HCM-V6,SOURCE_COORDINATE,SOURCE_BACKED
UTR_NODE_3349899914,UTraffic node 3349899914,INTERSECTION_OR_GEOMETRY,10.8535126,106.7512935,UTRAFFIC-HCM-V6,SOURCE_COORDINATE,SOURCE_BACKED
UTR_NODE_3349899915,UTraffic node 3349899915,INTERSECTION_OR_GEOMETRY,10.8537736,106.7514313,UTRAFFIC-HCM-V6,SOURCE_COORDINATE,SOURCE_BACKED
UTR_NODE_3349899916,UTraffic node 3349899916,INTERSECTION_OR_GEOMETRY,10.8540904,106.7517455,UTRAFFIC-HCM-V6,SOURCE_COORDINATE,SOURCE_BACKED
UTR_NODE_3349899917,UTraffic node 3349899917,INTERSECTION_OR_GEOMETRY,10.8540911,106.7515597,UTRAFFIC-HCM-V6,SOURCE_COORDINATE,SOURCE_BACKED
UTR_NODE_3349899918,UTraffic node 3349899918,INTERSECTION_OR_GEOMETRY,10.8544767,106.7518559,UTRAFFIC-HCM-V6,SOURCE_COORDINATE,SOURCE_BACKED
UTR_NODE_3349899919,UTraffic node 3349899919,INTERSECTION_OR_GEOMETRY,10.8544923,106.7516864,UTRAFFIC-HCM-V6,SOURCE_COORDINATE,SOURCE_BACKED
UTR_NODE_3349899920,UTraffic node 3349899920,INTERSECTION_OR_GEOMETRY,10.8550430,106.7519484,UTRAFFIC-HCM-V6,SOURCE_COORDINATE,SOURCE_BACKED
UTR_NODE_3349899922,UTraffic node 3349899922,INTERSECTION_OR_GEOMETRY,10.8554178,106.7519769,UTRAFFIC-HCM-V6,SOURCE_COORDINATE,SOURCE_BACKED
UTR_NODE_3349899923,UTraffic node 3349899923,INTERSECTION_OR_GEOMETRY,10.8549811,106.7517961,UTRAFFIC-HCM-V6,SOURCE_COORDINATE,SOURCE_BACKED
UTR_NODE_3349899924,UTraffic node 3349899924,INTERSECTION_OR_GEOMETRY,10.8556674,106.7519955,UTRAFFIC-HCM-V6,SOURCE_COORDINATE,SOURCE_BACKED
UTR_NODE_3349899925,UTraffic node 3349899925,INTERSECTION_OR_GEOMETRY,10.8556182,106.7518296,UTRAFFIC-HCM-V6,SOURCE_COORDINATE,SOURCE_BACKED
UTR_NODE_3349899926,UTraffic node 3349899926,INTERSECTION_OR_GEOMETRY,10.8567675,106.7519989,UTRAFFIC-HCM-V6,SOURCE_COORDINATE,SOURCE_BACKED
UTR_NODE_3349899927,UTraffic node 3349899927,INTERSECTION_OR_GEOMETRY,10.8566992,106.7518652,UTRAFFIC-HCM-V6,SOURCE_COORDINATE,SOURCE_BACKED
UTR_NODE_3349899928,UTraffic node 3349899928,INTERSECTION_OR_GEOMETRY,10.8585415,106.7520375,UTRAFFIC-HCM-V6,SOURCE_COORDINATE,SOURCE_BACKED
UTR_NODE_3349899929,UTraffic node 3349899929,INTERSECTION_OR_GEOMETRY,10.8584812,106.7519276,UTRAFFIC-HCM-V6,SOURCE_COORDINATE,SOURCE_BACKED
UTR_NODE_3349899933,UTraffic node 3349899933,INTERSECTION_OR_GEOMETRY,10.8589725,106.7519756,UTRAFFIC-HCM-V6,SOURCE_COORDINATE,SOURCE_BACKED
UTR_NODE_3349899934,UTraffic node 3349899934,INTERSECTION_OR_GEOMETRY,10.8589551,106.7520671,UTRAFFIC-HCM-V6,SOURCE_COORDINATE,SOURCE_BACKED
UTR_NODE_3349899936,UTraffic node 3349899936,INTERSECTION_OR_GEOMETRY,10.8592743,106.7521603,UTRAFFIC-HCM-V6,SOURCE_COORDINATE,SOURCE_BACKED
UTR_NODE_3349899937,UTraffic node 3349899937,INTERSECTION_OR_GEOMETRY,10.8593336,106.7520932,UTRAFFIC-HCM-V6,SOURCE_COORDINATE,SOURCE_BACKED
UTR_NODE_3349899938,UTraffic node 3349899938,INTERSECTION_OR_GEOMETRY,10.8596465,106.7523529,UTRAFFIC-HCM-V6,SOURCE_COORDINATE,SOURCE_BACKED
UTR_NODE_3349899939,UTraffic node 3349899939,INTERSECTION_OR_GEOMETRY,10.8596234,106.7522277,UTRAFFIC-HCM-V6,SOURCE_COORDINATE,SOURCE_BACKED
UTR_NODE_3349899944,UTraffic node 3349899944,INTERSECTION_OR_GEOMETRY,10.8610445,106.7535400,UTRAFFIC-HCM-V6,SOURCE_COORDINATE,SOURCE_BACKED
UTR_NODE_3349899945,UTraffic node 3349899945,INTERSECTION_OR_GEOMETRY,10.8610205,106.7534030,UTRAFFIC-HCM-V6,SOURCE_COORDINATE,SOURCE_BACKED
UTR_NODE_3349899948,UTraffic node 3349899948,INTERSECTION_OR_GEOMETRY,10.8620719,106.7544355,UTRAFFIC-HCM-V6,SOURCE_COORDINATE,SOURCE_BACKED
UTR_NODE_3349899950,UTraffic node 3349899950,INTERSECTION_OR_GEOMETRY,10.8623948,106.7547460,UTRAFFIC-HCM-V6,SOURCE_COORDINATE,SOURCE_BACKED
UTR_NODE_3349899951,UTraffic node 3349899951,INTERSECTION_OR_GEOMETRY,10.8620708,106.7543042,UTRAFFIC-HCM-V6,SOURCE_COORDINATE,SOURCE_BACKED
UTR_NODE_3349899953,UTraffic node 3349899953,INTERSECTION_OR_GEOMETRY,10.8624325,106.7546596,UTRAFFIC-HCM-V6,SOURCE_COORDINATE,SOURCE_BACKED
UTR_NODE_3349899954,UTraffic node 3349899954,INTERSECTION_OR_GEOMETRY,10.8626266,106.7549967,UTRAFFIC-HCM-V6,SOURCE_COORDINATE,SOURCE_BACKED
UTR_NODE_3349899955,UTraffic node 3349899955,INTERSECTION_OR_GEOMETRY,10.8627272,106.7551127,UTRAFFIC-HCM-V6,SOURCE_COORDINATE,SOURCE_BACKED
UTR_NODE_3349899956,UTraffic node 3349899956,INTERSECTION_OR_GEOMETRY,10.8627189,106.7549731,UTRAFFIC-HCM-V6,SOURCE_COORDINATE,SOURCE_BACKED
UTR_NODE_3349899957,UTraffic node 3349899957,INTERSECTION_OR_GEOMETRY,10.8631280,106.7556637,UTRAFFIC-HCM-V6,SOURCE_COORDINATE,SOURCE_BACKED
UTR_NODE_3349899958,UTraffic node 3349899958,INTERSECTION_OR_GEOMETRY,10.8629524,106.7552357,UTRAFFIC-HCM-V6,SOURCE_COORDINATE,SOURCE_BACKED
UTR_NODE_3349899960,UTraffic node 3349899960,INTERSECTION_OR_GEOMETRY,10.8633914,106.7558910,UTRAFFIC-HCM-V6,SOURCE_COORDINATE,SOURCE_BACKED
UTR_NODE_3349899961,UTraffic node 3349899961,INTERSECTION_OR_GEOMETRY,10.8639451,106.7571889,UTRAFFIC-HCM-V6,SOURCE_COORDINATE,SOURCE_BACKED
UTR_NODE_3349899962,UTraffic node 3349899962,INTERSECTION_OR_GEOMETRY,10.8641108,106.7571974,UTRAFFIC-HCM-V6,SOURCE_COORDINATE,SOURCE_BACKED
UTR_NODE_3349899963,UTraffic node 3349899963,INTERSECTION_OR_GEOMETRY,10.8647942,106.7587614,UTRAFFIC-HCM-V6,SOURCE_COORDINATE,SOURCE_BACKED
UTR_NODE_3349899964,UTraffic node 3349899964,INTERSECTION_OR_GEOMETRY,10.8648790,106.7587350,UTRAFFIC-HCM-V6,SOURCE_COORDINATE,SOURCE_BACKED
UTR_NODE_3349899965,UTraffic node 3349899965,INTERSECTION_OR_GEOMETRY,10.8649614,106.7590875,UTRAFFIC-HCM-V6,SOURCE_COORDINATE,SOURCE_BACKED
UTR_NODE_3349899966,UTraffic node 3349899966,INTERSECTION_OR_GEOMETRY,10.8650568,106.7590353,UTRAFFIC-HCM-V6,SOURCE_COORDINATE,SOURCE_BACKED
UTR_NODE_3349899967,UTraffic node 3349899967,INTERSECTION_OR_GEOMETRY,10.8653562,106.7598606,UTRAFFIC-HCM-V6,SOURCE_COORDINATE,SOURCE_BACKED
UTR_NODE_3349899968,UTraffic node 3349899968,INTERSECTION_OR_GEOMETRY,10.8654033,106.7597264,UTRAFFIC-HCM-V6,SOURCE_COORDINATE,SOURCE_BACKED
UTR_NODE_3349899969,UTraffic node 3349899969,INTERSECTION_OR_GEOMETRY,10.8655238,106.7602048,UTRAFFIC-HCM-V6,SOURCE_COORDINATE,SOURCE_BACKED
UTR_NODE_3349899970,UTraffic node 3349899970,INTERSECTION_OR_GEOMETRY,10.8655829,106.7601289,UTRAFFIC-HCM-V6,SOURCE_COORDINATE,SOURCE_BACKED
UTR_NODE_3349899971,UTraffic node 3349899971,INTERSECTION_OR_GEOMETRY,10.8656966,106.7605138,UTRAFFIC-HCM-V6,SOURCE_COORDINATE,SOURCE_BACKED
UTR_NODE_3349899973,UTraffic node 3349899973,INTERSECTION_OR_GEOMETRY,10.8658600,106.7608134,UTRAFFIC-HCM-V6,SOURCE_COORDINATE,SOURCE_BACKED
UTR_NODE_3349899974,UTraffic node 3349899974,INTERSECTION_OR_GEOMETRY,10.8658361,106.7605910,UTRAFFIC-HCM-V6,SOURCE_COORDINATE,SOURCE_BACKED
UTR_NODE_3349899975,UTraffic node 3349899975,INTERSECTION_OR_GEOMETRY,10.8659875,106.7610645,UTRAFFIC-HCM-V6,SOURCE_COORDINATE,SOURCE_BACKED
UTR_NODE_3349899976,UTraffic node 3349899976,INTERSECTION_OR_GEOMETRY,10.8660878,106.7610321,UTRAFFIC-HCM-V6,SOURCE_COORDINATE,SOURCE_BACKED
UTR_NODE_3349899977,UTraffic node 3349899977,INTERSECTION_OR_GEOMETRY,10.8662732,106.7614942,UTRAFFIC-HCM-V6,SOURCE_COORDINATE,SOURCE_BACKED
UTR_NODE_3349899978,UTraffic node 3349899978,INTERSECTION_OR_GEOMETRY,10.8664018,106.7614860,UTRAFFIC-HCM-V6,SOURCE_COORDINATE,SOURCE_BACKED
UTR_NODE_3349899979,UTraffic node 3349899979,INTERSECTION_OR_GEOMETRY,10.8663887,106.7616452,UTRAFFIC-HCM-V6,SOURCE_COORDINATE,SOURCE_BACKED
UTR_NODE_3349899981,UTraffic node 3349899981,INTERSECTION_OR_GEOMETRY,10.8665866,106.7618791,UTRAFFIC-HCM-V6,SOURCE_COORDINATE,SOURCE_BACKED
UTR_NODE_3349899982,UTraffic node 3349899982,INTERSECTION_OR_GEOMETRY,10.8666573,106.7617638,UTRAFFIC-HCM-V6,SOURCE_COORDINATE,SOURCE_BACKED
UTR_NODE_3349899983,UTraffic node 3349899983,INTERSECTION_OR_GEOMETRY,10.8669012,106.7621673,UTRAFFIC-HCM-V6,SOURCE_COORDINATE,SOURCE_BACKED
UTR_NODE_3349899984,UTraffic node 3349899984,INTERSECTION_OR_GEOMETRY,10.8668982,106.7620037,UTRAFFIC-HCM-V6,SOURCE_COORDINATE,SOURCE_BACKED
UTR_NODE_3349899985,UTraffic node 3349899985,INTERSECTION_OR_GEOMETRY,10.8669292,106.7621899,UTRAFFIC-HCM-V6,SOURCE_COORDINATE,SOURCE_BACKED
UTR_NODE_3349899987,UTraffic node 3349899987,INTERSECTION_OR_GEOMETRY,10.8671266,106.7623268,UTRAFFIC-HCM-V6,SOURCE_COORDINATE,SOURCE_BACKED
UTR_NODE_3349899988,UTraffic node 3349899988,INTERSECTION_OR_GEOMETRY,10.8670854,106.7621329,UTRAFFIC-HCM-V6,SOURCE_COORDINATE,SOURCE_BACKED
UTR_NODE_3349899989,UTraffic node 3349899989,INTERSECTION_OR_GEOMETRY,10.8671960,106.7622669,UTRAFFIC-HCM-V6,SOURCE_COORDINATE,SOURCE_BACKED
UTR_NODE_3349899990,UTraffic node 3349899990,INTERSECTION_OR_GEOMETRY,10.8671642,106.7621866,UTRAFFIC-HCM-V6,SOURCE_COORDINATE,SOURCE_BACKED
UTR_NODE_3349899991,UTraffic node 3349899991,INTERSECTION_OR_GEOMETRY,10.8674448,106.7622646,UTRAFFIC-HCM-V6,SOURCE_COORDINATE,SOURCE_BACKED
UTR_NODE_3349899992,UTraffic node 3349899992,INTERSECTION_OR_GEOMETRY,10.8674557,106.7625101,UTRAFFIC-HCM-V6,SOURCE_COORDINATE,SOURCE_BACKED
UTR_NODE_3349899993,UTraffic node 3349899993,INTERSECTION_OR_GEOMETRY,10.8674606,106.7623693,UTRAFFIC-HCM-V6,SOURCE_COORDINATE,SOURCE_BACKED
UTR_NODE_3349899994,UTraffic node 3349899994,INTERSECTION_OR_GEOMETRY,10.8675993,106.7623040,UTRAFFIC-HCM-V6,SOURCE_COORDINATE,SOURCE_BACKED
UTR_NODE_3349899995,UTraffic node 3349899995,INTERSECTION_OR_GEOMETRY,10.8677252,106.7623644,UTRAFFIC-HCM-V6,SOURCE_COORDINATE,SOURCE_BACKED
UTR_NODE_3349899996,UTraffic node 3349899996,INTERSECTION_OR_GEOMETRY,10.8679338,106.7628066,UTRAFFIC-HCM-V6,SOURCE_COORDINATE,SOURCE_BACKED
UTR_NODE_3349899997,UTraffic node 3349899997,INTERSECTION_OR_GEOMETRY,10.8679426,106.7626550,UTRAFFIC-HCM-V6,SOURCE_COORDINATE,SOURCE_BACKED
UTR_NODE_3349899998,UTraffic node 3349899998,INTERSECTION_OR_GEOMETRY,10.8683703,106.7630750,UTRAFFIC-HCM-V6,SOURCE_COORDINATE,SOURCE_BACKED
UTR_NODE_3349899999,UTraffic node 3349899999,INTERSECTION_OR_GEOMETRY,10.8683752,106.7629341,UTRAFFIC-HCM-V6,SOURCE_COORDINATE,SOURCE_BACKED
UTR_NODE_3349900000,UTraffic node 3349900000,INTERSECTION_OR_GEOMETRY,10.8686234,106.7632109,UTRAFFIC-HCM-V6,SOURCE_COORDINATE,SOURCE_BACKED
UTR_NODE_3349900001,UTraffic node 3349900001,INTERSECTION_OR_GEOMETRY,10.8686112,106.7630848,UTRAFFIC-HCM-V6,SOURCE_COORDINATE,SOURCE_BACKED
UTR_NODE_3349900002,UTraffic node 3349900002,INTERSECTION_OR_GEOMETRY,10.8688760,106.7633289,UTRAFFIC-HCM-V6,SOURCE_COORDINATE,SOURCE_BACKED
UTR_NODE_3349900003,UTraffic node 3349900003,INTERSECTION_OR_GEOMETRY,10.8688414,106.7631868,UTRAFFIC-HCM-V6,SOURCE_COORDINATE,SOURCE_BACKED
UTR_NODE_3349900004,UTraffic node 3349900004,INTERSECTION_OR_GEOMETRY,10.8690242,106.7633814,UTRAFFIC-HCM-V6,SOURCE_COORDINATE,SOURCE_BACKED
UTR_NODE_3349900005,UTraffic node 3349900005,INTERSECTION_OR_GEOMETRY,10.8690225,106.7632633,UTRAFFIC-HCM-V6,SOURCE_COORDINATE,SOURCE_BACKED
UTR_NODE_3349900006,UTraffic node 3349900006,INTERSECTION_OR_GEOMETRY,10.8691588,106.7634210,UTRAFFIC-HCM-V6,SOURCE_COORDINATE,SOURCE_BACKED
UTR_NODE_3349900007,UTraffic node 3349900007,INTERSECTION_OR_GEOMETRY,10.8691505,106.7633016,UTRAFFIC-HCM-V6,SOURCE_COORDINATE,SOURCE_BACKED
UTR_NODE_3349900008,UTraffic node 3349900008,INTERSECTION_OR_GEOMETRY,10.8693351,106.7634601,UTRAFFIC-HCM-V6,SOURCE_COORDINATE,SOURCE_BACKED
UTR_NODE_3349900009,UTraffic node 3349900009,INTERSECTION_OR_GEOMETRY,10.8693466,106.7633421,UTRAFFIC-HCM-V6,SOURCE_COORDINATE,SOURCE_BACKED
UTR_NODE_3349900010,UTraffic node 3349900010,INTERSECTION_OR_GEOMETRY,10.8696016,106.7634918,UTRAFFIC-HCM-V6,SOURCE_COORDINATE,SOURCE_BACKED
UTR_NODE_3349900011,UTraffic node 3349900011,INTERSECTION_OR_GEOMETRY,10.8696130,106.7633589,UTRAFFIC-HCM-V6,SOURCE_COORDINATE,SOURCE_BACKED
UTR_NODE_3349900012,UTraffic node 3349900012,INTERSECTION_OR_GEOMETRY,10.8697340,106.7635067,UTRAFFIC-HCM-V6,SOURCE_COORDINATE,SOURCE_BACKED
UTR_NODE_3349900013,UTraffic node 3349900013,INTERSECTION_OR_GEOMETRY,10.8697362,106.7633658,UTRAFFIC-HCM-V6,SOURCE_COORDINATE,SOURCE_BACKED
UTR_NODE_3349900014,UTraffic node 3349900014,INTERSECTION_OR_GEOMETRY,10.8699144,106.7635068,UTRAFFIC-HCM-V6,SOURCE_COORDINATE,SOURCE_BACKED
UTR_NODE_3349900015,UTraffic node 3349900015,INTERSECTION_OR_GEOMETRY,10.8699087,106.7633779,UTRAFFIC-HCM-V6,SOURCE_COORDINATE,SOURCE_BACKED
UTR_NODE_3349900016,UTraffic node 3349900016,INTERSECTION_OR_GEOMETRY,10.8701071,106.7634986,UTRAFFIC-HCM-V6,SOURCE_COORDINATE,SOURCE_BACKED
UTR_NODE_3349900017,UTraffic node 3349900017,INTERSECTION_OR_GEOMETRY,10.8701199,106.7633832,UTRAFFIC-HCM-V6,SOURCE_COORDINATE,SOURCE_BACKED
UTR_NODE_3349900018,UTraffic node 3349900018,INTERSECTION_OR_GEOMETRY,10.8703183,106.7635062,UTRAFFIC-HCM-V6,SOURCE_COORDINATE,SOURCE_BACKED
UTR_NODE_3349900019,UTraffic node 3349900019,INTERSECTION_OR_GEOMETRY,10.8703244,106.7634002,UTRAFFIC-HCM-V6,SOURCE_COORDINATE,SOURCE_BACKED
UTR_NODE_3349900020,UTraffic node 3349900020,INTERSECTION_OR_GEOMETRY,10.8705184,106.7635210,UTRAFFIC-HCM-V6,SOURCE_COORDINATE,SOURCE_BACKED
UTR_NODE_3349900021,UTraffic node 3349900021,INTERSECTION_OR_GEOMETRY,10.8705207,106.7634123,UTRAFFIC-HCM-V6,SOURCE_COORDINATE,SOURCE_BACKED
UTR_NODE_3349900022,UTraffic node 3349900022,INTERSECTION_OR_GEOMETRY,10.8706725,106.7635519,UTRAFFIC-HCM-V6,SOURCE_COORDINATE,SOURCE_BACKED
UTR_NODE_3349900023,UTraffic node 3349900023,INTERSECTION_OR_GEOMETRY,10.8706708,106.7634378,UTRAFFIC-HCM-V6,SOURCE_COORDINATE,SOURCE_BACKED
UTR_NODE_3349900024,UTraffic node 3349900024,INTERSECTION_OR_GEOMETRY,10.8707799,106.7635851,UTRAFFIC-HCM-V6,SOURCE_COORDINATE,SOURCE_BACKED
UTR_NODE_3349900025,UTraffic node 3349900025,INTERSECTION_OR_GEOMETRY,10.8708032,106.7634751,UTRAFFIC-HCM-V6,SOURCE_COORDINATE,SOURCE_BACKED
UTR_NODE_3349900026,UTraffic node 3349900026,INTERSECTION_OR_GEOMETRY,10.8709327,106.7634586,UTRAFFIC-HCM-V6,SOURCE_COORDINATE,SOURCE_BACKED
UTR_NODE_3349900027,UTraffic node 3349900027,INTERSECTION_OR_GEOMETRY,10.8709504,106.7636529,UTRAFFIC-HCM-V6,SOURCE_COORDINATE,SOURCE_BACKED
UTR_NODE_3349900028,UTraffic node 3349900028,INTERSECTION_OR_GEOMETRY,10.8709342,106.7635227,UTRAFFIC-HCM-V6,SOURCE_COORDINATE,SOURCE_BACKED
UTR_NODE_3349900029,UTraffic node 3349900029,INTERSECTION_OR_GEOMETRY,10.8712552,106.7636860,UTRAFFIC-HCM-V6,SOURCE_COORDINATE,SOURCE_BACKED
UTR_NODE_3349900030,UTraffic node 3349900030,INTERSECTION_OR_GEOMETRY,10.8712822,106.7638415,UTRAFFIC-HCM-V6,SOURCE_COORDINATE,SOURCE_BACKED
UTR_NODE_3349900031,UTraffic node 3349900031,INTERSECTION_OR_GEOMETRY,10.8714503,106.7639604,UTRAFFIC-HCM-V6,SOURCE_COORDINATE,SOURCE_BACKED
UTR_NODE_3349966179,UTraffic node 3349966179,INTERSECTION_OR_GEOMETRY,10.8558988,106.7496852,UTRAFFIC-HCM-V6,SOURCE_COORDINATE,SOURCE_BACKED
UTR_NODE_3349969404,UTraffic node 3349969404,INTERSECTION_OR_GEOMETRY,10.8671646,106.7622921,UTRAFFIC-HCM-V6,SOURCE_COORDINATE,SOURCE_BACKED
UTR_NODE_3371908028,UTraffic node 3371908028,INTERSECTION_OR_GEOMETRY,10.8736649,106.7635402,UTRAFFIC-HCM-V6,SOURCE_COORDINATE,SOURCE_BACKED
UTR_NODE_3371908046,UTraffic node 3371908046,INTERSECTION_OR_GEOMETRY,10.8717808,106.7641979,UTRAFFIC-HCM-V6,SOURCE_COORDINATE,SOURCE_BACKED
UTR_NODE_3371932972,UTraffic node 3371932972,INTERSECTION_OR_GEOMETRY,10.8727999,106.7661923,UTRAFFIC-HCM-V6,SOURCE_COORDINATE,SOURCE_BACKED
UTR_NODE_3371932986,UTraffic node 3371932986,INTERSECTION_OR_GEOMETRY,10.8732965,106.7655504,UTRAFFIC-HCM-V6,SOURCE_COORDINATE,SOURCE_BACKED
UTR_NODE_3371937700,UTraffic node 3371937700,INTERSECTION_OR_GEOMETRY,10.8711201,106.7637364,UTRAFFIC-HCM-V6,SOURCE_COORDINATE,SOURCE_BACKED
UTR_NODE_3376089931,UTraffic node 3376089931,INTERSECTION_OR_GEOMETRY,10.8392715,106.7664286,UTRAFFIC-HCM-V6,SOURCE_COORDINATE,SOURCE_BACKED
UTR_NODE_3376089932,UTraffic node 3376089932,INTERSECTION_OR_GEOMETRY,10.8389033,106.7672468,UTRAFFIC-HCM-V6,SOURCE_COORDINATE,SOURCE_BACKED
UTR_NODE_3376089936,UTraffic node 3376089936,INTERSECTION_OR_GEOMETRY,10.8385824,106.7670712,UTRAFFIC-HCM-V6,SOURCE_COORDINATE,SOURCE_BACKED
UTR_NODE_3385455009,UTraffic node 3385455009,INTERSECTION_OR_GEOMETRY,10.8494499,106.7745653,UTRAFFIC-HCM-V6,SOURCE_COORDINATE,SOURCE_BACKED
UTR_NODE_3431471053,UTraffic node 3431471053,INTERSECTION_OR_GEOMETRY,10.8494308,106.7536780,UTRAFFIC-HCM-V6,SOURCE_COORDINATE,SOURCE_BACKED
UTR_NODE_3431490755,UTraffic node 3431490755,INTERSECTION_OR_GEOMETRY,10.8331749,106.7563279,UTRAFFIC-HCM-V6,SOURCE_COORDINATE,SOURCE_BACKED
UTR_NODE_3431496453,UTraffic node 3431496453,INTERSECTION_OR_GEOMETRY,10.8347436,106.7548336,UTRAFFIC-HCM-V6,SOURCE_COORDINATE,SOURCE_BACKED
UTR_NODE_3431507233,UTraffic node 3431507233,INTERSECTION_OR_GEOMETRY,10.8347608,106.7547491,UTRAFFIC-HCM-V6,SOURCE_COORDINATE,SOURCE_BACKED
UTR_NODE_3431507239,UTraffic node 3431507239,INTERSECTION_OR_GEOMETRY,10.8330695,106.7563869,UTRAFFIC-HCM-V6,SOURCE_COORDINATE,SOURCE_BACKED
UTR_NODE_3432448061,UTraffic node 3432448061,INTERSECTION_OR_GEOMETRY,10.8347167,106.7549668,UTRAFFIC-HCM-V6,SOURCE_COORDINATE,SOURCE_BACKED
UTR_NODE_3537353347,UTraffic node 3537353347,INTERSECTION_OR_GEOMETRY,10.8442580,106.7621750,UTRAFFIC-HCM-V6,SOURCE_COORDINATE,SOURCE_BACKED
UTR_NODE_3656167777,UTraffic node 3656167777,INTERSECTION_OR_GEOMETRY,10.8791724,106.7238645,UTRAFFIC-HCM-V6,SOURCE_COORDINATE,SOURCE_BACKED
UTR_NODE_3656167778,UTraffic node 3656167778,INTERSECTION_OR_GEOMETRY,10.8781085,106.7220991,UTRAFFIC-HCM-V6,SOURCE_COORDINATE,SOURCE_BACKED
UTR_NODE_3717885589,UTraffic node 3717885589,INTERSECTION_OR_GEOMETRY,10.8583100,106.7586137,UTRAFFIC-HCM-V6,SOURCE_COORDINATE,SOURCE_BACKED
UTR_NODE_3717961319,UTraffic node 3717961319,INTERSECTION_OR_GEOMETRY,10.8428665,106.7630243,UTRAFFIC-HCM-V6,SOURCE_COORDINATE,SOURCE_BACKED
UTR_NODE_3726293943,UTraffic node 3726293943,INTERSECTION_OR_GEOMETRY,10.8438196,106.7624558,UTRAFFIC-HCM-V6,SOURCE_COORDINATE,SOURCE_BACKED
UTR_NODE_3726299021,UTraffic node 3726299021,INTERSECTION_OR_GEOMETRY,10.8398287,106.7394746,UTRAFFIC-HCM-V6,SOURCE_COORDINATE,SOURCE_BACKED
UTR_NODE_3726299023,UTraffic node 3726299023,INTERSECTION_OR_GEOMETRY,10.8395986,106.7386008,UTRAFFIC-HCM-V6,SOURCE_COORDINATE,SOURCE_BACKED
UTR_NODE_3726299024,UTraffic node 3726299024,INTERSECTION_OR_GEOMETRY,10.8374629,106.7327377,UTRAFFIC-HCM-V6,SOURCE_COORDINATE,SOURCE_BACKED
UTR_NODE_3726301425,UTraffic node 3726301425,INTERSECTION_OR_GEOMETRY,10.8383142,106.7350738,UTRAFFIC-HCM-V6,SOURCE_COORDINATE,SOURCE_BACKED
UTR_NODE_3726301426,UTraffic node 3726301426,INTERSECTION_OR_GEOMETRY,10.8387785,106.7364764,UTRAFFIC-HCM-V6,SOURCE_COORDINATE,SOURCE_BACKED
UTR_NODE_3726301427,UTraffic node 3726301427,INTERSECTION_OR_GEOMETRY,10.8393522,106.7374491,UTRAFFIC-HCM-V6,SOURCE_COORDINATE,SOURCE_BACKED
UTR_NODE_3726301428,UTraffic node 3726301428,INTERSECTION_OR_GEOMETRY,10.8391560,106.7364819,UTRAFFIC-HCM-V6,SOURCE_COORDINATE,SOURCE_BACKED
UTR_NODE_3726301429,UTraffic node 3726301429,INTERSECTION_OR_GEOMETRY,10.8389059,106.7355872,UTRAFFIC-HCM-V6,SOURCE_COORDINATE,SOURCE_BACKED
UTR_NODE_3726301430,UTraffic node 3726301430,INTERSECTION_OR_GEOMETRY,10.8381714,106.7339513,UTRAFFIC-HCM-V6,SOURCE_COORDINATE,SOURCE_BACKED
UTR_NODE_3726308727,UTraffic node 3726308727,INTERSECTION_OR_GEOMETRY,10.8387350,106.7363075,UTRAFFIC-HCM-V6,SOURCE_COORDINATE,SOURCE_BACKED
UTR_NODE_3726308735,UTraffic node 3726308735,INTERSECTION_OR_GEOMETRY,10.8384481,106.7354087,UTRAFFIC-HCM-V6,SOURCE_COORDINATE,SOURCE_BACKED
UTR_NODE_3726321215,UTraffic node 3726321215,INTERSECTION_OR_GEOMETRY,10.8362529,106.7316152,UTRAFFIC-HCM-V6,SOURCE_COORDINATE,SOURCE_BACKED
UTR_NODE_3726329959,UTraffic node 3726329959,INTERSECTION_OR_GEOMETRY,10.8299248,106.7238777,UTRAFFIC-HCM-V6,SOURCE_COORDINATE,SOURCE_BACKED
UTR_NODE_3726329960,UTraffic node 3726329960,INTERSECTION_OR_GEOMETRY,10.8303811,106.7244662,UTRAFFIC-HCM-V6,SOURCE_COORDINATE,SOURCE_BACKED
UTR_NODE_3726329961,UTraffic node 3726329961,INTERSECTION_OR_GEOMETRY,10.8313926,106.7257106,UTRAFFIC-HCM-V6,SOURCE_COORDINATE,SOURCE_BACKED
UTR_NODE_3726329962,UTraffic node 3726329962,INTERSECTION_OR_GEOMETRY,10.8328103,106.7274088,UTRAFFIC-HCM-V6,SOURCE_COORDINATE,SOURCE_BACKED
UTR_NODE_3726329963,UTraffic node 3726329963,INTERSECTION_OR_GEOMETRY,10.8332225,106.7278791,UTRAFFIC-HCM-V6,SOURCE_COORDINATE,SOURCE_BACKED
UTR_NODE_3726329964,UTraffic node 3726329964,INTERSECTION_OR_GEOMETRY,10.8342919,106.7292301,UTRAFFIC-HCM-V6,SOURCE_COORDINATE,SOURCE_BACKED
UTR_NODE_3726329965,UTraffic node 3726329965,INTERSECTION_OR_GEOMETRY,10.8356688,106.7309004,UTRAFFIC-HCM-V6,SOURCE_COORDINATE,SOURCE_BACKED
UTR_NODE_3726336262,UTraffic node 3726336262,INTERSECTION_OR_GEOMETRY,10.8452851,106.7615684,UTRAFFIC-HCM-V6,SOURCE_COORDINATE,SOURCE_BACKED
UTR_NODE_3726336266,UTraffic node 3726336266,INTERSECTION_OR_GEOMETRY,10.8455800,106.7614861,UTRAFFIC-HCM-V6,SOURCE_COORDINATE,SOURCE_BACKED
UTR_NODE_3727350725,UTraffic node 3727350725,INTERSECTION_OR_GEOMETRY,10.8440696,106.7460892,UTRAFFIC-HCM-V6,SOURCE_COORDINATE,SOURCE_BACKED
UTR_NODE_3727350727,UTraffic node 3727350727,INTERSECTION_OR_GEOMETRY,10.8431638,106.7454610,UTRAFFIC-HCM-V6,SOURCE_COORDINATE,SOURCE_BACKED
UTR_NODE_3727355772,UTraffic node 3727355772,INTERSECTION_OR_GEOMETRY,10.8407441,106.7316165,UTRAFFIC-HCM-V6,SOURCE_COORDINATE,SOURCE_BACKED
UTR_NODE_3727373726,UTraffic node 3727373726,INTERSECTION_OR_GEOMETRY,10.8391622,106.7455351,UTRAFFIC-HCM-V6,SOURCE_COORDINATE,SOURCE_BACKED
UTR_NODE_3727386719,UTraffic node 3727386719,INTERSECTION_OR_GEOMETRY,10.8451574,106.7456946,UTRAFFIC-HCM-V6,SOURCE_COORDINATE,SOURCE_BACKED
UTR_NODE_3734216834,UTraffic node 3734216834,INTERSECTION_OR_GEOMETRY,10.8303445,106.7632003,UTRAFFIC-HCM-V6,SOURCE_COORDINATE,SOURCE_BACKED
UTR_NODE_3735697759,UTraffic node 3735697759,INTERSECTION_OR_GEOMETRY,10.8587029,106.7590408,UTRAFFIC-HCM-V6,SOURCE_COORDINATE,SOURCE_BACKED
UTR_NODE_3744066336,UTraffic node 3744066336,INTERSECTION_OR_GEOMETRY,10.8763530,106.7319637,UTRAFFIC-HCM-V6,SOURCE_COORDINATE,SOURCE_BACKED
UTR_NODE_3744066390,UTraffic node 3744066390,INTERSECTION_OR_GEOMETRY,10.8702864,106.7334570,UTRAFFIC-HCM-V6,SOURCE_COORDINATE,SOURCE_BACKED
UTR_NODE_3744066391,UTraffic node 3744066391,INTERSECTION_OR_GEOMETRY,10.8701115,106.7333390,UTRAFFIC-HCM-V6,SOURCE_COORDINATE,SOURCE_BACKED
UTR_NODE_3744069316,UTraffic node 3744069316,INTERSECTION_OR_GEOMETRY,10.8700267,106.7333546,UTRAFFIC-HCM-V6,SOURCE_COORDINATE,SOURCE_BACKED
UTR_NODE_3744084898,UTraffic node 3744084898,INTERSECTION_OR_GEOMETRY,10.8664336,106.7342782,UTRAFFIC-HCM-V6,SOURCE_COORDINATE,SOURCE_BACKED
UTR_NODE_3744084899,UTraffic node 3744084899,INTERSECTION_OR_GEOMETRY,10.8664044,106.7343639,UTRAFFIC-HCM-V6,SOURCE_COORDINATE,SOURCE_BACKED
UTR_NODE_3744084900,UTraffic node 3744084900,INTERSECTION_OR_GEOMETRY,10.8663860,106.7345222,UTRAFFIC-HCM-V6,SOURCE_COORDINATE,SOURCE_BACKED
UTR_NODE_3744084902,UTraffic node 3744084902,INTERSECTION_OR_GEOMETRY,10.8664384,106.7341438,UTRAFFIC-HCM-V6,SOURCE_COORDINATE,SOURCE_BACKED
UTR_NODE_3744084903,UTraffic node 3744084903,INTERSECTION_OR_GEOMETRY,10.8663477,106.7344308,UTRAFFIC-HCM-V6,SOURCE_COORDINATE,SOURCE_BACKED
UTR_NODE_3744097928,UTraffic node 3744097928,INTERSECTION_OR_GEOMETRY,10.8799981,106.7297869,UTRAFFIC-HCM-V6,SOURCE_COORDINATE,SOURCE_BACKED
UTR_NODE_3744097937,UTraffic node 3744097937,INTERSECTION_OR_GEOMETRY,10.8789060,106.7308401,UTRAFFIC-HCM-V6,SOURCE_COORDINATE,SOURCE_BACKED
UTR_NODE_3761761993,UTraffic node 3761761993,INTERSECTION_OR_GEOMETRY,10.8693079,106.7478885,UTRAFFIC-HCM-V6,SOURCE_COORDINATE,SOURCE_BACKED
UTR_NODE_3761761994,UTraffic node 3761761994,INTERSECTION_OR_GEOMETRY,10.8695126,106.7473192,UTRAFFIC-HCM-V6,SOURCE_COORDINATE,SOURCE_BACKED
UTR_NODE_3792257398,UTraffic node 3792257398,INTERSECTION_OR_GEOMETRY,10.8746289,106.7612669,UTRAFFIC-HCM-V6,SOURCE_COORDINATE,SOURCE_BACKED
UTR_NODE_3792257401,UTraffic node 3792257401,INTERSECTION_OR_GEOMETRY,10.8749007,106.7603472,UTRAFFIC-HCM-V6,SOURCE_COORDINATE,SOURCE_BACKED
UTR_NODE_3792257805,UTraffic node 3792257805,INTERSECTION_OR_GEOMETRY,10.8781035,106.7601793,UTRAFFIC-HCM-V6,SOURCE_COORDINATE,SOURCE_BACKED
UTR_NODE_3792257828,UTraffic node 3792257828,INTERSECTION_OR_GEOMETRY,10.8788077,106.7621428,UTRAFFIC-HCM-V6,SOURCE_COORDINATE,SOURCE_BACKED
UTR_NODE_3792257831,UTraffic node 3792257831,INTERSECTION_OR_GEOMETRY,10.8790721,106.7629126,UTRAFFIC-HCM-V6,SOURCE_COORDINATE,SOURCE_BACKED
UTR_NODE_3792257838,UTraffic node 3792257838,INTERSECTION_OR_GEOMETRY,10.8793121,106.7635958,UTRAFFIC-HCM-V6,SOURCE_COORDINATE,SOURCE_BACKED
UTR_NODE_3890515523,UTraffic node 3890515523,INTERSECTION_OR_GEOMETRY,10.8521496,106.7482997,UTRAFFIC-HCM-V6,SOURCE_COORDINATE,SOURCE_BACKED
UTR_NODE_4030892832,UTraffic node 4030892832,INTERSECTION_OR_GEOMETRY,10.8502286,106.7527369,UTRAFFIC-HCM-V6,SOURCE_COORDINATE,SOURCE_BACKED
UTR_NODE_4031006190,UTraffic node 4031006190,INTERSECTION_OR_GEOMETRY,10.8711650,106.7414560,UTRAFFIC-HCM-V6,SOURCE_COORDINATE,SOURCE_BACKED
UTR_NODE_4049955343,UTraffic node 4049955343,INTERSECTION_OR_GEOMETRY,10.8407243,106.7316256,UTRAFFIC-HCM-V6,SOURCE_COORDINATE,SOURCE_BACKED
UTR_NODE_4052828549,UTraffic node 4052828549,INTERSECTION_OR_GEOMETRY,10.8230727,106.7703677,UTRAFFIC-HCM-V6,SOURCE_COORDINATE,SOURCE_BACKED
UTR_NODE_4052828785,UTraffic node 4052828785,INTERSECTION_OR_GEOMETRY,10.8310037,106.7590097,UTRAFFIC-HCM-V6,SOURCE_COORDINATE,SOURCE_BACKED
UTR_NODE_4066414552,UTraffic node 4066414552,INTERSECTION_OR_GEOMETRY,10.8481654,106.7734527,UTRAFFIC-HCM-V6,SOURCE_COORDINATE,SOURCE_BACKED
UTR_NODE_4066414553,UTraffic node 4066414553,INTERSECTION_OR_GEOMETRY,10.8450607,106.7715209,UTRAFFIC-HCM-V6,SOURCE_COORDINATE,SOURCE_BACKED
UTR_NODE_4066414555,UTraffic node 4066414555,INTERSECTION_OR_GEOMETRY,10.8486670,106.7739172,UTRAFFIC-HCM-V6,SOURCE_COORDINATE,SOURCE_BACKED
UTR_NODE_4066419589,UTraffic node 4066419589,INTERSECTION_OR_GEOMETRY,10.8484707,106.7746930,UTRAFFIC-HCM-V6,SOURCE_COORDINATE,SOURCE_BACKED
UTR_NODE_4066458563,UTraffic node 4066458563,INTERSECTION_OR_GEOMETRY,10.8434385,106.7704770,UTRAFFIC-HCM-V6,SOURCE_COORDINATE,SOURCE_BACKED
UTR_NODE_4066458564,UTraffic node 4066458564,INTERSECTION_OR_GEOMETRY,10.8432597,106.7704942,UTRAFFIC-HCM-V6,SOURCE_COORDINATE,SOURCE_BACKED
UTR_NODE_4066458565,UTraffic node 4066458565,INTERSECTION_OR_GEOMETRY,10.8441876,106.7710291,UTRAFFIC-HCM-V6,SOURCE_COORDINATE,SOURCE_BACKED
UTR_NODE_4066458568,UTraffic node 4066458568,INTERSECTION_OR_GEOMETRY,10.8488741,106.7735975,UTRAFFIC-HCM-V6,SOURCE_COORDINATE,SOURCE_BACKED
UTR_NODE_4066458574,UTraffic node 4066458574,INTERSECTION_OR_GEOMETRY,10.8495619,106.7730506,UTRAFFIC-HCM-V6,SOURCE_COORDINATE,SOURCE_BACKED
UTR_NODE_4066458575,UTraffic node 4066458575,INTERSECTION_OR_GEOMETRY,10.8478386,106.7730798,UTRAFFIC-HCM-V6,SOURCE_COORDINATE,SOURCE_BACKED
UTR_NODE_4066458576,UTraffic node 4066458576,INTERSECTION_OR_GEOMETRY,10.8478794,106.7730167,UTRAFFIC-HCM-V6,SOURCE_COORDINATE,SOURCE_BACKED
UTR_NODE_4066458578,UTraffic node 4066458578,INTERSECTION_OR_GEOMETRY,10.8482335,106.7734683,UTRAFFIC-HCM-V6,SOURCE_COORDINATE,SOURCE_BACKED
UTR_NODE_4066458579,UTraffic node 4066458579,INTERSECTION_OR_GEOMETRY,10.8486209,106.7737753,UTRAFFIC-HCM-V6,SOURCE_COORDINATE,SOURCE_BACKED
UTR_NODE_4066458581,UTraffic node 4066458581,INTERSECTION_OR_GEOMETRY,10.8494699,106.7737466,UTRAFFIC-HCM-V6,SOURCE_COORDINATE,SOURCE_BACKED
UTR_NODE_4066458585,UTraffic node 4066458585,INTERSECTION_OR_GEOMETRY,10.8495111,106.7744410,UTRAFFIC-HCM-V6,SOURCE_COORDINATE,SOURCE_BACKED
UTR_NODE_4066458586,UTraffic node 4066458586,INTERSECTION_OR_GEOMETRY,10.8523905,106.7784947,UTRAFFIC-HCM-V6,SOURCE_COORDINATE,SOURCE_BACKED
UTR_NODE_4066458587,UTraffic node 4066458587,INTERSECTION_OR_GEOMETRY,10.8504724,106.7754187,UTRAFFIC-HCM-V6,SOURCE_COORDINATE,SOURCE_BACKED
UTR_NODE_4066459089,UTraffic node 4066459089,INTERSECTION_OR_GEOMETRY,10.8456255,106.7716141,UTRAFFIC-HCM-V6,SOURCE_COORDINATE,SOURCE_BACKED
UTR_NODE_4066459091,UTraffic node 4066459091,INTERSECTION_OR_GEOMETRY,10.8461667,106.7719981,UTRAFFIC-HCM-V6,SOURCE_COORDINATE,SOURCE_BACKED
UTR_NODE_4066459094,UTraffic node 4066459094,INTERSECTION_OR_GEOMETRY,10.8512084,106.7762740,UTRAFFIC-HCM-V6,SOURCE_COORDINATE,SOURCE_BACKED
UTR_NODE_4066459095,UTraffic node 4066459095,INTERSECTION_OR_GEOMETRY,10.8507271,106.7758814,UTRAFFIC-HCM-V6,SOURCE_COORDINATE,SOURCE_BACKED
UTR_NODE_4066459096,UTraffic node 4066459096,INTERSECTION_OR_GEOMETRY,10.8503900,106.7754697,UTRAFFIC-HCM-V6,SOURCE_COORDINATE,SOURCE_BACKED
UTR_NODE_4066470690,UTraffic node 4066470690,INTERSECTION_OR_GEOMETRY,10.8487720,106.7740079,UTRAFFIC-HCM-V6,SOURCE_COORDINATE,SOURCE_BACKED
UTR_NODE_4066470691,UTraffic node 4066470691,INTERSECTION_OR_GEOMETRY,10.8488658,106.7740710,UTRAFFIC-HCM-V6,SOURCE_COORDINATE,SOURCE_BACKED
UTR_NODE_4066470692,UTraffic node 4066470692,INTERSECTION_OR_GEOMETRY,10.8489098,106.7740111,UTRAFFIC-HCM-V6,SOURCE_COORDINATE,SOURCE_BACKED
UTR_NODE_4066470693,UTraffic node 4066470693,INTERSECTION_OR_GEOMETRY,10.8498478,106.7749723,UTRAFFIC-HCM-V6,SOURCE_COORDINATE,SOURCE_BACKED
UTR_NODE_4066470694,UTraffic node 4066470694,INTERSECTION_OR_GEOMETRY,10.8504848,106.7757002,UTRAFFIC-HCM-V6,SOURCE_COORDINATE,SOURCE_BACKED
UTR_NODE_4066470695,UTraffic node 4066470695,INTERSECTION_OR_GEOMETRY,10.8506490,106.7759519,UTRAFFIC-HCM-V6,SOURCE_COORDINATE,SOURCE_BACKED
UTR_NODE_4066470696,UTraffic node 4066470696,INTERSECTION_OR_GEOMETRY,10.8511354,106.7764613,UTRAFFIC-HCM-V6,SOURCE_COORDINATE,SOURCE_BACKED
UTR_NODE_4066470697,UTraffic node 4066470697,INTERSECTION_OR_GEOMETRY,10.8514066,106.7765929,UTRAFFIC-HCM-V6,SOURCE_COORDINATE,SOURCE_BACKED
UTR_NODE_4066470698,UTraffic node 4066470698,INTERSECTION_OR_GEOMETRY,10.8482531,106.7732654,UTRAFFIC-HCM-V6,SOURCE_COORDINATE,SOURCE_BACKED
UTR_NODE_4066480996,UTraffic node 4066480996,INTERSECTION_OR_GEOMETRY,10.8483047,106.7731396,UTRAFFIC-HCM-V6,SOURCE_COORDINATE,SOURCE_BACKED
UTR_NODE_4066481001,UTraffic node 4066481001,INTERSECTION_OR_GEOMETRY,10.8378586,106.7671450,UTRAFFIC-HCM-V6,SOURCE_COORDINATE,SOURCE_BACKED
UTR_NODE_4066481002,UTraffic node 4066481002,INTERSECTION_OR_GEOMETRY,10.8367132,106.7666991,UTRAFFIC-HCM-V6,SOURCE_COORDINATE,SOURCE_BACKED
UTR_NODE_4066481003,UTraffic node 4066481003,INTERSECTION_OR_GEOMETRY,10.8376118,106.7671733,UTRAFFIC-HCM-V6,SOURCE_COORDINATE,SOURCE_BACKED
UTR_NODE_4066481005,UTraffic node 4066481005,INTERSECTION_OR_GEOMETRY,10.8371929,106.7669521,UTRAFFIC-HCM-V6,SOURCE_COORDINATE,SOURCE_BACKED
UTR_NODE_4066481006,UTraffic node 4066481006,INTERSECTION_OR_GEOMETRY,10.8377891,106.7672760,UTRAFFIC-HCM-V6,SOURCE_COORDINATE,SOURCE_BACKED
UTR_NODE_4066481007,UTraffic node 4066481007,INTERSECTION_OR_GEOMETRY,10.8379524,106.7674972,UTRAFFIC-HCM-V6,SOURCE_COORDINATE,SOURCE_BACKED
UTR_NODE_4066481008,UTraffic node 4066481008,INTERSECTION_OR_GEOMETRY,10.8375421,106.7673012,UTRAFFIC-HCM-V6,SOURCE_COORDINATE,SOURCE_BACKED
UTR_NODE_4066481009,UTraffic node 4066481009,INTERSECTION_OR_GEOMETRY,10.8403005,106.7688173,UTRAFFIC-HCM-V6,SOURCE_COORDINATE,SOURCE_BACKED
UTR_NODE_4066481014,UTraffic node 4066481014,INTERSECTION_OR_GEOMETRY,10.8420577,106.7697303,UTRAFFIC-HCM-V6,SOURCE_COORDINATE,SOURCE_BACKED
UTR_NODE_4067981428,UTraffic node 4067981428,INTERSECTION_OR_GEOMETRY,10.8294998,106.7233614,UTRAFFIC-HCM-V6,SOURCE_COORDINATE,SOURCE_BACKED
UTR_NODE_4067981429,UTraffic node 4067981429,INTERSECTION_OR_GEOMETRY,10.8295069,106.7228302,UTRAFFIC-HCM-V6,SOURCE_COORDINATE,SOURCE_BACKED
UTR_NODE_4067981430,UTraffic node 4067981430,INTERSECTION_OR_GEOMETRY,10.8377298,106.7331742,UTRAFFIC-HCM-V6,SOURCE_COORDINATE,SOURCE_BACKED
UTR_NODE_4067981431,UTraffic node 4067981431,INTERSECTION_OR_GEOMETRY,10.8377979,106.7339422,UTRAFFIC-HCM-V6,SOURCE_COORDINATE,SOURCE_BACKED
UTR_NODE_4067981432,UTraffic node 4067981432,INTERSECTION_OR_GEOMETRY,10.8374238,106.7333337,UTRAFFIC-HCM-V6,SOURCE_COORDINATE,SOURCE_BACKED
UTR_NODE_4067981433,UTraffic node 4067981433,INTERSECTION_OR_GEOMETRY,10.8380621,106.7345080,UTRAFFIC-HCM-V6,SOURCE_COORDINATE,SOURCE_BACKED
UTR_NODE_4068001327,UTraffic node 4068001327,INTERSECTION_OR_GEOMETRY,10.8289113,106.7224480,UTRAFFIC-HCM-V6,SOURCE_COORDINATE,SOURCE_BACKED
UTR_NODE_4068001328,UTraffic node 4068001328,INTERSECTION_OR_GEOMETRY,10.8290881,106.7226862,UTRAFFIC-HCM-V6,SOURCE_COORDINATE,SOURCE_BACKED
UTR_NODE_4068001329,UTraffic node 4068001329,INTERSECTION_OR_GEOMETRY,10.8296100,106.7233273,UTRAFFIC-HCM-V6,SOURCE_COORDINATE,SOURCE_BACKED
UTR_NODE_4068001330,UTraffic node 4068001330,INTERSECTION_OR_GEOMETRY,10.8301548,106.7240049,UTRAFFIC-HCM-V6,SOURCE_COORDINATE,SOURCE_BACKED
UTR_NODE_4068001331,UTraffic node 4068001331,INTERSECTION_OR_GEOMETRY,10.8311405,106.7252393,UTRAFFIC-HCM-V6,SOURCE_COORDINATE,SOURCE_BACKED
UTR_NODE_4068001333,UTraffic node 4068001333,INTERSECTION_OR_GEOMETRY,10.8316926,106.7259166,UTRAFFIC-HCM-V6,SOURCE_COORDINATE,SOURCE_BACKED
UTR_NODE_4068001335,UTraffic node 4068001335,INTERSECTION_OR_GEOMETRY,10.8324354,106.7268488,UTRAFFIC-HCM-V6,SOURCE_COORDINATE,SOURCE_BACKED
UTR_NODE_4068001337,UTraffic node 4068001337,INTERSECTION_OR_GEOMETRY,10.8328718,106.7273286,UTRAFFIC-HCM-V6,SOURCE_COORDINATE,SOURCE_BACKED
UTR_NODE_4068001338,UTraffic node 4068001338,INTERSECTION_OR_GEOMETRY,10.8332931,106.7278029,UTRAFFIC-HCM-V6,SOURCE_COORDINATE,SOURCE_BACKED
UTR_NODE_4068001339,UTraffic node 4068001339,INTERSECTION_OR_GEOMETRY,10.8339134,106.7285707,UTRAFFIC-HCM-V6,SOURCE_COORDINATE,SOURCE_BACKED
UTR_NODE_4068001340,UTraffic node 4068001340,INTERSECTION_OR_GEOMETRY,10.8344609,106.7292514,UTRAFFIC-HCM-V6,SOURCE_COORDINATE,SOURCE_BACKED
UTR_NODE_4068001341,UTraffic node 4068001341,INTERSECTION_OR_GEOMETRY,10.8350892,106.7300448,UTRAFFIC-HCM-V6,SOURCE_COORDINATE,SOURCE_BACKED
UTR_NODE_4068001342,UTraffic node 4068001342,INTERSECTION_OR_GEOMETRY,10.8352310,106.7302055,UTRAFFIC-HCM-V6,SOURCE_COORDINATE,SOURCE_BACKED
UTR_NODE_4068001343,UTraffic node 4068001343,INTERSECTION_OR_GEOMETRY,10.8358942,106.7310042,UTRAFFIC-HCM-V6,SOURCE_COORDINATE,SOURCE_BACKED
UTR_NODE_4068001344,UTraffic node 4068001344,INTERSECTION_OR_GEOMETRY,10.8368006,106.7321567,UTRAFFIC-HCM-V6,SOURCE_COORDINATE,SOURCE_BACKED
UTR_NODE_4068001345,UTraffic node 4068001345,INTERSECTION_OR_GEOMETRY,10.8370873,106.7325701,UTRAFFIC-HCM-V6,SOURCE_COORDINATE,SOURCE_BACKED
UTR_NODE_4068001346,UTraffic node 4068001346,INTERSECTION_OR_GEOMETRY,10.8374857,106.7327082,UTRAFFIC-HCM-V6,SOURCE_COORDINATE,SOURCE_BACKED
UTR_NODE_4068001347,UTraffic node 4068001347,INTERSECTION_OR_GEOMETRY,10.8376653,106.7335082,UTRAFFIC-HCM-V6,SOURCE_COORDINATE,SOURCE_BACKED
UTR_NODE_4068001348,UTraffic node 4068001348,INTERSECTION_OR_GEOMETRY,10.8380903,106.7343264,UTRAFFIC-HCM-V6,SOURCE_COORDINATE,SOURCE_BACKED
UTR_NODE_4068001349,UTraffic node 4068001349,INTERSECTION_OR_GEOMETRY,10.8384996,106.7352363,UTRAFFIC-HCM-V6,SOURCE_COORDINATE,SOURCE_BACKED
UTR_NODE_4068001350,UTraffic node 4068001350,INTERSECTION_OR_GEOMETRY,10.8386733,106.7357221,UTRAFFIC-HCM-V6,SOURCE_COORDINATE,SOURCE_BACKED
UTR_NODE_4068001351,UTraffic node 4068001351,INTERSECTION_OR_GEOMETRY,10.8388171,106.7362100,UTRAFFIC-HCM-V6,SOURCE_COORDINATE,SOURCE_BACKED
UTR_NODE_4068001352,UTraffic node 4068001352,INTERSECTION_OR_GEOMETRY,10.8388501,106.7363302,UTRAFFIC-HCM-V6,SOURCE_COORDINATE,SOURCE_BACKED
UTR_NODE_4068001353,UTraffic node 4068001353,INTERSECTION_OR_GEOMETRY,10.8389848,106.7368402,UTRAFFIC-HCM-V6,SOURCE_COORDINATE,SOURCE_BACKED
UTR_NODE_4068001354,UTraffic node 4068001354,INTERSECTION_OR_GEOMETRY,10.8392423,106.7378931,UTRAFFIC-HCM-V6,SOURCE_COORDINATE,SOURCE_BACKED
UTR_NODE_4068001355,UTraffic node 4068001355,INTERSECTION_OR_GEOMETRY,10.8394044,106.7386297,UTRAFFIC-HCM-V6,SOURCE_COORDINATE,SOURCE_BACKED
UTR_NODE_4068001356,UTraffic node 4068001356,INTERSECTION_OR_GEOMETRY,10.8393724,106.7384555,UTRAFFIC-HCM-V6,SOURCE_COORDINATE,SOURCE_BACKED
UTR_NODE_4068001357,UTraffic node 4068001357,INTERSECTION_OR_GEOMETRY,10.8390819,106.7376467,UTRAFFIC-HCM-V6,SOURCE_COORDINATE,SOURCE_BACKED
UTR_NODE_4068001358,UTraffic node 4068001358,INTERSECTION_OR_GEOMETRY,10.8392175,106.7381826,UTRAFFIC-HCM-V6,SOURCE_COORDINATE,SOURCE_BACKED
UTR_NODE_4068001359,UTraffic node 4068001359,INTERSECTION_OR_GEOMETRY,10.8392363,106.7369453,UTRAFFIC-HCM-V6,SOURCE_COORDINATE,SOURCE_BACKED
UTR_NODE_4068001360,UTraffic node 4068001360,INTERSECTION_OR_GEOMETRY,10.8385984,106.7347435,UTRAFFIC-HCM-V6,SOURCE_COORDINATE,SOURCE_BACKED
UTR_NODE_4068001361,UTraffic node 4068001361,INTERSECTION_OR_GEOMETRY,10.8390504,106.7360602,UTRAFFIC-HCM-V6,SOURCE_COORDINATE,SOURCE_BACKED
UTR_NODE_4068001362,UTraffic node 4068001362,INTERSECTION_OR_GEOMETRY,10.8395005,106.7379494,UTRAFFIC-HCM-V6,SOURCE_COORDINATE,SOURCE_BACKED
UTR_NODE_4068001363,UTraffic node 4068001363,INTERSECTION_OR_GEOMETRY,10.8393403,106.7377002,UTRAFFIC-HCM-V6,SOURCE_COORDINATE,SOURCE_BACKED
UTR_NODE_4068001364,UTraffic node 4068001364,INTERSECTION_OR_GEOMETRY,10.8391851,106.7370251,UTRAFFIC-HCM-V6,SOURCE_COORDINATE,SOURCE_BACKED
UTR_NODE_4068001365,UTraffic node 4068001365,INTERSECTION_OR_GEOMETRY,10.8390365,106.7364147,UTRAFFIC-HCM-V6,SOURCE_COORDINATE,SOURCE_BACKED
UTR_NODE_4068001366,UTraffic node 4068001366,INTERSECTION_OR_GEOMETRY,10.8388702,106.7358326,UTRAFFIC-HCM-V6,SOURCE_COORDINATE,SOURCE_BACKED
UTR_NODE_4068001367,UTraffic node 4068001367,INTERSECTION_OR_GEOMETRY,10.8387278,106.7353771,UTRAFFIC-HCM-V6,SOURCE_COORDINATE,SOURCE_BACKED
UTR_NODE_4068001368,UTraffic node 4068001368,INTERSECTION_OR_GEOMETRY,10.8385489,106.7348867,UTRAFFIC-HCM-V6,SOURCE_COORDINATE,SOURCE_BACKED
UTR_NODE_4068001369,UTraffic node 4068001369,INTERSECTION_OR_GEOMETRY,10.8384228,106.7345972,UTRAFFIC-HCM-V6,SOURCE_COORDINATE,SOURCE_BACKED
UTR_NODE_4068001370,UTraffic node 4068001370,INTERSECTION_OR_GEOMETRY,10.8382033,106.7341398,UTRAFFIC-HCM-V6,SOURCE_COORDINATE,SOURCE_BACKED
UTR_NODE_4068001371,UTraffic node 4068001371,INTERSECTION_OR_GEOMETRY,10.8378215,106.7334650,UTRAFFIC-HCM-V6,SOURCE_COORDINATE,SOURCE_BACKED
UTR_NODE_4068001372,UTraffic node 4068001372,INTERSECTION_OR_GEOMETRY,10.8375188,106.7326857,UTRAFFIC-HCM-V6,SOURCE_COORDINATE,SOURCE_BACKED
UTR_NODE_4068001373,UTraffic node 4068001373,INTERSECTION_OR_GEOMETRY,10.8369913,106.7321872,UTRAFFIC-HCM-V6,SOURCE_COORDINATE,SOURCE_BACKED
UTR_NODE_4068001374,UTraffic node 4068001374,INTERSECTION_OR_GEOMETRY,10.8367273,106.7316781,UTRAFFIC-HCM-V6,SOURCE_COORDINATE,SOURCE_BACKED
UTR_NODE_4068001375,UTraffic node 4068001375,INTERSECTION_OR_GEOMETRY,10.8372256,106.7324103,UTRAFFIC-HCM-V6,SOURCE_COORDINATE,SOURCE_BACKED
UTR_NODE_4068001376,UTraffic node 4068001376,INTERSECTION_OR_GEOMETRY,10.8379947,106.7336266,UTRAFFIC-HCM-V6,SOURCE_COORDINATE,SOURCE_BACKED
UTR_NODE_4068001377,UTraffic node 4068001377,INTERSECTION_OR_GEOMETRY,10.8380459,106.7331984,UTRAFFIC-HCM-V6,SOURCE_COORDINATE,SOURCE_BACKED
UTR_NODE_4068001378,UTraffic node 4068001378,INTERSECTION_OR_GEOMETRY,10.8372630,106.7320501,UTRAFFIC-HCM-V6,SOURCE_COORDINATE,SOURCE_BACKED
UTR_NODE_4068001379,UTraffic node 4068001379,INTERSECTION_OR_GEOMETRY,10.8387161,106.7345225,UTRAFFIC-HCM-V6,SOURCE_COORDINATE,SOURCE_BACKED
UTR_NODE_4068001380,UTraffic node 4068001380,INTERSECTION_OR_GEOMETRY,10.8390240,106.7353648,UTRAFFIC-HCM-V6,SOURCE_COORDINATE,SOURCE_BACKED
UTR_NODE_4068001381,UTraffic node 4068001381,INTERSECTION_OR_GEOMETRY,10.8393340,106.7365580,UTRAFFIC-HCM-V6,SOURCE_COORDINATE,SOURCE_BACKED
UTR_NODE_4068001382,UTraffic node 4068001382,INTERSECTION_OR_GEOMETRY,10.8365724,106.7316328,UTRAFFIC-HCM-V6,SOURCE_COORDINATE,SOURCE_BACKED
UTR_NODE_4068001383,UTraffic node 4068001383,INTERSECTION_OR_GEOMETRY,10.8359841,106.7309249,UTRAFFIC-HCM-V6,SOURCE_COORDINATE,SOURCE_BACKED
UTR_NODE_4068001384,UTraffic node 4068001384,INTERSECTION_OR_GEOMETRY,10.8355829,106.7304366,UTRAFFIC-HCM-V6,SOURCE_COORDINATE,SOURCE_BACKED
UTR_NODE_4068001385,UTraffic node 4068001385,INTERSECTION_OR_GEOMETRY,10.8353219,106.7301125,UTRAFFIC-HCM-V6,SOURCE_COORDINATE,SOURCE_BACKED
UTR_NODE_4068001386,UTraffic node 4068001386,INTERSECTION_OR_GEOMETRY,10.8347139,106.7293731,UTRAFFIC-HCM-V6,SOURCE_COORDINATE,SOURCE_BACKED
UTR_NODE_4068001387,UTraffic node 4068001387,INTERSECTION_OR_GEOMETRY,10.8339731,106.7284081,UTRAFFIC-HCM-V6,SOURCE_COORDINATE,SOURCE_BACKED
UTR_NODE_4068001388,UTraffic node 4068001388,INTERSECTION_OR_GEOMETRY,10.8332584,106.7275543,UTRAFFIC-HCM-V6,SOURCE_COORDINATE,SOURCE_BACKED
UTR_NODE_4068001389,UTraffic node 4068001389,INTERSECTION_OR_GEOMETRY,10.8326375,106.7268246,UTRAFFIC-HCM-V6,SOURCE_COORDINATE,SOURCE_BACKED
UTR_NODE_4068001390,UTraffic node 4068001390,INTERSECTION_OR_GEOMETRY,10.8314995,106.7254037,UTRAFFIC-HCM-V6,SOURCE_COORDINATE,SOURCE_BACKED
UTR_NODE_4068001391,UTraffic node 4068001391,INTERSECTION_OR_GEOMETRY,10.8311860,106.7250114,UTRAFFIC-HCM-V6,SOURCE_COORDINATE,SOURCE_BACKED
UTR_NODE_4068001392,UTraffic node 4068001392,INTERSECTION_OR_GEOMETRY,10.8308885,106.7246434,UTRAFFIC-HCM-V6,SOURCE_COORDINATE,SOURCE_BACKED
UTR_NODE_4068001393,UTraffic node 4068001393,INTERSECTION_OR_GEOMETRY,10.8306827,106.7244006,UTRAFFIC-HCM-V6,SOURCE_COORDINATE,SOURCE_BACKED
UTR_NODE_4068001394,UTraffic node 4068001394,INTERSECTION_OR_GEOMETRY,10.8301278,106.7237328,UTRAFFIC-HCM-V6,SOURCE_COORDINATE,SOURCE_BACKED
UTR_NODE_4068001395,UTraffic node 4068001395,INTERSECTION_OR_GEOMETRY,10.8297285,106.7232287,UTRAFFIC-HCM-V6,SOURCE_COORDINATE,SOURCE_BACKED
UTR_NODE_4068001396,UTraffic node 4068001396,INTERSECTION_OR_GEOMETRY,10.8292498,106.7225448,UTRAFFIC-HCM-V6,SOURCE_COORDINATE,SOURCE_BACKED
UTR_NODE_4068001406,UTraffic node 4068001406,INTERSECTION_OR_GEOMETRY,10.8319647,106.7264633,UTRAFFIC-HCM-V6,SOURCE_COORDINATE,SOURCE_BACKED
UTR_NODE_4068001408,UTraffic node 4068001408,INTERSECTION_OR_GEOMETRY,10.8380064,106.7337551,UTRAFFIC-HCM-V6,SOURCE_COORDINATE,SOURCE_BACKED
UTR_NODE_4068001409,UTraffic node 4068001409,INTERSECTION_OR_GEOMETRY,10.8379160,106.7339621,UTRAFFIC-HCM-V6,SOURCE_COORDINATE,SOURCE_BACKED
UTR_NODE_4068001410,UTraffic node 4068001410,INTERSECTION_OR_GEOMETRY,10.8383040,106.7347535,UTRAFFIC-HCM-V6,SOURCE_COORDINATE,SOURCE_BACKED
UTR_NODE_4068001411,UTraffic node 4068001411,INTERSECTION_OR_GEOMETRY,10.8393222,106.7382005,UTRAFFIC-HCM-V6,SOURCE_COORDINATE,SOURCE_BACKED
UTR_NODE_4068001412,UTraffic node 4068001412,INTERSECTION_OR_GEOMETRY,10.8402619,106.7406786,UTRAFFIC-HCM-V6,SOURCE_COORDINATE,SOURCE_BACKED
UTR_NODE_4068001735,UTraffic node 4068001735,INTERSECTION_OR_GEOMETRY,10.8415361,106.7438406,UTRAFFIC-HCM-V6,SOURCE_COORDINATE,SOURCE_BACKED
UTR_NODE_4068001736,UTraffic node 4068001736,INTERSECTION_OR_GEOMETRY,10.8417646,106.7440505,UTRAFFIC-HCM-V6,SOURCE_COORDINATE,SOURCE_BACKED
UTR_NODE_4068001737,UTraffic node 4068001737,INTERSECTION_OR_GEOMETRY,10.8407361,106.7423759,UTRAFFIC-HCM-V6,SOURCE_COORDINATE,SOURCE_BACKED
UTR_NODE_4068001738,UTraffic node 4068001738,INTERSECTION_OR_GEOMETRY,10.8433574,106.7451041,UTRAFFIC-HCM-V6,SOURCE_COORDINATE,SOURCE_BACKED
UTR_NODE_4068001739,UTraffic node 4068001739,INTERSECTION_OR_GEOMETRY,10.8431148,106.7450150,UTRAFFIC-HCM-V6,SOURCE_COORDINATE,SOURCE_BACKED
UTR_NODE_4068001740,UTraffic node 4068001740,INTERSECTION_OR_GEOMETRY,10.8438310,106.7451688,UTRAFFIC-HCM-V6,SOURCE_COORDINATE,SOURCE_BACKED
UTR_NODE_4068001741,UTraffic node 4068001741,INTERSECTION_OR_GEOMETRY,10.8427853,106.7448512,UTRAFFIC-HCM-V6,SOURCE_COORDINATE,SOURCE_BACKED
UTR_NODE_4068001742,UTraffic node 4068001742,INTERSECTION_OR_GEOMETRY,10.8421084,106.7443676,UTRAFFIC-HCM-V6,SOURCE_COORDINATE,SOURCE_BACKED
UTR_NODE_4068007609,UTraffic node 4068007609,INTERSECTION_OR_GEOMETRY,10.8387613,106.7351677,UTRAFFIC-HCM-V6,SOURCE_COORDINATE,SOURCE_BACKED
UTR_NODE_4068009417,UTraffic node 4068009417,INTERSECTION_OR_GEOMETRY,10.8727252,106.7647680,UTRAFFIC-HCM-V6,SOURCE_COORDINATE,SOURCE_BACKED
UTR_NODE_4068009418,UTraffic node 4068009418,INTERSECTION_OR_GEOMETRY,10.8725342,106.7646668,UTRAFFIC-HCM-V6,SOURCE_COORDINATE,SOURCE_BACKED
UTR_NODE_4068009421,UTraffic node 4068009421,INTERSECTION_OR_GEOMETRY,10.8693305,106.7632440,UTRAFFIC-HCM-V6,SOURCE_COORDINATE,SOURCE_BACKED
UTR_NODE_4068009422,UTraffic node 4068009422,INTERSECTION_OR_GEOMETRY,10.8688718,106.7630967,UTRAFFIC-HCM-V6,SOURCE_COORDINATE,SOURCE_BACKED
UTR_NODE_4068017989,UTraffic node 4068017989,INTERSECTION_OR_GEOMETRY,10.8718463,106.7692204,UTRAFFIC-HCM-V6,SOURCE_COORDINATE,SOURCE_BACKED
UTR_NODE_4068017990,UTraffic node 4068017990,INTERSECTION_OR_GEOMETRY,10.8723000,106.7682643,UTRAFFIC-HCM-V6,SOURCE_COORDINATE,SOURCE_BACKED
UTR_NODE_4068017991,UTraffic node 4068017991,INTERSECTION_OR_GEOMETRY,10.8725114,106.7676543,UTRAFFIC-HCM-V6,SOURCE_COORDINATE,SOURCE_BACKED
UTR_NODE_4068017992,UTraffic node 4068017992,INTERSECTION_OR_GEOMETRY,10.8701766,106.7751466,UTRAFFIC-HCM-V6,SOURCE_COORDINATE,SOURCE_BACKED
UTR_NODE_4068017993,UTraffic node 4068017993,INTERSECTION_OR_GEOMETRY,10.8699004,106.7755487,UTRAFFIC-HCM-V6,SOURCE_COORDINATE,SOURCE_BACKED
UTR_NODE_4068017994,UTraffic node 4068017994,INTERSECTION_OR_GEOMETRY,10.8698023,106.7758283,UTRAFFIC-HCM-V6,SOURCE_COORDINATE,SOURCE_BACKED
UTR_NODE_4068017996,UTraffic node 4068017996,INTERSECTION_OR_GEOMETRY,10.8686691,106.7788662,UTRAFFIC-HCM-V6,SOURCE_COORDINATE,SOURCE_BACKED
UTR_NODE_4068017997,UTraffic node 4068017997,INTERSECTION_OR_GEOMETRY,10.8674955,106.7827465,UTRAFFIC-HCM-V6,SOURCE_COORDINATE,SOURCE_BACKED
UTR_NODE_4068085459,UTraffic node 4068085459,INTERSECTION_OR_GEOMETRY,10.8738745,106.7638322,UTRAFFIC-HCM-V6,SOURCE_COORDINATE,SOURCE_BACKED
UTR_NODE_4068085460,UTraffic node 4068085460,INTERSECTION_OR_GEOMETRY,10.8740256,106.7630797,UTRAFFIC-HCM-V6,SOURCE_COORDINATE,SOURCE_BACKED
UTR_NODE_4068085476,UTraffic node 4068085476,INTERSECTION_OR_GEOMETRY,10.8739380,106.7636298,UTRAFFIC-HCM-V6,SOURCE_COORDINATE,SOURCE_BACKED
UTR_NODE_4068085490,UTraffic node 4068085490,INTERSECTION_OR_GEOMETRY,10.8758495,106.7527732,UTRAFFIC-HCM-V6,SOURCE_COORDINATE,SOURCE_BACKED
UTR_NODE_4068085491,UTraffic node 4068085491,INTERSECTION_OR_GEOMETRY,10.8754506,106.7515008,UTRAFFIC-HCM-V6,SOURCE_COORDINATE,SOURCE_BACKED
UTR_NODE_4068085492,UTraffic node 4068085492,INTERSECTION_OR_GEOMETRY,10.8753473,106.7511683,UTRAFFIC-HCM-V6,SOURCE_COORDINATE,SOURCE_BACKED
UTR_NODE_4068085495,UTraffic node 4068085495,INTERSECTION_OR_GEOMETRY,10.8752678,106.7512785,UTRAFFIC-HCM-V6,SOURCE_COORDINATE,SOURCE_BACKED
UTR_NODE_4068085496,UTraffic node 4068085496,INTERSECTION_OR_GEOMETRY,10.8752848,106.7514268,UTRAFFIC-HCM-V6,SOURCE_COORDINATE,SOURCE_BACKED
UTR_NODE_4068085497,UTraffic node 4068085497,INTERSECTION_OR_GEOMETRY,10.8756928,106.7513548,UTRAFFIC-HCM-V6,SOURCE_COORDINATE,SOURCE_BACKED
UTR_NODE_4068085500,UTraffic node 4068085500,INTERSECTION_OR_GEOMETRY,10.8754828,106.7513911,UTRAFFIC-HCM-V6,SOURCE_COORDINATE,SOURCE_BACKED
UTR_NODE_4068085501,UTraffic node 4068085501,INTERSECTION_OR_GEOMETRY,10.8758392,106.7547441,UTRAFFIC-HCM-V6,SOURCE_COORDINATE,SOURCE_BACKED
UTR_NODE_4068085502,UTraffic node 4068085502,INTERSECTION_OR_GEOMETRY,10.8759610,106.7546981,UTRAFFIC-HCM-V6,SOURCE_COORDINATE,SOURCE_BACKED
UTR_NODE_4068085503,UTraffic node 4068085503,INTERSECTION_OR_GEOMETRY,10.8759779,106.7534087,UTRAFFIC-HCM-V6,SOURCE_COORDINATE,SOURCE_BACKED
UTR_NODE_4068085504,UTraffic node 4068085504,INTERSECTION_OR_GEOMETRY,10.8759637,106.7527142,UTRAFFIC-HCM-V6,SOURCE_COORDINATE,SOURCE_BACKED
UTR_NODE_4068085505,UTraffic node 4068085505,INTERSECTION_OR_GEOMETRY,10.8761240,106.7539685,UTRAFFIC-HCM-V6,SOURCE_COORDINATE,SOURCE_BACKED
UTR_NODE_4068085507,UTraffic node 4068085507,INTERSECTION_OR_GEOMETRY,10.8720259,106.7405636,UTRAFFIC-HCM-V6,SOURCE_COORDINATE,SOURCE_BACKED
UTR_NODE_4068478164,UTraffic node 4068478164,INTERSECTION_OR_GEOMETRY,10.8714991,106.7365466,UTRAFFIC-HCM-V6,SOURCE_COORDINATE,SOURCE_BACKED
UTR_NODE_4068478178,UTraffic node 4068478178,INTERSECTION_OR_GEOMETRY,10.8715817,106.7326243,UTRAFFIC-HCM-V6,SOURCE_COORDINATE,SOURCE_BACKED
UTR_NODE_4068478179,UTraffic node 4068478179,INTERSECTION_OR_GEOMETRY,10.8708511,106.7329016,UTRAFFIC-HCM-V6,SOURCE_COORDINATE,SOURCE_BACKED
UTR_NODE_4068479360,UTraffic node 4068479360,INTERSECTION_OR_GEOMETRY,10.8652703,106.7235130,UTRAFFIC-HCM-V6,SOURCE_COORDINATE,SOURCE_BACKED
UTR_NODE_4068479361,UTraffic node 4068479361,INTERSECTION_OR_GEOMETRY,10.8653075,106.7235082,UTRAFFIC-HCM-V6,SOURCE_COORDINATE,SOURCE_BACKED
UTR_NODE_4068481091,UTraffic node 4068481091,INTERSECTION_OR_GEOMETRY,10.8693592,106.7341494,UTRAFFIC-HCM-V6,SOURCE_COORDINATE,SOURCE_BACKED
UTR_NODE_4068481092,UTraffic node 4068481092,INTERSECTION_OR_GEOMETRY,10.8688685,106.7345926,UTRAFFIC-HCM-V6,SOURCE_COORDINATE,SOURCE_BACKED
UTR_NODE_4068481120,UTraffic node 4068481120,INTERSECTION_OR_GEOMETRY,10.8730846,106.7322767,UTRAFFIC-HCM-V6,SOURCE_COORDINATE,SOURCE_BACKED
UTR_NODE_4068481121,UTraffic node 4068481121,INTERSECTION_OR_GEOMETRY,10.8733711,106.7322974,UTRAFFIC-HCM-V6,SOURCE_COORDINATE,SOURCE_BACKED
UTR_NODE_4068481122,UTraffic node 4068481122,INTERSECTION_OR_GEOMETRY,10.8729397,106.7323151,UTRAFFIC-HCM-V6,SOURCE_COORDINATE,SOURCE_BACKED
UTR_NODE_4068481123,UTraffic node 4068481123,INTERSECTION_OR_GEOMETRY,10.8735621,106.7321736,UTRAFFIC-HCM-V6,SOURCE_COORDINATE,SOURCE_BACKED
UTR_NODE_4068481124,UTraffic node 4068481124,INTERSECTION_OR_GEOMETRY,10.8735633,106.7322582,UTRAFFIC-HCM-V6,SOURCE_COORDINATE,SOURCE_BACKED
UTR_NODE_4068481131,UTraffic node 4068481131,INTERSECTION_OR_GEOMETRY,10.8656208,106.7236993,UTRAFFIC-HCM-V6,SOURCE_COORDINATE,SOURCE_BACKED
UTR_NODE_4068481132,UTraffic node 4068481132,INTERSECTION_OR_GEOMETRY,10.8654620,106.7235335,UTRAFFIC-HCM-V6,SOURCE_COORDINATE,SOURCE_BACKED
UTR_NODE_4068481136,UTraffic node 4068481136,INTERSECTION_OR_GEOMETRY,10.8649263,106.7237910,UTRAFFIC-HCM-V6,SOURCE_COORDINATE,SOURCE_BACKED
UTR_NODE_4068481137,UTraffic node 4068481137,INTERSECTION_OR_GEOMETRY,10.8649739,106.7241027,UTRAFFIC-HCM-V6,SOURCE_COORDINATE,SOURCE_BACKED
UTR_NODE_4068481138,UTraffic node 4068481138,INTERSECTION_OR_GEOMETRY,10.8648714,106.7241471,UTRAFFIC-HCM-V6,SOURCE_COORDINATE,SOURCE_BACKED
UTR_NODE_4068481139,UTraffic node 4068481139,INTERSECTION_OR_GEOMETRY,10.8656123,106.7239404,UTRAFFIC-HCM-V6,SOURCE_COORDINATE,SOURCE_BACKED
UTR_NODE_4068481140,UTraffic node 4068481140,INTERSECTION_OR_GEOMETRY,10.8655102,106.7240554,UTRAFFIC-HCM-V6,SOURCE_COORDINATE,SOURCE_BACKED
UTR_NODE_4068481147,UTraffic node 4068481147,INTERSECTION_OR_GEOMETRY,10.8651115,106.7241687,UTRAFFIC-HCM-V6,SOURCE_COORDINATE,SOURCE_BACKED
UTR_NODE_4068481148,UTraffic node 4068481148,INTERSECTION_OR_GEOMETRY,10.8649089,106.7238548,UTRAFFIC-HCM-V6,SOURCE_COORDINATE,SOURCE_BACKED
UTR_NODE_4068481151,UTraffic node 4068481151,INTERSECTION_OR_GEOMETRY,10.8652969,106.7242476,UTRAFFIC-HCM-V6,SOURCE_COORDINATE,SOURCE_BACKED
UTR_NODE_4068481155,UTraffic node 4068481155,INTERSECTION_OR_GEOMETRY,10.8633208,106.7247748,UTRAFFIC-HCM-V6,SOURCE_COORDINATE,SOURCE_BACKED
UTR_NODE_4068481156,UTraffic node 4068481156,INTERSECTION_OR_GEOMETRY,10.8630047,106.7248365,UTRAFFIC-HCM-V6,SOURCE_COORDINATE,SOURCE_BACKED
UTR_NODE_4068481157,UTraffic node 4068481157,INTERSECTION_OR_GEOMETRY,10.8622803,106.7247848,UTRAFFIC-HCM-V6,SOURCE_COORDINATE,SOURCE_BACKED
UTR_NODE_4068481158,UTraffic node 4068481158,INTERSECTION_OR_GEOMETRY,10.8620972,106.7247268,UTRAFFIC-HCM-V6,SOURCE_COORDINATE,SOURCE_BACKED
UTR_NODE_4068481159,UTraffic node 4068481159,INTERSECTION_OR_GEOMETRY,10.8597887,106.7238489,UTRAFFIC-HCM-V6,SOURCE_COORDINATE,SOURCE_BACKED
UTR_NODE_4068481160,UTraffic node 4068481160,INTERSECTION_OR_GEOMETRY,10.8621027,106.7248616,UTRAFFIC-HCM-V6,SOURCE_COORDINATE,SOURCE_BACKED
UTR_NODE_4068481161,UTraffic node 4068481161,INTERSECTION_OR_GEOMETRY,10.8633909,106.7248719,UTRAFFIC-HCM-V6,SOURCE_COORDINATE,SOURCE_BACKED
UTR_NODE_4068481162,UTraffic node 4068481162,INTERSECTION_OR_GEOMETRY,10.8635382,106.7248197,UTRAFFIC-HCM-V6,SOURCE_COORDINATE,SOURCE_BACKED
UTR_NODE_4068481163,UTraffic node 4068481163,INTERSECTION_OR_GEOMETRY,10.8645813,106.7241285,UTRAFFIC-HCM-V6,SOURCE_COORDINATE,SOURCE_BACKED
UTR_NODE_4068481164,UTraffic node 4068481164,INTERSECTION_OR_GEOMETRY,10.8646283,106.7242542,UTRAFFIC-HCM-V6,SOURCE_COORDINATE,SOURCE_BACKED
UTR_NODE_4068481165,UTraffic node 4068481165,INTERSECTION_OR_GEOMETRY,10.8640415,106.7244481,UTRAFFIC-HCM-V6,SOURCE_COORDINATE,SOURCE_BACKED
UTR_NODE_4068481166,UTraffic node 4068481166,INTERSECTION_OR_GEOMETRY,10.8659148,106.7254890,UTRAFFIC-HCM-V6,SOURCE_COORDINATE,SOURCE_BACKED
UTR_NODE_4446924680,UTraffic node 4446924680,INTERSECTION_OR_GEOMETRY,10.8581456,106.7878724,UTRAFFIC-HCM-V6,SOURCE_COORDINATE,SOURCE_BACKED
UTR_NODE_4446924681,UTraffic node 4446924681,INTERSECTION_OR_GEOMETRY,10.8580734,106.7877405,UTRAFFIC-HCM-V6,SOURCE_COORDINATE,SOURCE_BACKED
UTR_NODE_4447239883,UTraffic node 4447239883,INTERSECTION_OR_GEOMETRY,10.8592134,106.7772333,UTRAFFIC-HCM-V6,SOURCE_COORDINATE,SOURCE_BACKED
UTR_NODE_4447239884,UTraffic node 4447239884,INTERSECTION_OR_GEOMETRY,10.8604406,106.7740542,UTRAFFIC-HCM-V6,SOURCE_COORDINATE,SOURCE_BACKED
UTR_NODE_4447240191,UTraffic node 4447240191,INTERSECTION_OR_GEOMETRY,10.8633273,106.7608583,UTRAFFIC-HCM-V6,SOURCE_COORDINATE,SOURCE_BACKED
UTR_NODE_4447240193,UTraffic node 4447240193,INTERSECTION_OR_GEOMETRY,10.8630545,106.7603596,UTRAFFIC-HCM-V6,SOURCE_COORDINATE,SOURCE_BACKED
UTR_NODE_4447240194,UTraffic node 4447240194,INTERSECTION_OR_GEOMETRY,10.8628601,106.7605227,UTRAFFIC-HCM-V6,SOURCE_COORDINATE,SOURCE_BACKED
UTR_NODE_4447240195,UTraffic node 4447240195,INTERSECTION_OR_GEOMETRY,10.8638862,106.7597987,UTRAFFIC-HCM-V6,SOURCE_COORDINATE,SOURCE_BACKED
UTR_NODE_4447240196,UTraffic node 4447240196,INTERSECTION_OR_GEOMETRY,10.8644109,106.7594703,UTRAFFIC-HCM-V6,SOURCE_COORDINATE,SOURCE_BACKED
UTR_NODE_4447240197,UTraffic node 4447240197,INTERSECTION_OR_GEOMETRY,10.8646378,106.7582794,UTRAFFIC-HCM-V6,SOURCE_COORDINATE,SOURCE_BACKED
UTR_NODE_4447240198,UTraffic node 4447240198,INTERSECTION_OR_GEOMETRY,10.8638204,106.7566295,UTRAFFIC-HCM-V6,SOURCE_COORDINATE,SOURCE_BACKED
UTR_NODE_4447240199,UTraffic node 4447240199,INTERSECTION_OR_GEOMETRY,10.8631527,106.7555371,UTRAFFIC-HCM-V6,SOURCE_COORDINATE,SOURCE_BACKED
UTR_NODE_4447240200,UTraffic node 4447240200,INTERSECTION_OR_GEOMETRY,10.8605117,106.7529500,UTRAFFIC-HCM-V6,SOURCE_COORDINATE,SOURCE_BACKED
UTR_NODE_4447240201,UTraffic node 4447240201,INTERSECTION_OR_GEOMETRY,10.8575701,106.7518877,UTRAFFIC-HCM-V6,SOURCE_COORDINATE,SOURCE_BACKED
UTR_NODE_4447240202,UTraffic node 4447240202,INTERSECTION_OR_GEOMETRY,10.8580314,106.7518989,UTRAFFIC-HCM-V6,SOURCE_COORDINATE,SOURCE_BACKED
UTR_NODE_4447240203,UTraffic node 4447240203,INTERSECTION_OR_GEOMETRY,10.8552997,106.7518187,UTRAFFIC-HCM-V6,SOURCE_COORDINATE,SOURCE_BACKED
UTR_NODE_4447240204,UTraffic node 4447240204,INTERSECTION_OR_GEOMETRY,10.8547281,106.7517456,UTRAFFIC-HCM-V6,SOURCE_COORDINATE,SOURCE_BACKED
UTR_NODE_4447240205,UTraffic node 4447240205,INTERSECTION_OR_GEOMETRY,10.8542760,106.7516245,UTRAFFIC-HCM-V6,SOURCE_COORDINATE,SOURCE_BACKED
UTR_NODE_4447240206,UTraffic node 4447240206,INTERSECTION_OR_GEOMETRY,10.8435730,106.7456695,UTRAFFIC-HCM-V6,SOURCE_COORDINATE,SOURCE_BACKED
UTR_NODE_4447240207,UTraffic node 4447240207,INTERSECTION_OR_GEOMETRY,10.8428076,106.7452467,UTRAFFIC-HCM-V6,SOURCE_COORDINATE,SOURCE_BACKED
UTR_NODE_4447240208,UTraffic node 4447240208,INTERSECTION_OR_GEOMETRY,10.8405118,106.7421075,UTRAFFIC-HCM-V6,SOURCE_COORDINATE,SOURCE_BACKED
UTR_NODE_4447256922,UTraffic node 4447256922,INTERSECTION_OR_GEOMETRY,10.8505096,106.7614064,UTRAFFIC-HCM-V6,SOURCE_COORDINATE,SOURCE_BACKED
UTR_NODE_4447270629,UTraffic node 4447270629,INTERSECTION_OR_GEOMETRY,10.8565429,106.7852022,UTRAFFIC-HCM-V6,SOURCE_COORDINATE,SOURCE_BACKED
UTR_NODE_4447270630,UTraffic node 4447270630,INTERSECTION_OR_GEOMETRY,10.8661319,106.7621414,UTRAFFIC-HCM-V6,SOURCE_COORDINATE,SOURCE_BACKED
UTR_NODE_4447270631,UTraffic node 4447270631,INTERSECTION_OR_GEOMETRY,10.8665427,106.7619226,UTRAFFIC-HCM-V6,SOURCE_COORDINATE,SOURCE_BACKED
UTR_NODE_4447270632,UTraffic node 4447270632,INTERSECTION_OR_GEOMETRY,10.8664457,106.7620035,UTRAFFIC-HCM-V6,SOURCE_COORDINATE,SOURCE_BACKED
UTR_NODE_4461953069,UTraffic node 4461953069,INTERSECTION_OR_GEOMETRY,10.8579871,106.7879739,UTRAFFIC-HCM-V6,SOURCE_COORDINATE,SOURCE_BACKED
UTR_NODE_4465902083,UTraffic node 4465902083,INTERSECTION_OR_GEOMETRY,10.8513541,106.7534910,UTRAFFIC-HCM-V6,SOURCE_COORDINATE,SOURCE_BACKED
UTR_NODE_4519453270,UTraffic node 4519453270,INTERSECTION_OR_GEOMETRY,10.8578972,106.7878255,UTRAFFIC-HCM-V6,SOURCE_COORDINATE,SOURCE_BACKED
UTR_NODE_4519460872,UTraffic node 4519460872,INTERSECTION_OR_GEOMETRY,10.8670182,106.7620950,UTRAFFIC-HCM-V6,SOURCE_COORDINATE,SOURCE_BACKED
UTR_NODE_4720214109,UTraffic node 4720214109,INTERSECTION_OR_GEOMETRY,10.8665765,106.7267906,UTRAFFIC-HCM-V6,SOURCE_COORDINATE,SOURCE_BACKED
UTR_NODE_4720214110,UTraffic node 4720214110,INTERSECTION_OR_GEOMETRY,10.8665418,106.7267175,UTRAFFIC-HCM-V6,SOURCE_COORDINATE,SOURCE_BACKED
UTR_NODE_4720214111,UTraffic node 4720214111,INTERSECTION_OR_GEOMETRY,10.8700070,106.7334538,UTRAFFIC-HCM-V6,SOURCE_COORDINATE,SOURCE_BACKED
UTR_NODE_4720214112,UTraffic node 4720214112,INTERSECTION_OR_GEOMETRY,10.8696293,106.7326765,UTRAFFIC-HCM-V6,SOURCE_COORDINATE,SOURCE_BACKED
UTR_NODE_4720214113,UTraffic node 4720214113,INTERSECTION_OR_GEOMETRY,10.8693233,106.7320479,UTRAFFIC-HCM-V6,SOURCE_COORDINATE,SOURCE_BACKED
UTR_NODE_4720214114,UTraffic node 4720214114,INTERSECTION_OR_GEOMETRY,10.8688256,106.7310667,UTRAFFIC-HCM-V6,SOURCE_COORDINATE,SOURCE_BACKED
UTR_NODE_4720214115,UTraffic node 4720214115,INTERSECTION_OR_GEOMETRY,10.8667077,106.7270380,UTRAFFIC-HCM-V6,SOURCE_COORDINATE,SOURCE_BACKED
UTR_NODE_4720214116,UTraffic node 4720214116,INTERSECTION_OR_GEOMETRY,10.8670673,106.7271278,UTRAFFIC-HCM-V6,SOURCE_COORDINATE,SOURCE_BACKED
UTR_NODE_4720214117,UTraffic node 4720214117,INTERSECTION_OR_GEOMETRY,10.8676630,106.7282810,UTRAFFIC-HCM-V6,SOURCE_COORDINATE,SOURCE_BACKED
UTR_NODE_4720214118,UTraffic node 4720214118,INTERSECTION_OR_GEOMETRY,10.8684800,106.7298510,UTRAFFIC-HCM-V6,SOURCE_COORDINATE,SOURCE_BACKED
UTR_NODE_4720214119,UTraffic node 4720214119,INTERSECTION_OR_GEOMETRY,10.8696086,106.7320586,UTRAFFIC-HCM-V6,SOURCE_COORDINATE,SOURCE_BACKED
UTR_NODE_4720214176,UTraffic node 4720214176,INTERSECTION_OR_GEOMETRY,10.8681844,106.7336083,UTRAFFIC-HCM-V6,SOURCE_COORDINATE,SOURCE_BACKED
UTR_NODE_4720214178,UTraffic node 4720214178,INTERSECTION_OR_GEOMETRY,10.8695293,106.7340269,UTRAFFIC-HCM-V6,SOURCE_COORDINATE,SOURCE_BACKED
UTR_NODE_4720214181,UTraffic node 4720214181,INTERSECTION_OR_GEOMETRY,10.8684089,106.7342166,UTRAFFIC-HCM-V6,SOURCE_COORDINATE,SOURCE_BACKED
UTR_NODE_4720214184,UTraffic node 4720214184,INTERSECTION_OR_GEOMETRY,10.8669594,106.7340554,UTRAFFIC-HCM-V6,SOURCE_COORDINATE,SOURCE_BACKED
UTR_NODE_4720214185,UTraffic node 4720214185,INTERSECTION_OR_GEOMETRY,10.8665062,106.7341136,UTRAFFIC-HCM-V6,SOURCE_COORDINATE,SOURCE_BACKED
UTR_NODE_4720214187,UTraffic node 4720214187,INTERSECTION_OR_GEOMETRY,10.8663383,106.7343645,UTRAFFIC-HCM-V6,SOURCE_COORDINATE,SOURCE_BACKED
UTR_NODE_4720214188,UTraffic node 4720214188,INTERSECTION_OR_GEOMETRY,10.8662445,106.7342963,UTRAFFIC-HCM-V6,SOURCE_COORDINATE,SOURCE_BACKED
UTR_NODE_4720214189,UTraffic node 4720214189,INTERSECTION_OR_GEOMETRY,10.8664063,106.7341954,UTRAFFIC-HCM-V6,SOURCE_COORDINATE,SOURCE_BACKED
UTR_NODE_4720214190,UTraffic node 4720214190,INTERSECTION_OR_GEOMETRY,10.8664251,106.7343078,UTRAFFIC-HCM-V6,SOURCE_COORDINATE,SOURCE_BACKED
UTR_NODE_4720214191,UTraffic node 4720214191,INTERSECTION_OR_GEOMETRY,10.8664328,106.7342473,UTRAFFIC-HCM-V6,SOURCE_COORDINATE,SOURCE_BACKED
UTR_NODE_4720214192,UTraffic node 4720214192,INTERSECTION_OR_GEOMETRY,10.8665892,106.7341808,UTRAFFIC-HCM-V6,SOURCE_COORDINATE,SOURCE_BACKED
UTR_NODE_4720214193,UTraffic node 4720214193,INTERSECTION_OR_GEOMETRY,10.8665273,106.7342075,UTRAFFIC-HCM-V6,SOURCE_COORDINATE,SOURCE_BACKED
UTR_NODE_4720214194,UTraffic node 4720214194,INTERSECTION_OR_GEOMETRY,10.8663742,106.7341735,UTRAFFIC-HCM-V6,SOURCE_COORDINATE,SOURCE_BACKED
UTR_NODE_4720214195,UTraffic node 4720214195,INTERSECTION_OR_GEOMETRY,10.8664185,106.7342108,UTRAFFIC-HCM-V6,SOURCE_COORDINATE,SOURCE_BACKED
UTR_NODE_4720214196,UTraffic node 4720214196,INTERSECTION_OR_GEOMETRY,10.8662798,106.7341849,UTRAFFIC-HCM-V6,SOURCE_COORDINATE,SOURCE_BACKED
UTR_NODE_4720214197,UTraffic node 4720214197,INTERSECTION_OR_GEOMETRY,10.8662549,106.7343186,UTRAFFIC-HCM-V6,SOURCE_COORDINATE,SOURCE_BACKED
UTR_NODE_4720214198,UTraffic node 4720214198,INTERSECTION_OR_GEOMETRY,10.8662900,106.7343522,UTRAFFIC-HCM-V6,SOURCE_COORDINATE,SOURCE_BACKED
UTR_NODE_4720214199,UTraffic node 4720214199,INTERSECTION_OR_GEOMETRY,10.8663878,106.7343499,UTRAFFIC-HCM-V6,SOURCE_COORDINATE,SOURCE_BACKED
UTR_NODE_4720214200,UTraffic node 4720214200,INTERSECTION_OR_GEOMETRY,10.8690827,106.7333483,UTRAFFIC-HCM-V6,SOURCE_COORDINATE,SOURCE_BACKED
UTR_NODE_4720214201,UTraffic node 4720214201,INTERSECTION_OR_GEOMETRY,10.8708722,106.7328190,UTRAFFIC-HCM-V6,SOURCE_COORDINATE,SOURCE_BACKED
UTR_NODE_4778103374,UTraffic node 4778103374,INTERSECTION_OR_GEOMETRY,10.8495937,106.7733146,UTRAFFIC-HCM-V6,SOURCE_COORDINATE,SOURCE_BACKED
UTR_NODE_4783113428,UTraffic node 4783113428,INTERSECTION_OR_GEOMETRY,10.8522678,106.7547307,UTRAFFIC-HCM-V6,SOURCE_COORDINATE,SOURCE_BACKED
UTR_NODE_4887809486,UTraffic node 4887809486,INTERSECTION_OR_GEOMETRY,10.8205848,106.7788039,UTRAFFIC-HCM-V6,SOURCE_COORDINATE,SOURCE_BACKED
UTR_NODE_4907039415,UTraffic node 4907039415,INTERSECTION_OR_GEOMETRY,10.8510143,106.7546949,UTRAFFIC-HCM-V6,SOURCE_COORDINATE,SOURCE_BACKED
UTR_NODE_4923281847,UTraffic node 4923281847,INTERSECTION_OR_GEOMETRY,10.8474042,106.7730945,UTRAFFIC-HCM-V6,SOURCE_COORDINATE,SOURCE_BACKED
UTR_NODE_4934840853,UTraffic node 4934840853,INTERSECTION_OR_GEOMETRY,10.8493702,106.7731994,UTRAFFIC-HCM-V6,SOURCE_COORDINATE,SOURCE_BACKED
UTR_NODE_4934947957,UTraffic node 4934947957,INTERSECTION_OR_GEOMETRY,10.8401846,106.7689610,UTRAFFIC-HCM-V6,SOURCE_COORDINATE,SOURCE_BACKED
UTR_NODE_4934947959,UTraffic node 4934947959,INTERSECTION_OR_GEOMETRY,10.8402668,106.7688026,UTRAFFIC-HCM-V6,SOURCE_COORDINATE,SOURCE_BACKED
UTR_NODE_4934947960,UTraffic node 4934947960,INTERSECTION_OR_GEOMETRY,10.8421328,106.7701026,UTRAFFIC-HCM-V6,SOURCE_COORDINATE,SOURCE_BACKED
UTR_NODE_4934947961,UTraffic node 4934947961,INTERSECTION_OR_GEOMETRY,10.8433666,106.7705521,UTRAFFIC-HCM-V6,SOURCE_COORDINATE,SOURCE_BACKED
UTR_NODE_4934947962,UTraffic node 4934947962,INTERSECTION_OR_GEOMETRY,10.8431635,106.7706587,UTRAFFIC-HCM-V6,SOURCE_COORDINATE,SOURCE_BACKED
UTR_NODE_4934947963,UTraffic node 4934947963,INTERSECTION_OR_GEOMETRY,10.8459567,106.7720714,UTRAFFIC-HCM-V6,SOURCE_COORDINATE,SOURCE_BACKED
UTR_NODE_4934947965,UTraffic node 4934947965,INTERSECTION_OR_GEOMETRY,10.8457860,106.7721128,UTRAFFIC-HCM-V6,SOURCE_COORDINATE,SOURCE_BACKED
UTR_NODE_4934947966,UTraffic node 4934947966,INTERSECTION_OR_GEOMETRY,10.8456033,106.7720186,UTRAFFIC-HCM-V6,SOURCE_COORDINATE,SOURCE_BACKED
UTR_NODE_4934947970,UTraffic node 4934947970,INTERSECTION_OR_GEOMETRY,10.8453889,106.7717108,UTRAFFIC-HCM-V6,SOURCE_COORDINATE,SOURCE_BACKED
UTR_NODE_4934947971,UTraffic node 4934947971,INTERSECTION_OR_GEOMETRY,10.8564375,106.7857862,UTRAFFIC-HCM-V6,SOURCE_COORDINATE,SOURCE_BACKED
UTR_NODE_4934947972,UTraffic node 4934947972,INTERSECTION_OR_GEOMETRY,10.8566268,106.7856493,UTRAFFIC-HCM-V6,SOURCE_COORDINATE,SOURCE_BACKED
UTR_NODE_4934947978,UTraffic node 4934947978,INTERSECTION_OR_GEOMETRY,10.8578137,106.7880850,UTRAFFIC-HCM-V6,SOURCE_COORDINATE,SOURCE_BACKED
UTR_NODE_4934947979,UTraffic node 4934947979,INTERSECTION_OR_GEOMETRY,10.8577215,106.7879296,UTRAFFIC-HCM-V6,SOURCE_COORDINATE,SOURCE_BACKED
UTR_NODE_4934947980,UTraffic node 4934947980,INTERSECTION_OR_GEOMETRY,10.8567012,106.7862296,UTRAFFIC-HCM-V6,SOURCE_COORDINATE,SOURCE_BACKED
UTR_NODE_4934947981,UTraffic node 4934947981,INTERSECTION_OR_GEOMETRY,10.8559610,106.7849851,UTRAFFIC-HCM-V6,SOURCE_COORDINATE,SOURCE_BACKED
UTR_NODE_4934947982,UTraffic node 4934947982,INTERSECTION_OR_GEOMETRY,10.8550641,106.7834951,UTRAFFIC-HCM-V6,SOURCE_COORDINATE,SOURCE_BACKED
UTR_NODE_4934947983,UTraffic node 4934947983,INTERSECTION_OR_GEOMETRY,10.8546716,106.7828849,UTRAFFIC-HCM-V6,SOURCE_COORDINATE,SOURCE_BACKED
UTR_NODE_4934947984,UTraffic node 4934947984,INTERSECTION_OR_GEOMETRY,10.8540753,106.7818488,UTRAFFIC-HCM-V6,SOURCE_COORDINATE,SOURCE_BACKED
UTR_NODE_4934947985,UTraffic node 4934947985,INTERSECTION_OR_GEOMETRY,10.8536218,106.7810744,UTRAFFIC-HCM-V6,SOURCE_COORDINATE,SOURCE_BACKED
UTR_NODE_4934947986,UTraffic node 4934947986,INTERSECTION_OR_GEOMETRY,10.8528447,106.7797762,UTRAFFIC-HCM-V6,SOURCE_COORDINATE,SOURCE_BACKED
UTR_NODE_4934947987,UTraffic node 4934947987,INTERSECTION_OR_GEOMETRY,10.8519623,106.7782903,UTRAFFIC-HCM-V6,SOURCE_COORDINATE,SOURCE_BACKED
UTR_NODE_4934947988,UTraffic node 4934947988,INTERSECTION_OR_GEOMETRY,10.8510732,106.7768231,UTRAFFIC-HCM-V6,SOURCE_COORDINATE,SOURCE_BACKED
UTR_NODE_4934947989,UTraffic node 4934947989,INTERSECTION_OR_GEOMETRY,10.8508954,106.7765254,UTRAFFIC-HCM-V6,SOURCE_COORDINATE,SOURCE_BACKED
UTR_NODE_4934947990,UTraffic node 4934947990,INTERSECTION_OR_GEOMETRY,10.8507584,106.7763242,UTRAFFIC-HCM-V6,SOURCE_COORDINATE,SOURCE_BACKED
UTR_NODE_4934947991,UTraffic node 4934947991,INTERSECTION_OR_GEOMETRY,10.8505819,106.7760748,UTRAFFIC-HCM-V6,SOURCE_COORDINATE,SOURCE_BACKED
UTR_NODE_4934947992,UTraffic node 4934947992,INTERSECTION_OR_GEOMETRY,10.8504147,106.7758360,UTRAFFIC-HCM-V6,SOURCE_COORDINATE,SOURCE_BACKED
UTR_NODE_4934947993,UTraffic node 4934947993,INTERSECTION_OR_GEOMETRY,10.8502115,106.7755705,UTRAFFIC-HCM-V6,SOURCE_COORDINATE,SOURCE_BACKED
UTR_NODE_4934947994,UTraffic node 4934947994,INTERSECTION_OR_GEOMETRY,10.8497034,106.7750019,UTRAFFIC-HCM-V6,SOURCE_COORDINATE,SOURCE_BACKED
UTR_NODE_4934947995,UTraffic node 4934947995,INTERSECTION_OR_GEOMETRY,10.8494413,106.7747404,UTRAFFIC-HCM-V6,SOURCE_COORDINATE,SOURCE_BACKED
UTR_NODE_4934947996,UTraffic node 4934947996,INTERSECTION_OR_GEOMETRY,10.8489777,106.7743060,UTRAFFIC-HCM-V6,SOURCE_COORDINATE,SOURCE_BACKED
UTR_NODE_4934947997,UTraffic node 4934947997,INTERSECTION_OR_GEOMETRY,10.8488622,106.7742039,UTRAFFIC-HCM-V6,SOURCE_COORDINATE,SOURCE_BACKED
UTR_NODE_4934947998,UTraffic node 4934947998,INTERSECTION_OR_GEOMETRY,10.8481951,106.7735251,UTRAFFIC-HCM-V6,SOURCE_COORDINATE,SOURCE_BACKED
UTR_NODE_4934947999,UTraffic node 4934947999,INTERSECTION_OR_GEOMETRY,10.8482980,106.7737091,UTRAFFIC-HCM-V6,SOURCE_COORDINATE,SOURCE_BACKED
UTR_NODE_4934948000,UTraffic node 4934948000,INTERSECTION_OR_GEOMETRY,10.8480175,106.7734838,UTRAFFIC-HCM-V6,SOURCE_COORDINATE,SOURCE_BACKED
UTR_NODE_4934948001,UTraffic node 4934948001,INTERSECTION_OR_GEOMETRY,10.8477712,106.7733054,UTRAFFIC-HCM-V6,SOURCE_COORDINATE,SOURCE_BACKED
UTR_NODE_4934948002,UTraffic node 4934948002,INTERSECTION_OR_GEOMETRY,10.8473918,106.7730734,UTRAFFIC-HCM-V6,SOURCE_COORDINATE,SOURCE_BACKED
UTR_NODE_4934948003,UTraffic node 4934948003,INTERSECTION_OR_GEOMETRY,10.8462169,106.7723680,UTRAFFIC-HCM-V6,SOURCE_COORDINATE,SOURCE_BACKED
UTR_NODE_4934948004,UTraffic node 4934948004,INTERSECTION_OR_GEOMETRY,10.8445020,106.7713916,UTRAFFIC-HCM-V6,SOURCE_COORDINATE,SOURCE_BACKED
UTR_NODE_4934948005,UTraffic node 4934948005,INTERSECTION_OR_GEOMETRY,10.8438777,106.7710724,UTRAFFIC-HCM-V6,SOURCE_COORDINATE,SOURCE_BACKED
UTR_NODE_4934948006,UTraffic node 4934948006,INTERSECTION_OR_GEOMETRY,10.8430360,106.7705937,UTRAFFIC-HCM-V6,SOURCE_COORDINATE,SOURCE_BACKED
UTR_NODE_4934948007,UTraffic node 4934948007,INTERSECTION_OR_GEOMETRY,10.8419330,106.7699860,UTRAFFIC-HCM-V6,SOURCE_COORDINATE,SOURCE_BACKED
UTR_NODE_4934948008,UTraffic node 4934948008,INTERSECTION_OR_GEOMETRY,10.8411367,106.7694899,UTRAFFIC-HCM-V6,SOURCE_COORDINATE,SOURCE_BACKED
UTR_NODE_4934948009,UTraffic node 4934948009,INTERSECTION_OR_GEOMETRY,10.8389857,106.7682910,UTRAFFIC-HCM-V6,SOURCE_COORDINATE,SOURCE_BACKED
UTR_NODE_4934948010,UTraffic node 4934948010,INTERSECTION_OR_GEOMETRY,10.8375394,106.7674810,UTRAFFIC-HCM-V6,SOURCE_COORDINATE,SOURCE_BACKED
UTR_NODE_4934948011,UTraffic node 4934948011,INTERSECTION_OR_GEOMETRY,10.8363210,106.7667863,UTRAFFIC-HCM-V6,SOURCE_COORDINATE,SOURCE_BACKED
UTR_NODE_4934948012,UTraffic node 4934948012,INTERSECTION_OR_GEOMETRY,10.8356651,106.7664188,UTRAFFIC-HCM-V6,SOURCE_COORDINATE,SOURCE_BACKED
UTR_NODE_4934948013,UTraffic node 4934948013,INTERSECTION_OR_GEOMETRY,10.8352640,106.7662187,UTRAFFIC-HCM-V6,SOURCE_COORDINATE,SOURCE_BACKED
UTR_NODE_4934948014,UTraffic node 4934948014,INTERSECTION_OR_GEOMETRY,10.8347694,106.7658958,UTRAFFIC-HCM-V6,SOURCE_COORDINATE,SOURCE_BACKED
UTR_NODE_4934948015,UTraffic node 4934948015,INTERSECTION_OR_GEOMETRY,10.8342452,106.7656316,UTRAFFIC-HCM-V6,SOURCE_COORDINATE,SOURCE_BACKED
UTR_NODE_4934948016,UTraffic node 4934948016,INTERSECTION_OR_GEOMETRY,10.8340963,106.7655739,UTRAFFIC-HCM-V6,SOURCE_COORDINATE,SOURCE_BACKED
UTR_NODE_4934948017,UTraffic node 4934948017,INTERSECTION_OR_GEOMETRY,10.8338342,106.7654734,UTRAFFIC-HCM-V6,SOURCE_COORDINATE,SOURCE_BACKED
UTR_NODE_4934948018,UTraffic node 4934948018,INTERSECTION_OR_GEOMETRY,10.8334983,106.7653245,UTRAFFIC-HCM-V6,SOURCE_COORDINATE,SOURCE_BACKED
UTR_NODE_4934948019,UTraffic node 4934948019,INTERSECTION_OR_GEOMETRY,10.8331940,106.7652225,UTRAFFIC-HCM-V6,SOURCE_COORDINATE,SOURCE_BACKED
UTR_NODE_4934948020,UTraffic node 4934948020,INTERSECTION_OR_GEOMETRY,10.8328779,106.7651045,UTRAFFIC-HCM-V6,SOURCE_COORDINATE,SOURCE_BACKED
UTR_NODE_4934948121,UTraffic node 4934948121,INTERSECTION_OR_GEOMETRY,10.8322786,106.7648618,UTRAFFIC-HCM-V6,SOURCE_COORDINATE,SOURCE_BACKED
UTR_NODE_4934948122,UTraffic node 4934948122,INTERSECTION_OR_GEOMETRY,10.8319177,106.7646915,UTRAFFIC-HCM-V6,SOURCE_COORDINATE,SOURCE_BACKED
UTR_NODE_4934948123,UTraffic node 4934948123,INTERSECTION_OR_GEOMETRY,10.8314448,106.7644420,UTRAFFIC-HCM-V6,SOURCE_COORDINATE,SOURCE_BACKED
UTR_NODE_4934948124,UTraffic node 4934948124,INTERSECTION_OR_GEOMETRY,10.8312630,106.7643683,UTRAFFIC-HCM-V6,SOURCE_COORDINATE,SOURCE_BACKED
UTR_NODE_4934948125,UTraffic node 4934948125,INTERSECTION_OR_GEOMETRY,10.8307559,106.7640812,UTRAFFIC-HCM-V6,SOURCE_COORDINATE,SOURCE_BACKED
UTR_NODE_4934948126,UTraffic node 4934948126,INTERSECTION_OR_GEOMETRY,10.8302290,106.7637446,UTRAFFIC-HCM-V6,SOURCE_COORDINATE,SOURCE_BACKED
UTR_NODE_4934948127,UTraffic node 4934948127,INTERSECTION_OR_GEOMETRY,10.8285770,106.7627988,UTRAFFIC-HCM-V6,SOURCE_COORDINATE,SOURCE_BACKED
UTR_NODE_4934948128,UTraffic node 4934948128,INTERSECTION_OR_GEOMETRY,10.8268358,106.7618403,UTRAFFIC-HCM-V6,SOURCE_COORDINATE,SOURCE_BACKED
UTR_NODE_4934948129,UTraffic node 4934948129,INTERSECTION_OR_GEOMETRY,10.8263403,106.7615715,UTRAFFIC-HCM-V6,SOURCE_COORDINATE,SOURCE_BACKED
UTR_NODE_4935595334,UTraffic node 4935595334,INTERSECTION_OR_GEOMETRY,10.8596661,106.7761831,UTRAFFIC-HCM-V6,SOURCE_COORDINATE,SOURCE_BACKED
UTR_NODE_4936584701,UTraffic node 4936584701,INTERSECTION_OR_GEOMETRY,10.8618278,106.7541882,UTRAFFIC-HCM-V6,SOURCE_COORDINATE,SOURCE_BACKED
UTR_NODE_4936584702,UTraffic node 4936584702,INTERSECTION_OR_GEOMETRY,10.8617344,106.7540098,UTRAFFIC-HCM-V6,SOURCE_COORDINATE,SOURCE_BACKED
UTR_NODE_4936584703,UTraffic node 4936584703,INTERSECTION_OR_GEOMETRY,10.8600372,106.7525437,UTRAFFIC-HCM-V6,SOURCE_COORDINATE,SOURCE_BACKED
UTR_NODE_4936584704,UTraffic node 4936584704,INTERSECTION_OR_GEOMETRY,10.8599857,106.7525967,UTRAFFIC-HCM-V6,SOURCE_COORDINATE,SOURCE_BACKED
UTR_NODE_4936959382,UTraffic node 4936959382,INTERSECTION_OR_GEOMETRY,10.8796337,106.7300494,UTRAFFIC-HCM-V6,SOURCE_COORDINATE,SOURCE_BACKED
UTR_NODE_4936959384,UTraffic node 4936959384,INTERSECTION_OR_GEOMETRY,10.8773164,106.7256272,UTRAFFIC-HCM-V6,SOURCE_COORDINATE,SOURCE_BACKED
UTR_NODE_4936959385,UTraffic node 4936959385,INTERSECTION_OR_GEOMETRY,10.8780559,106.7249502,UTRAFFIC-HCM-V6,SOURCE_COORDINATE,SOURCE_BACKED
UTR_NODE_4936959396,UTraffic node 4936959396,INTERSECTION_OR_GEOMETRY,10.8734464,106.7298858,UTRAFFIC-HCM-V6,SOURCE_COORDINATE,SOURCE_BACKED
UTR_NODE_4936959397,UTraffic node 4936959397,INTERSECTION_OR_GEOMETRY,10.8734451,106.7298040,UTRAFFIC-HCM-V6,SOURCE_COORDINATE,SOURCE_BACKED
UTR_NODE_4936959426,UTraffic node 4936959426,INTERSECTION_OR_GEOMETRY,10.8792318,106.7238184,UTRAFFIC-HCM-V6,SOURCE_COORDINATE,SOURCE_BACKED
UTR_NODE_4936959435,UTraffic node 4936959435,INTERSECTION_OR_GEOMETRY,10.8788307,106.7223633,UTRAFFIC-HCM-V6,SOURCE_COORDINATE,SOURCE_BACKED
UTR_NODE_4936959436,UTraffic node 4936959436,INTERSECTION_OR_GEOMETRY,10.8799011,106.7225271,UTRAFFIC-HCM-V6,SOURCE_COORDINATE,SOURCE_BACKED
UTR_NODE_4936959438,UTraffic node 4936959438,INTERSECTION_OR_GEOMETRY,10.8797799,106.7225258,UTRAFFIC-HCM-V6,SOURCE_COORDINATE,SOURCE_BACKED
UTR_NODE_4936959439,UTraffic node 4936959439,INTERSECTION_OR_GEOMETRY,10.8793255,106.7229295,UTRAFFIC-HCM-V6,SOURCE_COORDINATE,SOURCE_BACKED
UTR_NODE_4936959440,UTraffic node 4936959440,INTERSECTION_OR_GEOMETRY,10.8792610,106.7229576,UTRAFFIC-HCM-V6,SOURCE_COORDINATE,SOURCE_BACKED
UTR_NODE_4936959441,UTraffic node 4936959441,INTERSECTION_OR_GEOMETRY,10.8792004,106.7229389,UTRAFFIC-HCM-V6,SOURCE_COORDINATE,SOURCE_BACKED
UTR_NODE_4936959442,UTraffic node 4936959442,INTERSECTION_OR_GEOMETRY,10.8791556,106.7228879,UTRAFFIC-HCM-V6,SOURCE_COORDINATE,SOURCE_BACKED
UTR_NODE_4936959443,UTraffic node 4936959443,INTERSECTION_OR_GEOMETRY,10.8786381,106.7220524,UTRAFFIC-HCM-V6,SOURCE_COORDINATE,SOURCE_BACKED
UTR_NODE_4936959472,UTraffic node 4936959472,INTERSECTION_OR_GEOMETRY,10.8740415,106.7247537,UTRAFFIC-HCM-V6,SOURCE_COORDINATE,SOURCE_BACKED
UTR_NODE_4936959494,UTraffic node 4936959494,INTERSECTION_OR_GEOMETRY,10.8761093,106.7234075,UTRAFFIC-HCM-V6,SOURCE_COORDINATE,SOURCE_BACKED
UTR_NODE_4938463436,UTraffic node 4938463436,INTERSECTION_OR_GEOMETRY,10.8736465,106.7455138,UTRAFFIC-HCM-V6,SOURCE_COORDINATE,SOURCE_BACKED
UTR_NODE_4938463437,UTraffic node 4938463437,INTERSECTION_OR_GEOMETRY,10.8737296,106.7457593,UTRAFFIC-HCM-V6,SOURCE_COORDINATE,SOURCE_BACKED
UTR_NODE_4938463439,UTraffic node 4938463439,INTERSECTION_OR_GEOMETRY,10.8727069,106.7426491,UTRAFFIC-HCM-V6,SOURCE_COORDINATE,SOURCE_BACKED
UTR_NODE_4938463449,UTraffic node 4938463449,INTERSECTION_OR_GEOMETRY,10.8731818,106.7440870,UTRAFFIC-HCM-V6,SOURCE_COORDINATE,SOURCE_BACKED
UTR_NODE_4945643514,UTraffic node 4945643514,INTERSECTION_OR_GEOMETRY,10.8668373,106.7280139,UTRAFFIC-HCM-V6,SOURCE_COORDINATE,SOURCE_BACKED
UTR_NODE_4945643919,UTraffic node 4945643919,INTERSECTION_OR_GEOMETRY,10.8635409,106.7211660,UTRAFFIC-HCM-V6,SOURCE_COORDINATE,SOURCE_BACKED
UTR_NODE_4945643920,UTraffic node 4945643920,INTERSECTION_OR_GEOMETRY,10.8636942,106.7211033,UTRAFFIC-HCM-V6,SOURCE_COORDINATE,SOURCE_BACKED
UTR_NODE_4945644021,UTraffic node 4945644021,INTERSECTION_OR_GEOMETRY,10.8638124,106.7210298,UTRAFFIC-HCM-V6,SOURCE_COORDINATE,SOURCE_BACKED
UTR_NODE_4965780574,UTraffic node 4965780574,INTERSECTION_OR_GEOMETRY,10.8505703,106.7598726,UTRAFFIC-HCM-V6,SOURCE_COORDINATE,SOURCE_BACKED
UTR_NODE_4965780608,UTraffic node 4965780608,INTERSECTION_OR_GEOMETRY,10.8504725,106.7617558,UTRAFFIC-HCM-V6,SOURCE_COORDINATE,SOURCE_BACKED
UTR_NODE_4967192318,UTraffic node 4967192318,INTERSECTION_OR_GEOMETRY,10.8504684,106.7619426,UTRAFFIC-HCM-V6,SOURCE_COORDINATE,SOURCE_BACKED
UTR_NODE_4968570317,UTraffic node 4968570317,INTERSECTION_OR_GEOMETRY,10.8477671,106.7600730,UTRAFFIC-HCM-V6,SOURCE_COORDINATE,SOURCE_BACKED
UTR_NODE_4968573807,UTraffic node 4968573807,INTERSECTION_OR_GEOMETRY,10.8479903,106.7598713,UTRAFFIC-HCM-V6,SOURCE_COORDINATE,SOURCE_BACKED
UTR_NODE_4974340391,UTraffic node 4974340391,INTERSECTION_OR_GEOMETRY,10.8391407,106.7664837,UTRAFFIC-HCM-V6,SOURCE_COORDINATE,SOURCE_BACKED
UTR_NODE_4974340565,UTraffic node 4974340565,INTERSECTION_OR_GEOMETRY,10.8397213,106.7662301,UTRAFFIC-HCM-V6,SOURCE_COORDINATE,SOURCE_BACKED
UTR_NODE_4974340568,UTraffic node 4974340568,INTERSECTION_OR_GEOMETRY,10.8384267,106.7668273,UTRAFFIC-HCM-V6,SOURCE_COORDINATE,SOURCE_BACKED
UTR_NODE_5042512057,UTraffic node 5042512057,INTERSECTION_OR_GEOMETRY,10.8308716,106.7835518,UTRAFFIC-HCM-V6,SOURCE_COORDINATE,SOURCE_BACKED
UTR_NODE_5057958382,UTraffic node 5057958382,INTERSECTION_OR_GEOMETRY,10.8288078,106.7661156,UTRAFFIC-HCM-V6,SOURCE_COORDINATE,SOURCE_BACKED
UTR_NODE_5057958396,UTraffic node 5057958396,INTERSECTION_OR_GEOMETRY,10.8281832,106.7664577,UTRAFFIC-HCM-V6,SOURCE_COORDINATE,SOURCE_BACKED
UTR_NODE_5057958837,UTraffic node 5057958837,INTERSECTION_OR_GEOMETRY,10.8270718,106.7681147,UTRAFFIC-HCM-V6,SOURCE_COORDINATE,SOURCE_BACKED
UTR_NODE_5057958849,UTraffic node 5057958849,INTERSECTION_OR_GEOMETRY,10.8270184,106.7677888,UTRAFFIC-HCM-V6,SOURCE_COORDINATE,SOURCE_BACKED
UTR_NODE_5085048504,UTraffic node 5085048504,INTERSECTION_OR_GEOMETRY,10.8284434,106.7724730,UTRAFFIC-HCM-V6,SOURCE_COORDINATE,SOURCE_BACKED
UTR_NODE_5085195918,UTraffic node 5085195918,INTERSECTION_OR_GEOMETRY,10.8323099,106.7771886,UTRAFFIC-HCM-V6,SOURCE_COORDINATE,SOURCE_BACKED
UTR_NODE_5085226966,UTraffic node 5085226966,INTERSECTION_OR_GEOMETRY,10.8294927,106.7735134,UTRAFFIC-HCM-V6,SOURCE_COORDINATE,SOURCE_BACKED
UTR_NODE_5087541026,UTraffic node 5087541026,INTERSECTION_OR_GEOMETRY,10.8273233,106.7708150,UTRAFFIC-HCM-V6,SOURCE_COORDINATE,SOURCE_BACKED
UTR_NODE_5087680448,UTraffic node 5087680448,INTERSECTION_OR_GEOMETRY,10.8283495,106.7724211,UTRAFFIC-HCM-V6,SOURCE_COORDINATE,SOURCE_BACKED
UTR_NODE_5087781581,UTraffic node 5087781581,INTERSECTION_OR_GEOMETRY,10.8302809,106.7743541,UTRAFFIC-HCM-V6,SOURCE_COORDINATE,SOURCE_BACKED
UTR_NODE_5102376037,UTraffic node 5102376037,INTERSECTION_OR_GEOMETRY,10.8257689,106.7797797,UTRAFFIC-HCM-V6,SOURCE_COORDINATE,SOURCE_BACKED
UTR_NODE_5102376073,UTraffic node 5102376073,INTERSECTION_OR_GEOMETRY,10.8230061,106.7803885,UTRAFFIC-HCM-V6,SOURCE_COORDINATE,SOURCE_BACKED
UTR_NODE_5102376091,UTraffic node 5102376091,INTERSECTION_OR_GEOMETRY,10.8222289,106.7799102,UTRAFFIC-HCM-V6,SOURCE_COORDINATE,SOURCE_BACKED
UTR_NODE_5102376429,UTraffic node 5102376429,INTERSECTION_OR_GEOMETRY,10.8232239,106.7805879,UTRAFFIC-HCM-V6,SOURCE_COORDINATE,SOURCE_BACKED
UTR_NODE_5102404293,UTraffic node 5102404293,INTERSECTION_OR_GEOMETRY,10.8283286,106.7822362,UTRAFFIC-HCM-V6,SOURCE_COORDINATE,SOURCE_BACKED
UTR_NODE_5103068075,UTraffic node 5103068075,INTERSECTION_OR_GEOMETRY,10.8246323,106.7806102,UTRAFFIC-HCM-V6,SOURCE_COORDINATE,SOURCE_BACKED
UTR_NODE_5103068232,UTraffic node 5103068232,INTERSECTION_OR_GEOMETRY,10.8251133,106.7801604,UTRAFFIC-HCM-V6,SOURCE_COORDINATE,SOURCE_BACKED
UTR_NODE_5108766792,UTraffic node 5108766792,INTERSECTION_OR_GEOMETRY,10.8204433,106.7725986,UTRAFFIC-HCM-V6,SOURCE_COORDINATE,SOURCE_BACKED
UTR_NODE_5142365645,UTraffic node 5142365645,INTERSECTION_OR_GEOMETRY,10.8512042,106.7565153,UTRAFFIC-HCM-V6,SOURCE_COORDINATE,SOURCE_BACKED
UTR_NODE_5269647534,UTraffic node 5269647534,INTERSECTION_OR_GEOMETRY,10.8279120,106.7666280,UTRAFFIC-HCM-V6,SOURCE_COORDINATE,SOURCE_BACKED
UTR_NODE_5441070686,UTraffic node 5441070686,INTERSECTION_OR_GEOMETRY,10.8711744,106.7712322,UTRAFFIC-HCM-V6,SOURCE_COORDINATE,SOURCE_BACKED
UTR_NODE_5455886424,UTraffic node 5455886424,INTERSECTION_OR_GEOMETRY,10.8671456,106.7877156,UTRAFFIC-HCM-V6,SOURCE_COORDINATE,SOURCE_BACKED
UTR_NODE_5455969238,UTraffic node 5455969238,INTERSECTION_OR_GEOMETRY,10.8498433,106.7744742,UTRAFFIC-HCM-V6,SOURCE_COORDINATE,SOURCE_BACKED
UTR_NODE_5455969239,UTraffic node 5455969239,INTERSECTION_OR_GEOMETRY,10.8497230,106.7743779,UTRAFFIC-HCM-V6,SOURCE_COORDINATE,SOURCE_BACKED
UTR_NODE_5455972577,UTraffic node 5455972577,INTERSECTION_OR_GEOMETRY,10.8523451,106.7780911,UTRAFFIC-HCM-V6,SOURCE_COORDINATE,SOURCE_BACKED
UTR_NODE_5455981832,UTraffic node 5455981832,INTERSECTION_OR_GEOMETRY,10.8541560,106.7811350,UTRAFFIC-HCM-V6,SOURCE_COORDINATE,SOURCE_BACKED
UTR_NODE_5456033301,UTraffic node 5456033301,INTERSECTION_OR_GEOMETRY,10.8487272,106.7734674,UTRAFFIC-HCM-V6,SOURCE_COORDINATE,SOURCE_BACKED
UTR_NODE_5468474880,UTraffic node 5468474880,INTERSECTION_OR_GEOMETRY,10.8646226,106.7614688,UTRAFFIC-HCM-V6,SOURCE_COORDINATE,SOURCE_BACKED
UTR_NODE_5468493452,UTraffic node 5468493452,INTERSECTION_OR_GEOMETRY,10.8734346,106.7651326,UTRAFFIC-HCM-V6,SOURCE_COORDINATE,SOURCE_BACKED
UTR_NODE_5468493456,UTraffic node 5468493456,INTERSECTION_OR_GEOMETRY,10.8731759,106.7650338,UTRAFFIC-HCM-V6,SOURCE_COORDINATE,SOURCE_BACKED
UTR_NODE_5468493458,UTraffic node 5468493458,INTERSECTION_OR_GEOMETRY,10.8732098,106.7649374,UTRAFFIC-HCM-V6,SOURCE_COORDINATE,SOURCE_BACKED
UTR_NODE_5627047696,UTraffic node 5627047696,INTERSECTION_OR_GEOMETRY,10.8386327,106.7667397,UTRAFFIC-HCM-V6,SOURCE_COORDINATE,SOURCE_BACKED
UTR_NODE_5627052459,UTraffic node 5627052459,INTERSECTION_OR_GEOMETRY,10.8455406,106.7614935,UTRAFFIC-HCM-V6,SOURCE_COORDINATE,SOURCE_BACKED
UTR_NODE_5627450801,UTraffic node 5627450801,INTERSECTION_OR_GEOMETRY,10.8383691,106.7669681,UTRAFFIC-HCM-V6,SOURCE_COORDINATE,SOURCE_BACKED
UTR_NODE_5735305222,UTraffic node 5735305222,INTERSECTION_OR_GEOMETRY,10.8219576,106.7797615,UTRAFFIC-HCM-V6,SOURCE_COORDINATE,SOURCE_BACKED
UTR_NODE_5735305226,UTraffic node 5735305226,INTERSECTION_OR_GEOMETRY,10.8217686,106.7796603,UTRAFFIC-HCM-V6,SOURCE_COORDINATE,SOURCE_BACKED
UTR_NODE_5735403812,UTraffic node 5735403812,INTERSECTION_OR_GEOMETRY,10.8219095,106.7716627,UTRAFFIC-HCM-V6,SOURCE_COORDINATE,SOURCE_BACKED
UTR_NODE_5735404225,UTraffic node 5735404225,INTERSECTION_OR_GEOMETRY,10.8209405,106.7723203,UTRAFFIC-HCM-V6,SOURCE_COORDINATE,SOURCE_BACKED
UTR_NODE_5735404226,UTraffic node 5735404226,INTERSECTION_OR_GEOMETRY,10.8209405,106.7723216,UTRAFFIC-HCM-V6,SOURCE_COORDINATE,SOURCE_BACKED
UTR_NODE_5735404228,UTraffic node 5735404228,INTERSECTION_OR_GEOMETRY,10.8200554,106.7727966,UTRAFFIC-HCM-V6,SOURCE_COORDINATE,SOURCE_BACKED
UTR_NODE_5735404264,UTraffic node 5735404264,INTERSECTION_OR_GEOMETRY,10.8216706,106.7718056,UTRAFFIC-HCM-V6,SOURCE_COORDINATE,SOURCE_BACKED
UTR_NODE_5735458462,UTraffic node 5735458462,INTERSECTION_OR_GEOMETRY,10.8201520,106.7591209,UTRAFFIC-HCM-V6,SOURCE_COORDINATE,SOURCE_BACKED
UTR_NODE_5735458467,UTraffic node 5735458467,INTERSECTION_OR_GEOMETRY,10.8205738,106.7594166,UTRAFFIC-HCM-V6,SOURCE_COORDINATE,SOURCE_BACKED
UTR_NODE_5740088689,UTraffic node 5740088689,INTERSECTION_OR_GEOMETRY,10.8274054,106.7814694,UTRAFFIC-HCM-V6,SOURCE_COORDINATE,SOURCE_BACKED
UTR_NODE_5740088691,UTraffic node 5740088691,INTERSECTION_OR_GEOMETRY,10.8269043,106.7809430,UTRAFFIC-HCM-V6,SOURCE_COORDINATE,SOURCE_BACKED
UTR_NODE_5740088713,UTraffic node 5740088713,INTERSECTION_OR_GEOMETRY,10.8237825,106.7812192,UTRAFFIC-HCM-V6,SOURCE_COORDINATE,SOURCE_BACKED
UTR_NODE_5740088719,UTraffic node 5740088719,INTERSECTION_OR_GEOMETRY,10.8266501,106.7807181,UTRAFFIC-HCM-V6,SOURCE_COORDINATE,SOURCE_BACKED
UTR_NODE_5740089533,UTraffic node 5740089533,INTERSECTION_OR_GEOMETRY,10.8272442,106.7813052,UTRAFFIC-HCM-V6,SOURCE_COORDINATE,SOURCE_BACKED
UTR_NODE_5740089538,UTraffic node 5740089538,INTERSECTION_OR_GEOMETRY,10.8279470,106.7819266,UTRAFFIC-HCM-V6,SOURCE_COORDINATE,SOURCE_BACKED
UTR_NODE_5740089550,UTraffic node 5740089550,INTERSECTION_OR_GEOMETRY,10.8227811,106.7802529,UTRAFFIC-HCM-V6,SOURCE_COORDINATE,SOURCE_BACKED
UTR_NODE_5740165633,UTraffic node 5740165633,INTERSECTION_OR_GEOMETRY,10.8281411,106.7722093,UTRAFFIC-HCM-V6,SOURCE_COORDINATE,SOURCE_BACKED
UTR_NODE_5740165650,UTraffic node 5740165650,INTERSECTION_OR_GEOMETRY,10.8278607,106.7718120,UTRAFFIC-HCM-V6,SOURCE_COORDINATE,SOURCE_BACKED
UTR_NODE_5740165654,UTraffic node 5740165654,INTERSECTION_OR_GEOMETRY,10.8276334,106.7714009,UTRAFFIC-HCM-V6,SOURCE_COORDINATE,SOURCE_BACKED
UTR_NODE_5740165665,UTraffic node 5740165665,INTERSECTION_OR_GEOMETRY,10.8246680,106.7682630,UTRAFFIC-HCM-V6,SOURCE_COORDINATE,SOURCE_BACKED
UTR_NODE_5740165671,UTraffic node 5740165671,INTERSECTION_OR_GEOMETRY,10.8265896,106.7688636,UTRAFFIC-HCM-V6,SOURCE_COORDINATE,SOURCE_BACKED
UTR_NODE_5740165674,UTraffic node 5740165674,INTERSECTION_OR_GEOMETRY,10.8271955,106.7700799,UTRAFFIC-HCM-V6,SOURCE_COORDINATE,SOURCE_BACKED
UTR_NODE_5740227314,UTraffic node 5740227314,INTERSECTION_OR_GEOMETRY,10.8273732,106.7709196,UTRAFFIC-HCM-V6,SOURCE_COORDINATE,SOURCE_BACKED
UTR_NODE_5740227933,UTraffic node 5740227933,INTERSECTION_OR_GEOMETRY,10.8221755,106.7714288,UTRAFFIC-HCM-V6,SOURCE_COORDINATE,SOURCE_BACKED
UTR_NODE_5740227934,UTraffic node 5740227934,INTERSECTION_OR_GEOMETRY,10.8220601,106.7715432,UTRAFFIC-HCM-V6,SOURCE_COORDINATE,SOURCE_BACKED
UTR_NODE_5740227935,UTraffic node 5740227935,INTERSECTION_OR_GEOMETRY,10.8230714,106.7703718,UTRAFFIC-HCM-V6,SOURCE_COORDINATE,SOURCE_BACKED
UTR_NODE_5740227936,UTraffic node 5740227936,INTERSECTION_OR_GEOMETRY,10.8230038,106.7705138,UTRAFFIC-HCM-V6,SOURCE_COORDINATE,SOURCE_BACKED
UTR_NODE_5740227937,UTraffic node 5740227937,INTERSECTION_OR_GEOMETRY,10.8226671,106.7709316,UTRAFFIC-HCM-V6,SOURCE_COORDINATE,SOURCE_BACKED
UTR_NODE_5740227938,UTraffic node 5740227938,INTERSECTION_OR_GEOMETRY,10.8222491,106.7713612,UTRAFFIC-HCM-V6,SOURCE_COORDINATE,SOURCE_BACKED
UTR_NODE_5740227939,UTraffic node 5740227939,INTERSECTION_OR_GEOMETRY,10.8231624,106.7701732,UTRAFFIC-HCM-V6,SOURCE_COORDINATE,SOURCE_BACKED
UTR_NODE_5740227940,UTraffic node 5740227940,INTERSECTION_OR_GEOMETRY,10.8234568,106.7696770,UTRAFFIC-HCM-V6,SOURCE_COORDINATE,SOURCE_BACKED
UTR_NODE_5740227941,UTraffic node 5740227941,INTERSECTION_OR_GEOMETRY,10.8235108,106.7695885,UTRAFFIC-HCM-V6,SOURCE_COORDINATE,SOURCE_BACKED
UTR_NODE_5740227942,UTraffic node 5740227942,INTERSECTION_OR_GEOMETRY,10.8235651,106.7694899,UTRAFFIC-HCM-V6,SOURCE_COORDINATE,SOURCE_BACKED
UTR_NODE_5740227943,UTraffic node 5740227943,INTERSECTION_OR_GEOMETRY,10.8238340,106.7694016,UTRAFFIC-HCM-V6,SOURCE_COORDINATE,SOURCE_BACKED
UTR_NODE_5740227944,UTraffic node 5740227944,INTERSECTION_OR_GEOMETRY,10.8244645,106.7691570,UTRAFFIC-HCM-V6,SOURCE_COORDINATE,SOURCE_BACKED
UTR_NODE_5740296589,UTraffic node 5740296589,INTERSECTION_OR_GEOMETRY,10.8234752,106.7610715,UTRAFFIC-HCM-V6,SOURCE_COORDINATE,SOURCE_BACKED
UTR_NODE_5740296600,UTraffic node 5740296600,INTERSECTION_OR_GEOMETRY,10.8283315,106.7639544,UTRAFFIC-HCM-V6,SOURCE_COORDINATE,SOURCE_BACKED
UTR_NODE_5740297938,UTraffic node 5740297938,INTERSECTION_OR_GEOMETRY,10.8261192,106.7645031,UTRAFFIC-HCM-V6,SOURCE_COORDINATE,SOURCE_BACKED
UTR_NODE_5740297939,UTraffic node 5740297939,INTERSECTION_OR_GEOMETRY,10.8259484,106.7652280,UTRAFFIC-HCM-V6,SOURCE_COORDINATE,SOURCE_BACKED
UTR_NODE_5740382090,UTraffic node 5740382090,INTERSECTION_OR_GEOMETRY,10.8264828,106.7611054,UTRAFFIC-HCM-V6,SOURCE_COORDINATE,SOURCE_BACKED
UTR_NODE_5740382831,UTraffic node 5740382831,INTERSECTION_OR_GEOMETRY,10.8264512,106.7612690,UTRAFFIC-HCM-V6,SOURCE_COORDINATE,SOURCE_BACKED
UTR_NODE_5740382865,UTraffic node 5740382865,INTERSECTION_OR_GEOMETRY,10.8265299,106.7609038,UTRAFFIC-HCM-V6,SOURCE_COORDINATE,SOURCE_BACKED
UTR_NODE_5740382866,UTraffic node 5740382866,INTERSECTION_OR_GEOMETRY,10.8261418,106.7625241,UTRAFFIC-HCM-V6,SOURCE_COORDINATE,SOURCE_BACKED
UTR_NODE_5742675572,UTraffic node 5742675572,INTERSECTION_OR_GEOMETRY,10.8293996,106.7232354,UTRAFFIC-HCM-V6,SOURCE_COORDINATE,SOURCE_BACKED
UTR_NODE_5742760733,UTraffic node 5742760733,INTERSECTION_OR_GEOMETRY,10.8312009,106.7254747,UTRAFFIC-HCM-V6,SOURCE_COORDINATE,SOURCE_BACKED
UTR_NODE_5742943347,UTraffic node 5742943347,INTERSECTION_OR_GEOMETRY,10.8324690,106.7774102,UTRAFFIC-HCM-V6,SOURCE_COORDINATE,SOURCE_BACKED
UTR_NODE_5742943349,UTraffic node 5742943349,INTERSECTION_OR_GEOMETRY,10.8319724,106.7768006,UTRAFFIC-HCM-V6,SOURCE_COORDINATE,SOURCE_BACKED
UTR_NODE_5742943354,UTraffic node 5742943354,INTERSECTION_OR_GEOMETRY,10.8305080,106.7746252,UTRAFFIC-HCM-V6,SOURCE_COORDINATE,SOURCE_BACKED
UTR_NODE_5742943356,UTraffic node 5742943356,INTERSECTION_OR_GEOMETRY,10.8309105,106.7750782,UTRAFFIC-HCM-V6,SOURCE_COORDINATE,SOURCE_BACKED
UTR_NODE_5742968248,UTraffic node 5742968248,INTERSECTION_OR_GEOMETRY,10.8299364,106.7681635,UTRAFFIC-HCM-V6,SOURCE_COORDINATE,SOURCE_BACKED
UTR_NODE_5742968251,UTraffic node 5742968251,INTERSECTION_OR_GEOMETRY,10.8297548,106.7738030,UTRAFFIC-HCM-V6,SOURCE_COORDINATE,SOURCE_BACKED
UTR_NODE_5743041084,UTraffic node 5743041084,INTERSECTION_OR_GEOMETRY,10.8327104,106.7838090,UTRAFFIC-HCM-V6,SOURCE_COORDINATE,SOURCE_BACKED
UTR_NODE_5743041107,UTraffic node 5743041107,INTERSECTION_OR_GEOMETRY,10.8294846,106.7828827,UTRAFFIC-HCM-V6,SOURCE_COORDINATE,SOURCE_BACKED
UTR_NODE_5743041109,UTraffic node 5743041109,INTERSECTION_OR_GEOMETRY,10.8288311,106.7825427,UTRAFFIC-HCM-V6,SOURCE_COORDINATE,SOURCE_BACKED
UTR_NODE_5743041114,UTraffic node 5743041114,INTERSECTION_OR_GEOMETRY,10.8293751,106.7828293,UTRAFFIC-HCM-V6,SOURCE_COORDINATE,SOURCE_BACKED
UTR_NODE_5743041445,UTraffic node 5743041445,INTERSECTION_OR_GEOMETRY,10.8304990,106.7833723,UTRAFFIC-HCM-V6,SOURCE_COORDINATE,SOURCE_BACKED
UTR_NODE_5748255066,UTraffic node 5748255066,INTERSECTION_OR_GEOMETRY,10.8788608,106.7241675,UTRAFFIC-HCM-V6,SOURCE_COORDINATE,SOURCE_BACKED
UTR_NODE_5748271990,UTraffic node 5748271990,INTERSECTION_OR_GEOMETRY,10.8343666,106.7827108,UTRAFFIC-HCM-V6,SOURCE_COORDINATE,SOURCE_BACKED
UTR_NODE_5748272018,UTraffic node 5748272018,INTERSECTION_OR_GEOMETRY,10.8334215,106.7781867,UTRAFFIC-HCM-V6,SOURCE_COORDINATE,SOURCE_BACKED
UTR_NODE_5748273021,UTraffic node 5748273021,INTERSECTION_OR_GEOMETRY,10.8352054,106.7824128,UTRAFFIC-HCM-V6,SOURCE_COORDINATE,SOURCE_BACKED
UTR_NODE_5748273022,UTraffic node 5748273022,INTERSECTION_OR_GEOMETRY,10.8346311,106.7825389,UTRAFFIC-HCM-V6,SOURCE_COORDINATE,SOURCE_BACKED
UTR_NODE_5748273099,UTraffic node 5748273099,INTERSECTION_OR_GEOMETRY,10.8336706,106.7801152,UTRAFFIC-HCM-V6,SOURCE_COORDINATE,SOURCE_BACKED
UTR_NODE_5748332615,UTraffic node 5748332615,INTERSECTION_OR_GEOMETRY,10.8338442,106.7804869,UTRAFFIC-HCM-V6,SOURCE_COORDINATE,SOURCE_BACKED
UTR_NODE_5748332725,UTraffic node 5748332725,INTERSECTION_OR_GEOMETRY,10.8333862,106.7795061,UTRAFFIC-HCM-V6,SOURCE_COORDINATE,SOURCE_BACKED
UTR_NODE_5748332746,UTraffic node 5748332746,INTERSECTION_OR_GEOMETRY,10.8336485,106.7833784,UTRAFFIC-HCM-V6,SOURCE_COORDINATE,SOURCE_BACKED
UTR_NODE_5748332758,UTraffic node 5748332758,INTERSECTION_OR_GEOMETRY,10.8334361,106.7796129,UTRAFFIC-HCM-V6,SOURCE_COORDINATE,SOURCE_BACKED
UTR_NODE_5748332791,UTraffic node 5748332791,INTERSECTION_OR_GEOMETRY,10.8355133,106.7823978,UTRAFFIC-HCM-V6,SOURCE_COORDINATE,SOURCE_BACKED
UTR_NODE_5748444577,UTraffic node 5748444577,INTERSECTION_OR_GEOMETRY,10.8394340,106.7685415,UTRAFFIC-HCM-V6,SOURCE_COORDINATE,SOURCE_BACKED
UTR_NODE_5748444620,UTraffic node 5748444620,INTERSECTION_OR_GEOMETRY,10.8391534,106.7683847,UTRAFFIC-HCM-V6,SOURCE_COORDINATE,SOURCE_BACKED
UTR_NODE_5748445134,UTraffic node 5748445134,INTERSECTION_OR_GEOMETRY,10.8264999,106.7610396,UTRAFFIC-HCM-V6,SOURCE_COORDINATE,SOURCE_BACKED
UTR_NODE_5748445135,UTraffic node 5748445135,INTERSECTION_OR_GEOMETRY,10.8265207,106.7609534,UTRAFFIC-HCM-V6,SOURCE_COORDINATE,SOURCE_BACKED
UTR_NODE_5748445140,UTraffic node 5748445140,INTERSECTION_OR_GEOMETRY,10.8480913,106.7729900,UTRAFFIC-HCM-V6,SOURCE_COORDINATE,SOURCE_BACKED
UTR_NODE_5748445141,UTraffic node 5748445141,INTERSECTION_OR_GEOMETRY,10.8479266,106.7728320,UTRAFFIC-HCM-V6,SOURCE_COORDINATE,SOURCE_BACKED
UTR_NODE_5748445142,UTraffic node 5748445142,INTERSECTION_OR_GEOMETRY,10.8471837,106.7724082,UTRAFFIC-HCM-V6,SOURCE_COORDINATE,SOURCE_BACKED
UTR_NODE_5748445143,UTraffic node 5748445143,INTERSECTION_OR_GEOMETRY,10.8458797,106.7715847,UTRAFFIC-HCM-V6,SOURCE_COORDINATE,SOURCE_BACKED
UTR_NODE_5748445144,UTraffic node 5748445144,INTERSECTION_OR_GEOMETRY,10.8454134,106.7713058,UTRAFFIC-HCM-V6,SOURCE_COORDINATE,SOURCE_BACKED
UTR_NODE_5748445145,UTraffic node 5748445145,INTERSECTION_OR_GEOMETRY,10.8448945,106.7710054,UTRAFFIC-HCM-V6,SOURCE_COORDINATE,SOURCE_BACKED
UTR_NODE_5748445146,UTraffic node 5748445146,INTERSECTION_OR_GEOMETRY,10.8442912,106.7706755,UTRAFFIC-HCM-V6,SOURCE_COORDINATE,SOURCE_BACKED
UTR_NODE_5748445147,UTraffic node 5748445147,INTERSECTION_OR_GEOMETRY,10.8435800,106.7702785,UTRAFFIC-HCM-V6,SOURCE_COORDINATE,SOURCE_BACKED
UTR_NODE_5748445148,UTraffic node 5748445148,INTERSECTION_OR_GEOMETRY,10.8431954,106.7700773,UTRAFFIC-HCM-V6,SOURCE_COORDINATE,SOURCE_BACKED
UTR_NODE_5748445149,UTraffic node 5748445149,INTERSECTION_OR_GEOMETRY,10.8427264,106.7698091,UTRAFFIC-HCM-V6,SOURCE_COORDINATE,SOURCE_BACKED
UTR_NODE_5748445150,UTraffic node 5748445150,INTERSECTION_OR_GEOMETRY,10.8420415,106.7694095,UTRAFFIC-HCM-V6,SOURCE_COORDINATE,SOURCE_BACKED
UTR_NODE_5748445151,UTraffic node 5748445151,INTERSECTION_OR_GEOMETRY,10.8417386,106.7692271,UTRAFFIC-HCM-V6,SOURCE_COORDINATE,SOURCE_BACKED
UTR_NODE_5748445152,UTraffic node 5748445152,INTERSECTION_OR_GEOMETRY,10.8412039,106.7689348,UTRAFFIC-HCM-V6,SOURCE_COORDINATE,SOURCE_BACKED
UTR_NODE_5748445153,UTraffic node 5748445153,INTERSECTION_OR_GEOMETRY,10.8406770,106.7686209,UTRAFFIC-HCM-V6,SOURCE_COORDINATE,SOURCE_BACKED
UTR_NODE_5748445154,UTraffic node 5748445154,INTERSECTION_OR_GEOMETRY,10.8402080,106.7683741,UTRAFFIC-HCM-V6,SOURCE_COORDINATE,SOURCE_BACKED
UTR_NODE_5748445155,UTraffic node 5748445155,INTERSECTION_OR_GEOMETRY,10.8397049,106.7681059,UTRAFFIC-HCM-V6,SOURCE_COORDINATE,SOURCE_BACKED
UTR_NODE_5748445156,UTraffic node 5748445156,INTERSECTION_OR_GEOMETRY,10.8389277,106.7676338,UTRAFFIC-HCM-V6,SOURCE_COORDINATE,SOURCE_BACKED
UTR_NODE_5748445157,UTraffic node 5748445157,INTERSECTION_OR_GEOMETRY,10.8383324,106.7672825,UTRAFFIC-HCM-V6,SOURCE_COORDINATE,SOURCE_BACKED
UTR_NODE_5748445158,UTraffic node 5748445158,INTERSECTION_OR_GEOMETRY,10.8376264,106.7668989,UTRAFFIC-HCM-V6,SOURCE_COORDINATE,SOURCE_BACKED
UTR_NODE_5748445159,UTraffic node 5748445159,INTERSECTION_OR_GEOMETRY,10.8371179,106.7666200,UTRAFFIC-HCM-V6,SOURCE_COORDINATE,SOURCE_BACKED
UTR_NODE_5748445160,UTraffic node 5748445160,INTERSECTION_OR_GEOMETRY,10.8362144,106.7661104,UTRAFFIC-HCM-V6,SOURCE_COORDINATE,SOURCE_BACKED
UTR_NODE_5748445182,UTraffic node 5748445182,INTERSECTION_OR_GEOMETRY,10.8378557,106.7676582,UTRAFFIC-HCM-V6,SOURCE_COORDINATE,SOURCE_BACKED
UTR_NODE_5748445232,UTraffic node 5748445232,INTERSECTION_OR_GEOMETRY,10.8369041,106.7671188,UTRAFFIC-HCM-V6,SOURCE_COORDINATE,SOURCE_BACKED
UTR_NODE_5748471655,UTraffic node 5748471655,INTERSECTION_OR_GEOMETRY,10.8357953,106.7654889,UTRAFFIC-HCM-V6,SOURCE_COORDINATE,SOURCE_BACKED
UTR_NODE_5748471697,UTraffic node 5748471697,INTERSECTION_OR_GEOMETRY,10.8310667,106.7589247,UTRAFFIC-HCM-V6,SOURCE_COORDINATE,SOURCE_BACKED
UTR_NODE_5748520263,UTraffic node 5748520263,INTERSECTION_OR_GEOMETRY,10.8327445,106.7650505,UTRAFFIC-HCM-V6,SOURCE_COORDINATE,SOURCE_BACKED
UTR_NODE_5748520279,UTraffic node 5748520279,INTERSECTION_OR_GEOMETRY,10.8325473,106.7636240,UTRAFFIC-HCM-V6,SOURCE_COORDINATE,SOURCE_BACKED
UTR_NODE_5748520281,UTraffic node 5748520281,INTERSECTION_OR_GEOMETRY,10.8339780,106.7671879,UTRAFFIC-HCM-V6,SOURCE_COORDINATE,SOURCE_BACKED
UTR_NODE_5748520291,UTraffic node 5748520291,INTERSECTION_OR_GEOMETRY,10.8321586,106.7642259,UTRAFFIC-HCM-V6,SOURCE_COORDINATE,SOURCE_BACKED
UTR_NODE_5748520745,UTraffic node 5748520745,INTERSECTION_OR_GEOMETRY,10.8311225,106.7628665,UTRAFFIC-HCM-V6,SOURCE_COORDINATE,SOURCE_BACKED
UTR_NODE_5748689984,UTraffic node 5748689984,INTERSECTION_OR_GEOMETRY,10.8338976,106.7671951,UTRAFFIC-HCM-V6,SOURCE_COORDINATE,SOURCE_BACKED
UTR_NODE_5748689985,UTraffic node 5748689985,INTERSECTION_OR_GEOMETRY,10.8350317,106.7664725,UTRAFFIC-HCM-V6,SOURCE_COORDINATE,SOURCE_BACKED
UTR_NODE_5748689986,UTraffic node 5748689986,INTERSECTION_OR_GEOMETRY,10.8340767,106.7671699,UTRAFFIC-HCM-V6,SOURCE_COORDINATE,SOURCE_BACKED
UTR_NODE_5748689987,UTraffic node 5748689987,INTERSECTION_OR_GEOMETRY,10.8348297,106.7666788,UTRAFFIC-HCM-V6,SOURCE_COORDINATE,SOURCE_BACKED
UTR_NODE_5748689988,UTraffic node 5748689988,INTERSECTION_OR_GEOMETRY,10.8345210,106.7669370,UTRAFFIC-HCM-V6,SOURCE_COORDINATE,SOURCE_BACKED
UTR_NODE_5748689989,UTraffic node 5748689989,INTERSECTION_OR_GEOMETRY,10.8343105,106.7670778,UTRAFFIC-HCM-V6,SOURCE_COORDINATE,SOURCE_BACKED
UTR_NODE_5748689990,UTraffic node 5748689990,INTERSECTION_OR_GEOMETRY,10.8352034,106.7663108,UTRAFFIC-HCM-V6,SOURCE_COORDINATE,SOURCE_BACKED
UTR_NODE_5748689991,UTraffic node 5748689991,INTERSECTION_OR_GEOMETRY,10.8303251,106.7680159,UTRAFFIC-HCM-V6,SOURCE_COORDINATE,SOURCE_BACKED
UTR_NODE_5748689992,UTraffic node 5748689992,INTERSECTION_OR_GEOMETRY,10.8315686,106.7677156,UTRAFFIC-HCM-V6,SOURCE_COORDINATE,SOURCE_BACKED
UTR_NODE_5748689993,UTraffic node 5748689993,INTERSECTION_OR_GEOMETRY,10.8324177,106.7672026,UTRAFFIC-HCM-V6,SOURCE_COORDINATE,SOURCE_BACKED
UTR_NODE_5748689994,UTraffic node 5748689994,INTERSECTION_OR_GEOMETRY,10.8321269,106.7673150,UTRAFFIC-HCM-V6,SOURCE_COORDINATE,SOURCE_BACKED
UTR_NODE_5748689995,UTraffic node 5748689995,INTERSECTION_OR_GEOMETRY,10.8319126,106.7674459,UTRAFFIC-HCM-V6,SOURCE_COORDINATE,SOURCE_BACKED
UTR_NODE_5748689996,UTraffic node 5748689996,INTERSECTION_OR_GEOMETRY,10.8333368,106.7671496,UTRAFFIC-HCM-V6,SOURCE_COORDINATE,SOURCE_BACKED
UTR_NODE_5748689997,UTraffic node 5748689997,INTERSECTION_OR_GEOMETRY,10.8333170,106.7671483,UTRAFFIC-HCM-V6,SOURCE_COORDINATE,SOURCE_BACKED
UTR_NODE_5748689998,UTraffic node 5748689998,INTERSECTION_OR_GEOMETRY,10.8330980,106.7671329,UTRAFFIC-HCM-V6,SOURCE_COORDINATE,SOURCE_BACKED
UTR_NODE_5748690431,UTraffic node 5748690431,INTERSECTION_OR_GEOMETRY,10.8293402,106.7651281,UTRAFFIC-HCM-V6,SOURCE_COORDINATE,SOURCE_BACKED
UTR_NODE_5748690433,UTraffic node 5748690433,INTERSECTION_OR_GEOMETRY,10.8299643,106.7609029,UTRAFFIC-HCM-V6,SOURCE_COORDINATE,SOURCE_BACKED
UTR_NODE_5748690443,UTraffic node 5748690443,INTERSECTION_OR_GEOMETRY,10.8316818,106.7577752,UTRAFFIC-HCM-V6,SOURCE_COORDINATE,SOURCE_BACKED
UTR_NODE_5748690445,UTraffic node 5748690445,INTERSECTION_OR_GEOMETRY,10.8315682,106.7579874,UTRAFFIC-HCM-V6,SOURCE_COORDINATE,SOURCE_BACKED
UTR_NODE_5748690449,UTraffic node 5748690449,INTERSECTION_OR_GEOMETRY,10.8296796,106.7614214,UTRAFFIC-HCM-V6,SOURCE_COORDINATE,SOURCE_BACKED
UTR_NODE_5748690463,UTraffic node 5748690463,INTERSECTION_OR_GEOMETRY,10.8319138,106.7646894,UTRAFFIC-HCM-V6,SOURCE_COORDINATE,SOURCE_BACKED
UTR_NODE_5748690464,UTraffic node 5748690464,INTERSECTION_OR_GEOMETRY,10.8315722,106.7645092,UTRAFFIC-HCM-V6,SOURCE_COORDINATE,SOURCE_BACKED
UTR_NODE_5748690465,UTraffic node 5748690465,INTERSECTION_OR_GEOMETRY,10.8318482,106.7640485,UTRAFFIC-HCM-V6,SOURCE_COORDINATE,SOURCE_BACKED
UTR_NODE_5748690466,UTraffic node 5748690466,INTERSECTION_OR_GEOMETRY,10.8307853,106.7640979,UTRAFFIC-HCM-V6,SOURCE_COORDINATE,SOURCE_BACKED
UTR_NODE_5748737730,UTraffic node 5748737730,INTERSECTION_OR_GEOMETRY,10.8354781,106.7658807,UTRAFFIC-HCM-V6,SOURCE_COORDINATE,SOURCE_BACKED
UTR_NODE_5748737736,UTraffic node 5748737736,INTERSECTION_OR_GEOMETRY,10.8347420,106.7824767,UTRAFFIC-HCM-V6,SOURCE_COORDINATE,SOURCE_BACKED
UTR_NODE_5748737745,UTraffic node 5748737745,INTERSECTION_OR_GEOMETRY,10.8274826,106.7668091,UTRAFFIC-HCM-V6,SOURCE_COORDINATE,SOURCE_BACKED
UTR_NODE_5748784537,UTraffic node 5748784537,INTERSECTION_OR_GEOMETRY,10.8339424,106.7559210,UTRAFFIC-HCM-V6,SOURCE_COORDINATE,SOURCE_BACKED
UTR_NODE_5748784556,UTraffic node 5748784556,INTERSECTION_OR_GEOMETRY,10.8391490,106.7487484,UTRAFFIC-HCM-V6,SOURCE_COORDINATE,SOURCE_BACKED
UTR_NODE_5748784559,UTraffic node 5748784559,INTERSECTION_OR_GEOMETRY,10.8351589,106.7543061,UTRAFFIC-HCM-V6,SOURCE_COORDINATE,SOURCE_BACKED
UTR_NODE_5748784560,UTraffic node 5748784560,INTERSECTION_OR_GEOMETRY,10.8343109,106.7557376,UTRAFFIC-HCM-V6,SOURCE_COORDINATE,SOURCE_BACKED
UTR_NODE_5748784564,UTraffic node 5748784564,INTERSECTION_OR_GEOMETRY,10.8363856,106.7529863,UTRAFFIC-HCM-V6,SOURCE_COORDINATE,SOURCE_BACKED
UTR_NODE_5748826307,UTraffic node 5748826307,INTERSECTION_OR_GEOMETRY,10.8281869,106.7687069,UTRAFFIC-HCM-V6,SOURCE_COORDINATE,SOURCE_BACKED
UTR_NODE_5748826308,UTraffic node 5748826308,INTERSECTION_OR_GEOMETRY,10.8281588,106.7687081,UTRAFFIC-HCM-V6,SOURCE_COORDINATE,SOURCE_BACKED
UTR_NODE_5748826309,UTraffic node 5748826309,INTERSECTION_OR_GEOMETRY,10.8271840,106.7687697,UTRAFFIC-HCM-V6,SOURCE_COORDINATE,SOURCE_BACKED
UTR_NODE_5748826310,UTraffic node 5748826310,INTERSECTION_OR_GEOMETRY,10.8274058,106.7687345,UTRAFFIC-HCM-V6,SOURCE_COORDINATE,SOURCE_BACKED
UTR_NODE_5748850493,UTraffic node 5748850493,INTERSECTION_OR_GEOMETRY,10.8378484,106.7505763,UTRAFFIC-HCM-V6,SOURCE_COORDINATE,SOURCE_BACKED
UTR_NODE_5750476162,UTraffic node 5750476162,INTERSECTION_OR_GEOMETRY,10.8407850,106.7434564,UTRAFFIC-HCM-V6,SOURCE_COORDINATE,SOURCE_BACKED
UTR_NODE_5750476163,UTraffic node 5750476163,INTERSECTION_OR_GEOMETRY,10.8411240,106.7435596,UTRAFFIC-HCM-V6,SOURCE_COORDINATE,SOURCE_BACKED
UTR_NODE_5750476169,UTraffic node 5750476169,INTERSECTION_OR_GEOMETRY,10.8393255,106.7386526,UTRAFFIC-HCM-V6,SOURCE_COORDINATE,SOURCE_BACKED
UTR_NODE_5750476170,UTraffic node 5750476170,INTERSECTION_OR_GEOMETRY,10.8395574,106.7395377,UTRAFFIC-HCM-V6,SOURCE_COORDINATE,SOURCE_BACKED
UTR_NODE_5750476188,UTraffic node 5750476188,INTERSECTION_OR_GEOMETRY,10.8408851,106.7435101,UTRAFFIC-HCM-V6,SOURCE_COORDINATE,SOURCE_BACKED
UTR_NODE_5750476189,UTraffic node 5750476189,INTERSECTION_OR_GEOMETRY,10.8406585,106.7432687,UTRAFFIC-HCM-V6,SOURCE_COORDINATE,SOURCE_BACKED
UTR_NODE_5750476190,UTraffic node 5750476190,INTERSECTION_OR_GEOMETRY,10.8403477,106.7425713,UTRAFFIC-HCM-V6,SOURCE_COORDINATE,SOURCE_BACKED
UTR_NODE_5750476191,UTraffic node 5750476191,INTERSECTION_OR_GEOMETRY,10.8401327,106.7418186,UTRAFFIC-HCM-V6,SOURCE_COORDINATE,SOURCE_BACKED
UTR_NODE_5750476192,UTraffic node 5750476192,INTERSECTION_OR_GEOMETRY,10.8400316,106.7414555,UTRAFFIC-HCM-V6,SOURCE_COORDINATE,SOURCE_BACKED
UTR_NODE_5750476193,UTraffic node 5750476193,INTERSECTION_OR_GEOMETRY,10.8398871,106.7409239,UTRAFFIC-HCM-V6,SOURCE_COORDINATE,SOURCE_BACKED
UTR_NODE_5750476194,UTraffic node 5750476194,INTERSECTION_OR_GEOMETRY,10.8397391,106.7403370,UTRAFFIC-HCM-V6,SOURCE_COORDINATE,SOURCE_BACKED
UTR_NODE_5750476195,UTraffic node 5750476195,INTERSECTION_OR_GEOMETRY,10.8396845,106.7400148,UTRAFFIC-HCM-V6,SOURCE_COORDINATE,SOURCE_BACKED
UTR_NODE_5750476196,UTraffic node 5750476196,INTERSECTION_OR_GEOMETRY,10.8411476,106.7439830,UTRAFFIC-HCM-V6,SOURCE_COORDINATE,SOURCE_BACKED
UTR_NODE_5750476197,UTraffic node 5750476197,INTERSECTION_OR_GEOMETRY,10.8411346,106.7439776,UTRAFFIC-HCM-V6,SOURCE_COORDINATE,SOURCE_BACKED
UTR_NODE_5750476198,UTraffic node 5750476198,INTERSECTION_OR_GEOMETRY,10.8411222,106.7439711,UTRAFFIC-HCM-V6,SOURCE_COORDINATE,SOURCE_BACKED
UTR_NODE_5750476199,UTraffic node 5750476199,INTERSECTION_OR_GEOMETRY,10.8411103,106.7439635,UTRAFFIC-HCM-V6,SOURCE_COORDINATE,SOURCE_BACKED
UTR_NODE_5750476200,UTraffic node 5750476200,INTERSECTION_OR_GEOMETRY,10.8410991,106.7439549,UTRAFFIC-HCM-V6,SOURCE_COORDINATE,SOURCE_BACKED
UTR_NODE_5750476201,UTraffic node 5750476201,INTERSECTION_OR_GEOMETRY,10.8410887,106.7439453,UTRAFFIC-HCM-V6,SOURCE_COORDINATE,SOURCE_BACKED
UTR_NODE_5750476202,UTraffic node 5750476202,INTERSECTION_OR_GEOMETRY,10.8410792,106.7439348,UTRAFFIC-HCM-V6,SOURCE_COORDINATE,SOURCE_BACKED
UTR_NODE_5750476203,UTraffic node 5750476203,INTERSECTION_OR_GEOMETRY,10.8410706,106.7439129,UTRAFFIC-HCM-V6,SOURCE_COORDINATE,SOURCE_BACKED
UTR_NODE_5750476204,UTraffic node 5750476204,INTERSECTION_OR_GEOMETRY,10.8410629,106.7439116,UTRAFFIC-HCM-V6,SOURCE_COORDINATE,SOURCE_BACKED
UTR_NODE_5750476205,UTraffic node 5750476205,INTERSECTION_OR_GEOMETRY,10.8410563,106.7438989,UTRAFFIC-HCM-V6,SOURCE_COORDINATE,SOURCE_BACKED
UTR_NODE_5750476206,UTraffic node 5750476206,INTERSECTION_OR_GEOMETRY,10.8410508,106.7438858,UTRAFFIC-HCM-V6,SOURCE_COORDINATE,SOURCE_BACKED
UTR_NODE_5750476207,UTraffic node 5750476207,INTERSECTION_OR_GEOMETRY,10.8410465,106.7438722,UTRAFFIC-HCM-V6,SOURCE_COORDINATE,SOURCE_BACKED
UTR_NODE_5750476208,UTraffic node 5750476208,INTERSECTION_OR_GEOMETRY,10.8410433,106.7438582,UTRAFFIC-HCM-V6,SOURCE_COORDINATE,SOURCE_BACKED
UTR_NODE_5750476209,UTraffic node 5750476209,INTERSECTION_OR_GEOMETRY,10.8410413,106.7438440,UTRAFFIC-HCM-V6,SOURCE_COORDINATE,SOURCE_BACKED
UTR_NODE_5750476210,UTraffic node 5750476210,INTERSECTION_OR_GEOMETRY,10.8410405,106.7438298,UTRAFFIC-HCM-V6,SOURCE_COORDINATE,SOURCE_BACKED
UTR_NODE_5750476211,UTraffic node 5750476211,INTERSECTION_OR_GEOMETRY,10.8410410,106.7438154,UTRAFFIC-HCM-V6,SOURCE_COORDINATE,SOURCE_BACKED
UTR_NODE_5750476212,UTraffic node 5750476212,INTERSECTION_OR_GEOMETRY,10.8410427,106.7438012,UTRAFFIC-HCM-V6,SOURCE_COORDINATE,SOURCE_BACKED
UTR_NODE_5750476213,UTraffic node 5750476213,INTERSECTION_OR_GEOMETRY,10.8410456,106.7437872,UTRAFFIC-HCM-V6,SOURCE_COORDINATE,SOURCE_BACKED
UTR_NODE_5750476214,UTraffic node 5750476214,INTERSECTION_OR_GEOMETRY,10.8410555,106.7437590,UTRAFFIC-HCM-V6,SOURCE_COORDINATE,SOURCE_BACKED
UTR_NODE_5750476215,UTraffic node 5750476215,INTERSECTION_OR_GEOMETRY,10.8410626,106.7437450,UTRAFFIC-HCM-V6,SOURCE_COORDINATE,SOURCE_BACKED
UTR_NODE_5750476216,UTraffic node 5750476216,INTERSECTION_OR_GEOMETRY,10.8410710,106.7437318,UTRAFFIC-HCM-V6,SOURCE_COORDINATE,SOURCE_BACKED
UTR_NODE_5750476217,UTraffic node 5750476217,INTERSECTION_OR_GEOMETRY,10.8410806,106.7437195,UTRAFFIC-HCM-V6,SOURCE_COORDINATE,SOURCE_BACKED
UTR_NODE_5750476218,UTraffic node 5750476218,INTERSECTION_OR_GEOMETRY,10.8410913,106.7437082,UTRAFFIC-HCM-V6,SOURCE_COORDINATE,SOURCE_BACKED
UTR_NODE_5750476219,UTraffic node 5750476219,INTERSECTION_OR_GEOMETRY,10.8411030,106.7436980,UTRAFFIC-HCM-V6,SOURCE_COORDINATE,SOURCE_BACKED
UTR_NODE_5750476220,UTraffic node 5750476220,INTERSECTION_OR_GEOMETRY,10.8411157,106.7436890,UTRAFFIC-HCM-V6,SOURCE_COORDINATE,SOURCE_BACKED
UTR_NODE_5750476221,UTraffic node 5750476221,INTERSECTION_OR_GEOMETRY,10.8411291,106.7436812,UTRAFFIC-HCM-V6,SOURCE_COORDINATE,SOURCE_BACKED
UTR_NODE_5750476222,UTraffic node 5750476222,INTERSECTION_OR_GEOMETRY,10.8411432,106.7436747,UTRAFFIC-HCM-V6,SOURCE_COORDINATE,SOURCE_BACKED
UTR_NODE_5750476223,UTraffic node 5750476223,INTERSECTION_OR_GEOMETRY,10.8411578,106.7436697,UTRAFFIC-HCM-V6,SOURCE_COORDINATE,SOURCE_BACKED
UTR_NODE_5750476224,UTraffic node 5750476224,INTERSECTION_OR_GEOMETRY,10.8411861,106.7436642,UTRAFFIC-HCM-V6,SOURCE_COORDINATE,SOURCE_BACKED
UTR_NODE_5750476225,UTraffic node 5750476225,INTERSECTION_OR_GEOMETRY,10.8411996,106.7436634,UTRAFFIC-HCM-V6,SOURCE_COORDINATE,SOURCE_BACKED
UTR_NODE_5750476226,UTraffic node 5750476226,INTERSECTION_OR_GEOMETRY,10.8412131,106.7436637,UTRAFFIC-HCM-V6,SOURCE_COORDINATE,SOURCE_BACKED
UTR_NODE_5750476227,UTraffic node 5750476227,INTERSECTION_OR_GEOMETRY,10.8412265,106.7436652,UTRAFFIC-HCM-V6,SOURCE_COORDINATE,SOURCE_BACKED
UTR_NODE_5750476228,UTraffic node 5750476228,INTERSECTION_OR_GEOMETRY,10.8412541,106.7436720,UTRAFFIC-HCM-V6,SOURCE_COORDINATE,SOURCE_BACKED
UTR_NODE_5750476229,UTraffic node 5750476229,INTERSECTION_OR_GEOMETRY,10.8412681,106.7436776,UTRAFFIC-HCM-V6,SOURCE_COORDINATE,SOURCE_BACKED
UTR_NODE_5750476230,UTraffic node 5750476230,INTERSECTION_OR_GEOMETRY,10.8412815,106.7436845,UTRAFFIC-HCM-V6,SOURCE_COORDINATE,SOURCE_BACKED
UTR_NODE_5750476231,UTraffic node 5750476231,INTERSECTION_OR_GEOMETRY,10.8412943,106.7436926,UTRAFFIC-HCM-V6,SOURCE_COORDINATE,SOURCE_BACKED
UTR_NODE_5750476232,UTraffic node 5750476232,INTERSECTION_OR_GEOMETRY,10.8413062,106.7437019,UTRAFFIC-HCM-V6,SOURCE_COORDINATE,SOURCE_BACKED
UTR_NODE_5750476233,UTraffic node 5750476233,INTERSECTION_OR_GEOMETRY,10.8413173,106.7437122,UTRAFFIC-HCM-V6,SOURCE_COORDINATE,SOURCE_BACKED
UTR_NODE_5750476234,UTraffic node 5750476234,INTERSECTION_OR_GEOMETRY,10.8413273,106.7437236,UTRAFFIC-HCM-V6,SOURCE_COORDINATE,SOURCE_BACKED
UTR_NODE_5750476235,UTraffic node 5750476235,INTERSECTION_OR_GEOMETRY,10.8413363,106.7437358,UTRAFFIC-HCM-V6,SOURCE_COORDINATE,SOURCE_BACKED
UTR_NODE_5750476236,UTraffic node 5750476236,INTERSECTION_OR_GEOMETRY,10.8413441,106.7437489,UTRAFFIC-HCM-V6,SOURCE_COORDINATE,SOURCE_BACKED
UTR_NODE_5750476237,UTraffic node 5750476237,INTERSECTION_OR_GEOMETRY,10.8413507,106.7437626,UTRAFFIC-HCM-V6,SOURCE_COORDINATE,SOURCE_BACKED
UTR_NODE_5750476238,UTraffic node 5750476238,INTERSECTION_OR_GEOMETRY,10.8413560,106.7437769,UTRAFFIC-HCM-V6,SOURCE_COORDINATE,SOURCE_BACKED
UTR_NODE_5750476239,UTraffic node 5750476239,INTERSECTION_OR_GEOMETRY,10.8413600,106.7437917,UTRAFFIC-HCM-V6,SOURCE_COORDINATE,SOURCE_BACKED
UTR_NODE_5750476240,UTraffic node 5750476240,INTERSECTION_OR_GEOMETRY,10.8413639,106.7438215,UTRAFFIC-HCM-V6,SOURCE_COORDINATE,SOURCE_BACKED
UTR_NODE_5750476241,UTraffic node 5750476241,INTERSECTION_OR_GEOMETRY,10.8413638,106.7438362,UTRAFFIC-HCM-V6,SOURCE_COORDINATE,SOURCE_BACKED
UTR_NODE_5750476242,UTraffic node 5750476242,INTERSECTION_OR_GEOMETRY,10.8413624,106.7438509,UTRAFFIC-HCM-V6,SOURCE_COORDINATE,SOURCE_BACKED
UTR_NODE_5750476243,UTraffic node 5750476243,INTERSECTION_OR_GEOMETRY,10.8413598,106.7438655,UTRAFFIC-HCM-V6,SOURCE_COORDINATE,SOURCE_BACKED
UTR_NODE_5750476244,UTraffic node 5750476244,INTERSECTION_OR_GEOMETRY,10.8413559,106.7438797,UTRAFFIC-HCM-V6,SOURCE_COORDINATE,SOURCE_BACKED
UTR_NODE_5750476245,UTraffic node 5750476245,INTERSECTION_OR_GEOMETRY,10.8413507,106.7438935,UTRAFFIC-HCM-V6,SOURCE_COORDINATE,SOURCE_BACKED
UTR_NODE_5750476246,UTraffic node 5750476246,INTERSECTION_OR_GEOMETRY,10.8413369,106.7439193,UTRAFFIC-HCM-V6,SOURCE_COORDINATE,SOURCE_BACKED
UTR_NODE_5750476247,UTraffic node 5750476247,INTERSECTION_OR_GEOMETRY,10.8413283,106.7439312,UTRAFFIC-HCM-V6,SOURCE_COORDINATE,SOURCE_BACKED
UTR_NODE_5750476248,UTraffic node 5750476248,INTERSECTION_OR_GEOMETRY,10.8413188,106.7439422,UTRAFFIC-HCM-V6,SOURCE_COORDINATE,SOURCE_BACKED
UTR_NODE_5750476249,UTraffic node 5750476249,INTERSECTION_OR_GEOMETRY,10.8413083,106.7439524,UTRAFFIC-HCM-V6,SOURCE_COORDINATE,SOURCE_BACKED
UTR_NODE_5750476250,UTraffic node 5750476250,INTERSECTION_OR_GEOMETRY,10.8412970,106.7439615,UTRAFFIC-HCM-V6,SOURCE_COORDINATE,SOURCE_BACKED
UTR_NODE_5750476251,UTraffic node 5750476251,INTERSECTION_OR_GEOMETRY,10.8412850,106.7439696,UTRAFFIC-HCM-V6,SOURCE_COORDINATE,SOURCE_BACKED
UTR_NODE_5750476252,UTraffic node 5750476252,INTERSECTION_OR_GEOMETRY,10.8412722,106.7439765,UTRAFFIC-HCM-V6,SOURCE_COORDINATE,SOURCE_BACKED
UTR_NODE_5750476253,UTraffic node 5750476253,INTERSECTION_OR_GEOMETRY,10.8412589,106.7439823,UTRAFFIC-HCM-V6,SOURCE_COORDINATE,SOURCE_BACKED
UTR_NODE_5750476254,UTraffic node 5750476254,INTERSECTION_OR_GEOMETRY,10.8412452,106.7439868,UTRAFFIC-HCM-V6,SOURCE_COORDINATE,SOURCE_BACKED
UTR_NODE_5750476255,UTraffic node 5750476255,INTERSECTION_OR_GEOMETRY,10.8412030,106.7439927,UTRAFFIC-HCM-V6,SOURCE_COORDINATE,SOURCE_BACKED
UTR_NODE_5750476256,UTraffic node 5750476256,INTERSECTION_OR_GEOMETRY,10.8411749,106.7439903,UTRAFFIC-HCM-V6,SOURCE_COORDINATE,SOURCE_BACKED
UTR_NODE_5750476257,UTraffic node 5750476257,INTERSECTION_OR_GEOMETRY,10.8412171,106.7439920,UTRAFFIC-HCM-V6,SOURCE_COORDINATE,SOURCE_BACKED
UTR_NODE_5750476258,UTraffic node 5750476258,INTERSECTION_OR_GEOMETRY,10.8411889,106.7439921,UTRAFFIC-HCM-V6,SOURCE_COORDINATE,SOURCE_BACKED
UTR_NODE_5750476259,UTraffic node 5750476259,INTERSECTION_OR_GEOMETRY,10.8411611,106.7439873,UTRAFFIC-HCM-V6,SOURCE_COORDINATE,SOURCE_BACKED
UTR_NODE_5750476260,UTraffic node 5750476260,INTERSECTION_OR_GEOMETRY,10.8413443,106.7439068,UTRAFFIC-HCM-V6,SOURCE_COORDINATE,SOURCE_BACKED
UTR_NODE_5750476261,UTraffic node 5750476261,INTERSECTION_OR_GEOMETRY,10.8412311,106.7439901,UTRAFFIC-HCM-V6,SOURCE_COORDINATE,SOURCE_BACKED
UTR_NODE_5750476272,UTraffic node 5750476272,INTERSECTION_OR_GEOMETRY,10.8397470,106.7399964,UTRAFFIC-HCM-V6,SOURCE_COORDINATE,SOURCE_BACKED
UTR_NODE_5750476274,UTraffic node 5750476274,INTERSECTION_OR_GEOMETRY,10.8400948,106.7404819,UTRAFFIC-HCM-V6,SOURCE_COORDINATE,SOURCE_BACKED
UTR_NODE_5750476276,UTraffic node 5750476276,INTERSECTION_OR_GEOMETRY,10.8395571,106.7384111,UTRAFFIC-HCM-V6,SOURCE_COORDINATE,SOURCE_BACKED
UTR_NODE_5750476283,UTraffic node 5750476283,INTERSECTION_OR_GEOMETRY,10.8356743,106.7456290,UTRAFFIC-HCM-V6,SOURCE_COORDINATE,SOURCE_BACKED
UTR_NODE_5750476288,UTraffic node 5750476288,INTERSECTION_OR_GEOMETRY,10.8398853,106.7456240,UTRAFFIC-HCM-V6,SOURCE_COORDINATE,SOURCE_BACKED
UTR_NODE_5750476319,UTraffic node 5750476319,INTERSECTION_OR_GEOMETRY,10.8390246,106.7374256,UTRAFFIC-HCM-V6,SOURCE_COORDINATE,SOURCE_BACKED
UTR_NODE_5750476340,UTraffic node 5750476340,INTERSECTION_OR_GEOMETRY,10.8382765,106.7454768,UTRAFFIC-HCM-V6,SOURCE_COORDINATE,SOURCE_BACKED
UTR_NODE_5750497291,UTraffic node 5750497291,INTERSECTION_OR_GEOMETRY,10.8292263,106.7226006,UTRAFFIC-HCM-V6,SOURCE_COORDINATE,SOURCE_BACKED
UTR_NODE_5750497293,UTraffic node 5750497293,INTERSECTION_OR_GEOMETRY,10.8290058,106.7223288,UTRAFFIC-HCM-V6,SOURCE_COORDINATE,SOURCE_BACKED
UTR_NODE_5750497294,UTraffic node 5750497294,INTERSECTION_OR_GEOMETRY,10.8290845,106.7223329,UTRAFFIC-HCM-V6,SOURCE_COORDINATE,SOURCE_BACKED
UTR_NODE_5750497295,UTraffic node 5750497295,INTERSECTION_OR_GEOMETRY,10.8291190,106.7223530,UTRAFFIC-HCM-V6,SOURCE_COORDINATE,SOURCE_BACKED
UTR_NODE_5750497296,UTraffic node 5750497296,INTERSECTION_OR_GEOMETRY,10.8291625,106.7224208,UTRAFFIC-HCM-V6,SOURCE_COORDINATE,SOURCE_BACKED
UTR_NODE_5750497297,UTraffic node 5750497297,INTERSECTION_OR_GEOMETRY,10.8291667,106.7224622,UTRAFFIC-HCM-V6,SOURCE_COORDINATE,SOURCE_BACKED
UTR_NODE_5750497298,UTraffic node 5750497298,INTERSECTION_OR_GEOMETRY,10.8291374,106.7225377,UTRAFFIC-HCM-V6,SOURCE_COORDINATE,SOURCE_BACKED
UTR_NODE_5750497299,UTraffic node 5750497299,INTERSECTION_OR_GEOMETRY,10.8290708,106.7225806,UTRAFFIC-HCM-V6,SOURCE_COORDINATE,SOURCE_BACKED
UTR_NODE_5750497300,UTraffic node 5750497300,INTERSECTION_OR_GEOMETRY,10.8290311,106.7225845,UTRAFFIC-HCM-V6,SOURCE_COORDINATE,SOURCE_BACKED
UTR_NODE_5750497301,UTraffic node 5750497301,INTERSECTION_OR_GEOMETRY,10.8289922,106.7225757,UTRAFFIC-HCM-V6,SOURCE_COORDINATE,SOURCE_BACKED
UTR_NODE_5750497302,UTraffic node 5750497302,INTERSECTION_OR_GEOMETRY,10.8289580,106.7225553,UTRAFFIC-HCM-V6,SOURCE_COORDINATE,SOURCE_BACKED
UTR_NODE_5750497303,UTraffic node 5750497303,INTERSECTION_OR_GEOMETRY,10.8289315,106.7225251,UTRAFFIC-HCM-V6,SOURCE_COORDINATE,SOURCE_BACKED
UTR_NODE_5750497304,UTraffic node 5750497304,INTERSECTION_OR_GEOMETRY,10.8289155,106.7224882,UTRAFFIC-HCM-V6,SOURCE_COORDINATE,SOURCE_BACKED
UTR_NODE_5750497305,UTraffic node 5750497305,INTERSECTION_OR_GEOMETRY,10.8289195,106.7224081,UTRAFFIC-HCM-V6,SOURCE_COORDINATE,SOURCE_BACKED
UTR_NODE_5750497306,UTraffic node 5750497306,INTERSECTION_OR_GEOMETRY,10.8289395,106.7223727,UTRAFFIC-HCM-V6,SOURCE_COORDINATE,SOURCE_BACKED
UTR_NODE_5750497307,UTraffic node 5750497307,INTERSECTION_OR_GEOMETRY,10.8291074,106.7225645,UTRAFFIC-HCM-V6,SOURCE_COORDINATE,SOURCE_BACKED
UTR_NODE_5750497308,UTraffic node 5750497308,INTERSECTION_OR_GEOMETRY,10.8289692,106.7223454,UTRAFFIC-HCM-V6,SOURCE_COORDINATE,SOURCE_BACKED
UTR_NODE_5750497309,UTraffic node 5750497309,INTERSECTION_OR_GEOMETRY,10.8291578,106.7225028,UTRAFFIC-HCM-V6,SOURCE_COORDINATE,SOURCE_BACKED
UTR_NODE_5750497311,UTraffic node 5750497311,INTERSECTION_OR_GEOMETRY,10.8291458,106.7223829,UTRAFFIC-HCM-V6,SOURCE_COORDINATE,SOURCE_BACKED
UTR_NODE_5750497312,UTraffic node 5750497312,INTERSECTION_OR_GEOMETRY,10.8292219,106.7225275,UTRAFFIC-HCM-V6,SOURCE_COORDINATE,SOURCE_BACKED
UTR_NODE_5750497313,UTraffic node 5750497313,INTERSECTION_OR_GEOMETRY,10.8290456,106.7223245,UTRAFFIC-HCM-V6,SOURCE_COORDINATE,SOURCE_BACKED
UTR_NODE_5750511745,UTraffic node 5750511745,INTERSECTION_OR_GEOMETRY,10.8365563,106.7320199,UTRAFFIC-HCM-V6,SOURCE_COORDINATE,SOURCE_BACKED
UTR_NODE_5750511750,UTraffic node 5750511750,INTERSECTION_OR_GEOMETRY,10.8381153,106.7346273,UTRAFFIC-HCM-V6,SOURCE_COORDINATE,SOURCE_BACKED
UTR_NODE_5750511751,UTraffic node 5750511751,INTERSECTION_OR_GEOMETRY,10.8336705,106.7284492,UTRAFFIC-HCM-V6,SOURCE_COORDINATE,SOURCE_BACKED
UTR_NODE_5750511769,UTraffic node 5750511769,INTERSECTION_OR_GEOMETRY,10.8381589,106.7324545,UTRAFFIC-HCM-V6,SOURCE_COORDINATE,SOURCE_BACKED
UTR_NODE_5750511803,UTraffic node 5750511803,INTERSECTION_OR_GEOMETRY,10.8344857,106.7294684,UTRAFFIC-HCM-V6,SOURCE_COORDINATE,SOURCE_BACKED
UTR_NODE_5750512032,UTraffic node 5750512032,INTERSECTION_OR_GEOMETRY,10.8340452,106.7289092,UTRAFFIC-HCM-V6,SOURCE_COORDINATE,SOURCE_BACKED
UTR_NODE_5750623145,UTraffic node 5750623145,INTERSECTION_OR_GEOMETRY,10.8408414,106.7442274,UTRAFFIC-HCM-V6,SOURCE_COORDINATE,SOURCE_BACKED
UTR_NODE_5750623146,UTraffic node 5750623146,INTERSECTION_OR_GEOMETRY,10.8414594,106.7444583,UTRAFFIC-HCM-V6,SOURCE_COORDINATE,SOURCE_BACKED
UTR_NODE_5750623147,UTraffic node 5750623147,INTERSECTION_OR_GEOMETRY,10.8412397,106.7436678,UTRAFFIC-HCM-V6,SOURCE_COORDINATE,SOURCE_BACKED
UTR_NODE_5750623148,UTraffic node 5750623148,INTERSECTION_OR_GEOMETRY,10.8413627,106.7438067,UTRAFFIC-HCM-V6,SOURCE_COORDINATE,SOURCE_BACKED
UTR_NODE_5750623149,UTraffic node 5750623149,INTERSECTION_OR_GEOMETRY,10.8442409,106.7459758,UTRAFFIC-HCM-V6,SOURCE_COORDINATE,SOURCE_BACKED
UTR_NODE_5750623150,UTraffic node 5750623150,INTERSECTION_OR_GEOMETRY,10.8441306,106.7458141,UTRAFFIC-HCM-V6,SOURCE_COORDINATE,SOURCE_BACKED
UTR_NODE_5750623151,UTraffic node 5750623151,INTERSECTION_OR_GEOMETRY,10.8437591,106.7456371,UTRAFFIC-HCM-V6,SOURCE_COORDINATE,SOURCE_BACKED
UTR_NODE_5750623152,UTraffic node 5750623152,INTERSECTION_OR_GEOMETRY,10.8431954,106.7453447,UTRAFFIC-HCM-V6,SOURCE_COORDINATE,SOURCE_BACKED
UTR_NODE_5750623153,UTraffic node 5750623153,INTERSECTION_OR_GEOMETRY,10.8428793,106.7451516,UTRAFFIC-HCM-V6,SOURCE_COORDINATE,SOURCE_BACKED
UTR_NODE_5750623154,UTraffic node 5750623154,INTERSECTION_OR_GEOMETRY,10.8424868,106.7448807,UTRAFFIC-HCM-V6,SOURCE_COORDINATE,SOURCE_BACKED
UTR_NODE_5750623155,UTraffic node 5750623155,INTERSECTION_OR_GEOMETRY,10.8422549,106.7446822,UTRAFFIC-HCM-V6,SOURCE_COORDINATE,SOURCE_BACKED
UTR_NODE_5750623156,UTraffic node 5750623156,INTERSECTION_OR_GEOMETRY,10.8419414,106.7443845,UTRAFFIC-HCM-V6,SOURCE_COORDINATE,SOURCE_BACKED
UTR_NODE_5750623157,UTraffic node 5750623157,INTERSECTION_OR_GEOMETRY,10.8417254,106.7441672,UTRAFFIC-HCM-V6,SOURCE_COORDINATE,SOURCE_BACKED
UTR_NODE_5750623158,UTraffic node 5750623158,INTERSECTION_OR_GEOMETRY,10.8414243,106.7439592,UTRAFFIC-HCM-V6,SOURCE_COORDINATE,SOURCE_BACKED
UTR_NODE_5750623163,UTraffic node 5750623163,INTERSECTION_OR_GEOMETRY,10.8414481,106.7442953,UTRAFFIC-HCM-V6,SOURCE_COORDINATE,SOURCE_BACKED
UTR_NODE_5750623166,UTraffic node 5750623166,INTERSECTION_OR_GEOMETRY,10.8409009,106.7443496,UTRAFFIC-HCM-V6,SOURCE_COORDINATE,SOURCE_BACKED
UTR_NODE_5750623167,UTraffic node 5750623167,INTERSECTION_OR_GEOMETRY,10.8439247,106.7461697,UTRAFFIC-HCM-V6,SOURCE_COORDINATE,SOURCE_BACKED
UTR_NODE_5750623168,UTraffic node 5750623168,INTERSECTION_OR_GEOMETRY,10.8441970,106.7461982,UTRAFFIC-HCM-V6,SOURCE_COORDINATE,SOURCE_BACKED
UTR_NODE_5750623169,UTraffic node 5750623169,INTERSECTION_OR_GEOMETRY,10.8439225,106.7461628,UTRAFFIC-HCM-V6,SOURCE_COORDINATE,SOURCE_BACKED
UTR_NODE_5750623170,UTraffic node 5750623170,INTERSECTION_OR_GEOMETRY,10.8435020,106.7459903,UTRAFFIC-HCM-V6,SOURCE_COORDINATE,SOURCE_BACKED
UTR_NODE_5750623171,UTraffic node 5750623171,INTERSECTION_OR_GEOMETRY,10.8433719,106.7459160,UTRAFFIC-HCM-V6,SOURCE_COORDINATE,SOURCE_BACKED
UTR_NODE_5750623172,UTraffic node 5750623172,INTERSECTION_OR_GEOMETRY,10.8429082,106.7456746,UTRAFFIC-HCM-V6,SOURCE_COORDINATE,SOURCE_BACKED
UTR_NODE_5750623173,UTraffic node 5750623173,INTERSECTION_OR_GEOMETRY,10.8424841,106.7454037,UTRAFFIC-HCM-V6,SOURCE_COORDINATE,SOURCE_BACKED
UTR_NODE_5750623174,UTraffic node 5750623174,INTERSECTION_OR_GEOMETRY,10.8421011,106.7451248,UTRAFFIC-HCM-V6,SOURCE_COORDINATE,SOURCE_BACKED
UTR_NODE_5750623175,UTraffic node 5750623175,INTERSECTION_OR_GEOMETRY,10.8419046,106.7449531,UTRAFFIC-HCM-V6,SOURCE_COORDINATE,SOURCE_BACKED
UTR_NODE_5750623176,UTraffic node 5750623176,INTERSECTION_OR_GEOMETRY,10.8415964,106.7446178,UTRAFFIC-HCM-V6,SOURCE_COORDINATE,SOURCE_BACKED
UTR_NODE_5750623177,UTraffic node 5750623177,INTERSECTION_OR_GEOMETRY,10.8413975,106.7442329,UTRAFFIC-HCM-V6,SOURCE_COORDINATE,SOURCE_BACKED
UTR_NODE_5750623178,UTraffic node 5750623178,INTERSECTION_OR_GEOMETRY,10.8410814,106.7440894,UTRAFFIC-HCM-V6,SOURCE_COORDINATE,SOURCE_BACKED
UTR_NODE_5750623179,UTraffic node 5750623179,INTERSECTION_OR_GEOMETRY,10.8410049,106.7441900,UTRAFFIC-HCM-V6,SOURCE_COORDINATE,SOURCE_BACKED
UTR_NODE_5750623180,UTraffic node 5750623180,INTERSECTION_OR_GEOMETRY,10.8408008,106.7444542,UTRAFFIC-HCM-V6,SOURCE_COORDINATE,SOURCE_BACKED
UTR_NODE_5750623181,UTraffic node 5750623181,INTERSECTION_OR_GEOMETRY,10.8409364,106.7440612,UTRAFFIC-HCM-V6,SOURCE_COORDINATE,SOURCE_BACKED
UTR_NODE_5750623182,UTraffic node 5750623182,INTERSECTION_OR_GEOMETRY,10.8394732,106.7378413,UTRAFFIC-HCM-V6,SOURCE_COORDINATE,SOURCE_BACKED
UTR_NODE_5750623189,UTraffic node 5750623189,INTERSECTION_OR_GEOMETRY,10.8371193,106.7323830,UTRAFFIC-HCM-V6,SOURCE_COORDINATE,SOURCE_BACKED
UTR_NODE_5750623533,UTraffic node 5750623533,INTERSECTION_OR_GEOMETRY,10.8376066,106.7330012,UTRAFFIC-HCM-V6,SOURCE_COORDINATE,SOURCE_BACKED
UTR_NODE_5750623534,UTraffic node 5750623534,INTERSECTION_OR_GEOMETRY,10.8371290,106.7326464,UTRAFFIC-HCM-V6,SOURCE_COORDINATE,SOURCE_BACKED
UTR_NODE_5750623535,UTraffic node 5750623535,INTERSECTION_OR_GEOMETRY,10.8373674,106.7330026,UTRAFFIC-HCM-V6,SOURCE_COORDINATE,SOURCE_BACKED
UTR_NODE_5750623536,UTraffic node 5750623536,INTERSECTION_OR_GEOMETRY,10.8373070,106.7326526,UTRAFFIC-HCM-V6,SOURCE_COORDINATE,SOURCE_BACKED
UTR_NODE_5750623537,UTraffic node 5750623537,INTERSECTION_OR_GEOMETRY,10.8373360,106.7326508,UTRAFFIC-HCM-V6,SOURCE_COORDINATE,SOURCE_BACKED
UTR_NODE_5750623538,UTraffic node 5750623538,INTERSECTION_OR_GEOMETRY,10.8373762,106.7326583,UTRAFFIC-HCM-V6,SOURCE_COORDINATE,SOURCE_BACKED
UTR_NODE_5750623539,UTraffic node 5750623539,INTERSECTION_OR_GEOMETRY,10.8373887,106.7326631,UTRAFFIC-HCM-V6,SOURCE_COORDINATE,SOURCE_BACKED
UTR_NODE_5750623540,UTraffic node 5750623540,INTERSECTION_OR_GEOMETRY,10.8374007,106.7326691,UTRAFFIC-HCM-V6,SOURCE_COORDINATE,SOURCE_BACKED
UTR_NODE_5750623541,UTraffic node 5750623541,INTERSECTION_OR_GEOMETRY,10.8374120,106.7326762,UTRAFFIC-HCM-V6,SOURCE_COORDINATE,SOURCE_BACKED
UTR_NODE_5750623542,UTraffic node 5750623542,INTERSECTION_OR_GEOMETRY,10.8374227,106.7326844,UTRAFFIC-HCM-V6,SOURCE_COORDINATE,SOURCE_BACKED
UTR_NODE_5750623543,UTraffic node 5750623543,INTERSECTION_OR_GEOMETRY,10.8374326,106.7326935,UTRAFFIC-HCM-V6,SOURCE_COORDINATE,SOURCE_BACKED
UTR_NODE_5750623544,UTraffic node 5750623544,INTERSECTION_OR_GEOMETRY,10.8374416,106.7327034,UTRAFFIC-HCM-V6,SOURCE_COORDINATE,SOURCE_BACKED
UTR_NODE_5750623545,UTraffic node 5750623545,INTERSECTION_OR_GEOMETRY,10.8374497,106.7327142,UTRAFFIC-HCM-V6,SOURCE_COORDINATE,SOURCE_BACKED
UTR_NODE_5750623546,UTraffic node 5750623546,INTERSECTION_OR_GEOMETRY,10.8374568,106.7327256,UTRAFFIC-HCM-V6,SOURCE_COORDINATE,SOURCE_BACKED
UTR_NODE_5750623547,UTraffic node 5750623547,INTERSECTION_OR_GEOMETRY,10.8374686,106.7327528,UTRAFFIC-HCM-V6,SOURCE_COORDINATE,SOURCE_BACKED
UTR_NODE_5750623548,UTraffic node 5750623548,INTERSECTION_OR_GEOMETRY,10.8374727,106.7327684,UTRAFFIC-HCM-V6,SOURCE_COORDINATE,SOURCE_BACKED
UTR_NODE_5750623549,UTraffic node 5750623549,INTERSECTION_OR_GEOMETRY,10.8374751,106.7327845,UTRAFFIC-HCM-V6,SOURCE_COORDINATE,SOURCE_BACKED
UTR_NODE_5750623550,UTraffic node 5750623550,INTERSECTION_OR_GEOMETRY,10.8374758,106.7328007,UTRAFFIC-HCM-V6,SOURCE_COORDINATE,SOURCE_BACKED
UTR_NODE_5750623551,UTraffic node 5750623551,INTERSECTION_OR_GEOMETRY,10.8374723,106.7328309,UTRAFFIC-HCM-V6,SOURCE_COORDINATE,SOURCE_BACKED
UTR_NODE_5750623552,UTraffic node 5750623552,INTERSECTION_OR_GEOMETRY,10.8374686,106.7328446,UTRAFFIC-HCM-V6,SOURCE_COORDINATE,SOURCE_BACKED
UTR_NODE_5750623553,UTraffic node 5750623553,INTERSECTION_OR_GEOMETRY,10.8374637,106.7328580,UTRAFFIC-HCM-V6,SOURCE_COORDINATE,SOURCE_BACKED
UTR_NODE_5750623554,UTraffic node 5750623554,INTERSECTION_OR_GEOMETRY,10.8374575,106.7328706,UTRAFFIC-HCM-V6,SOURCE_COORDINATE,SOURCE_BACKED
UTR_NODE_5750623555,UTraffic node 5750623555,INTERSECTION_OR_GEOMETRY,10.8374501,106.7328827,UTRAFFIC-HCM-V6,SOURCE_COORDINATE,SOURCE_BACKED
UTR_NODE_5750623556,UTraffic node 5750623556,INTERSECTION_OR_GEOMETRY,10.8374417,106.7328940,UTRAFFIC-HCM-V6,SOURCE_COORDINATE,SOURCE_BACKED
UTR_NODE_5750623557,UTraffic node 5750623557,INTERSECTION_OR_GEOMETRY,10.8374321,106.7329045,UTRAFFIC-HCM-V6,SOURCE_COORDINATE,SOURCE_BACKED
UTR_NODE_5750623558,UTraffic node 5750623558,INTERSECTION_OR_GEOMETRY,10.8374218,106.7329139,UTRAFFIC-HCM-V6,SOURCE_COORDINATE,SOURCE_BACKED
UTR_NODE_5750623559,UTraffic node 5750623559,INTERSECTION_OR_GEOMETRY,10.8374105,106.7329223,UTRAFFIC-HCM-V6,SOURCE_COORDINATE,SOURCE_BACKED
UTR_NODE_5750623560,UTraffic node 5750623560,INTERSECTION_OR_GEOMETRY,10.8373984,106.7329295,UTRAFFIC-HCM-V6,SOURCE_COORDINATE,SOURCE_BACKED
UTR_NODE_5750623561,UTraffic node 5750623561,INTERSECTION_OR_GEOMETRY,10.8373858,106.7329356,UTRAFFIC-HCM-V6,SOURCE_COORDINATE,SOURCE_BACKED
UTR_NODE_5750623562,UTraffic node 5750623562,INTERSECTION_OR_GEOMETRY,10.8373726,106.7329405,UTRAFFIC-HCM-V6,SOURCE_COORDINATE,SOURCE_BACKED
UTR_NODE_5750623563,UTraffic node 5750623563,INTERSECTION_OR_GEOMETRY,10.8373591,106.7329439,UTRAFFIC-HCM-V6,SOURCE_COORDINATE,SOURCE_BACKED
UTR_NODE_5750623564,UTraffic node 5750623564,INTERSECTION_OR_GEOMETRY,10.8373302,106.7329469,UTRAFFIC-HCM-V6,SOURCE_COORDINATE,SOURCE_BACKED
UTR_NODE_5750623565,UTraffic node 5750623565,INTERSECTION_OR_GEOMETRY,10.8373151,106.7329461,UTRAFFIC-HCM-V6,SOURCE_COORDINATE,SOURCE_BACKED
UTR_NODE_5750623566,UTraffic node 5750623566,INTERSECTION_OR_GEOMETRY,10.8373002,106.7329436,UTRAFFIC-HCM-V6,SOURCE_COORDINATE,SOURCE_BACKED
UTR_NODE_5750623567,UTraffic node 5750623567,INTERSECTION_OR_GEOMETRY,10.8372856,106.7329397,UTRAFFIC-HCM-V6,SOURCE_COORDINATE,SOURCE_BACKED
UTR_NODE_5750623568,UTraffic node 5750623568,INTERSECTION_OR_GEOMETRY,10.8372715,106.7329342,UTRAFFIC-HCM-V6,SOURCE_COORDINATE,SOURCE_BACKED
UTR_NODE_5750623569,UTraffic node 5750623569,INTERSECTION_OR_GEOMETRY,10.8372580,106.7329272,UTRAFFIC-HCM-V6,SOURCE_COORDINATE,SOURCE_BACKED
UTR_NODE_5750623570,UTraffic node 5750623570,INTERSECTION_OR_GEOMETRY,10.8372453,106.7329190,UTRAFFIC-HCM-V6,SOURCE_COORDINATE,SOURCE_BACKED
UTR_NODE_5750623571,UTraffic node 5750623571,INTERSECTION_OR_GEOMETRY,10.8372335,106.7329093,UTRAFFIC-HCM-V6,SOURCE_COORDINATE,SOURCE_BACKED
UTR_NODE_5750623572,UTraffic node 5750623572,INTERSECTION_OR_GEOMETRY,10.8372228,106.7328985,UTRAFFIC-HCM-V6,SOURCE_COORDINATE,SOURCE_BACKED
UTR_NODE_5750623573,UTraffic node 5750623573,INTERSECTION_OR_GEOMETRY,10.8372133,106.7328866,UTRAFFIC-HCM-V6,SOURCE_COORDINATE,SOURCE_BACKED
UTR_NODE_5750623574,UTraffic node 5750623574,INTERSECTION_OR_GEOMETRY,10.8372049,106.7328738,UTRAFFIC-HCM-V6,SOURCE_COORDINATE,SOURCE_BACKED
UTR_NODE_5750623575,UTraffic node 5750623575,INTERSECTION_OR_GEOMETRY,10.8371979,106.7328602,UTRAFFIC-HCM-V6,SOURCE_COORDINATE,SOURCE_BACKED
UTR_NODE_5750623576,UTraffic node 5750623576,INTERSECTION_OR_GEOMETRY,10.8371924,106.7328458,UTRAFFIC-HCM-V6,SOURCE_COORDINATE,SOURCE_BACKED
UTR_NODE_5750623577,UTraffic node 5750623577,INTERSECTION_OR_GEOMETRY,10.8371884,106.7328311,UTRAFFIC-HCM-V6,SOURCE_COORDINATE,SOURCE_BACKED
UTR_NODE_5750623578,UTraffic node 5750623578,INTERSECTION_OR_GEOMETRY,10.8371858,106.7328158,UTRAFFIC-HCM-V6,SOURCE_COORDINATE,SOURCE_BACKED
UTR_NODE_5750623579,UTraffic node 5750623579,INTERSECTION_OR_GEOMETRY,10.8371849,106.7328006,UTRAFFIC-HCM-V6,SOURCE_COORDINATE,SOURCE_BACKED
UTR_NODE_5750623580,UTraffic node 5750623580,INTERSECTION_OR_GEOMETRY,10.8371855,106.7327852,UTRAFFIC-HCM-V6,SOURCE_COORDINATE,SOURCE_BACKED
UTR_NODE_5750623581,UTraffic node 5750623581,INTERSECTION_OR_GEOMETRY,10.8371877,106.7327700,UTRAFFIC-HCM-V6,SOURCE_COORDINATE,SOURCE_BACKED
UTR_NODE_5750623582,UTraffic node 5750623582,INTERSECTION_OR_GEOMETRY,10.8371914,106.7327551,UTRAFFIC-HCM-V6,SOURCE_COORDINATE,SOURCE_BACKED
UTR_NODE_5750623583,UTraffic node 5750623583,INTERSECTION_OR_GEOMETRY,10.8371965,106.7327406,UTRAFFIC-HCM-V6,SOURCE_COORDINATE,SOURCE_BACKED
UTR_NODE_5750623584,UTraffic node 5750623584,INTERSECTION_OR_GEOMETRY,10.8372033,106.7327268,UTRAFFIC-HCM-V6,SOURCE_COORDINATE,SOURCE_BACKED
UTR_NODE_5750623585,UTraffic node 5750623585,INTERSECTION_OR_GEOMETRY,10.8372201,106.7327021,UTRAFFIC-HCM-V6,SOURCE_COORDINATE,SOURCE_BACKED
UTR_NODE_5750623586,UTraffic node 5750623586,INTERSECTION_OR_GEOMETRY,10.8372302,106.7326914,UTRAFFIC-HCM-V6,SOURCE_COORDINATE,SOURCE_BACKED
UTR_NODE_5750623587,UTraffic node 5750623587,INTERSECTION_OR_GEOMETRY,10.8372411,106.7326818,UTRAFFIC-HCM-V6,SOURCE_COORDINATE,SOURCE_BACKED
UTR_NODE_5750623588,UTraffic node 5750623588,INTERSECTION_OR_GEOMETRY,10.8372531,106.7326733,UTRAFFIC-HCM-V6,SOURCE_COORDINATE,SOURCE_BACKED
UTR_NODE_5750623589,UTraffic node 5750623589,INTERSECTION_OR_GEOMETRY,10.8372657,106.7326661,UTRAFFIC-HCM-V6,SOURCE_COORDINATE,SOURCE_BACKED
UTR_NODE_5750623590,UTraffic node 5750623590,INTERSECTION_OR_GEOMETRY,10.8372790,106.7326602,UTRAFFIC-HCM-V6,SOURCE_COORDINATE,SOURCE_BACKED
UTR_NODE_5750623591,UTraffic node 5750623591,INTERSECTION_OR_GEOMETRY,10.8373634,106.7326546,UTRAFFIC-HCM-V6,SOURCE_COORDINATE,SOURCE_BACKED
UTR_NODE_5750623592,UTraffic node 5750623592,INTERSECTION_OR_GEOMETRY,10.8373214,106.7326510,UTRAFFIC-HCM-V6,SOURCE_COORDINATE,SOURCE_BACKED
UTR_NODE_5750623593,UTraffic node 5750623593,INTERSECTION_OR_GEOMETRY,10.8372928,106.7326556,UTRAFFIC-HCM-V6,SOURCE_COORDINATE,SOURCE_BACKED
UTR_NODE_5750623594,UTraffic node 5750623594,INTERSECTION_OR_GEOMETRY,10.8372112,106.7327137,UTRAFFIC-HCM-V6,SOURCE_COORDINATE,SOURCE_BACKED
UTR_NODE_5750623595,UTraffic node 5750623595,INTERSECTION_OR_GEOMETRY,10.8374746,106.7328169,UTRAFFIC-HCM-V6,SOURCE_COORDINATE,SOURCE_BACKED
UTR_NODE_5750623596,UTraffic node 5750623596,INTERSECTION_OR_GEOMETRY,10.8375228,106.7329717,UTRAFFIC-HCM-V6,SOURCE_COORDINATE,SOURCE_BACKED
UTR_NODE_5750623597,UTraffic node 5750623597,INTERSECTION_OR_GEOMETRY,10.8372633,106.7325478,UTRAFFIC-HCM-V6,SOURCE_COORDINATE,SOURCE_BACKED
UTR_NODE_5750623598,UTraffic node 5750623598,INTERSECTION_OR_GEOMETRY,10.8373504,106.7326520,UTRAFFIC-HCM-V6,SOURCE_COORDINATE,SOURCE_BACKED
UTR_NODE_5750623599,UTraffic node 5750623599,INTERSECTION_OR_GEOMETRY,10.8373453,106.7329461,UTRAFFIC-HCM-V6,SOURCE_COORDINATE,SOURCE_BACKED
UTR_NODE_5750623600,UTraffic node 5750623600,INTERSECTION_OR_GEOMETRY,10.8373543,106.7331345,UTRAFFIC-HCM-V6,SOURCE_COORDINATE,SOURCE_BACKED
UTR_NODE_5750623601,UTraffic node 5750623601,INTERSECTION_OR_GEOMETRY,10.8370237,106.7326328,UTRAFFIC-HCM-V6,SOURCE_COORDINATE,SOURCE_BACKED
UTR_NODE_5750655054,UTraffic node 5750655054,INTERSECTION_OR_GEOMETRY,10.8330619,106.7271496,UTRAFFIC-HCM-V6,SOURCE_COORDINATE,SOURCE_BACKED
UTR_NODE_5750655055,UTraffic node 5750655055,INTERSECTION_OR_GEOMETRY,10.8329754,106.7272218,UTRAFFIC-HCM-V6,SOURCE_COORDINATE,SOURCE_BACKED
UTR_NODE_5751101516,UTraffic node 5751101516,INTERSECTION_OR_GEOMETRY,10.8458983,106.7244209,UTRAFFIC-HCM-V6,SOURCE_COORDINATE,SOURCE_BACKED
UTR_NODE_5751160689,UTraffic node 5751160689,INTERSECTION_OR_GEOMETRY,10.8451254,106.7280385,UTRAFFIC-HCM-V6,SOURCE_COORDINATE,SOURCE_BACKED
UTR_NODE_5751160690,UTraffic node 5751160690,INTERSECTION_OR_GEOMETRY,10.8447833,106.7295441,UTRAFFIC-HCM-V6,SOURCE_COORDINATE,SOURCE_BACKED
UTR_NODE_5751297760,UTraffic node 5751297760,INTERSECTION_OR_GEOMETRY,10.8409694,106.7430031,UTRAFFIC-HCM-V6,SOURCE_COORDINATE,SOURCE_BACKED
UTR_NODE_5751297761,UTraffic node 5751297761,INTERSECTION_OR_GEOMETRY,10.8371983,106.7324875,UTRAFFIC-HCM-V6,SOURCE_COORDINATE,SOURCE_BACKED
UTR_NODE_5752773311,UTraffic node 5752773311,INTERSECTION_OR_GEOMETRY,10.8431554,106.7308541,UTRAFFIC-HCM-V6,SOURCE_COORDINATE,SOURCE_BACKED
UTR_NODE_5752773315,UTraffic node 5752773315,INTERSECTION_OR_GEOMETRY,10.8448768,106.7292793,UTRAFFIC-HCM-V6,SOURCE_COORDINATE,SOURCE_BACKED
UTR_NODE_5752773316,UTraffic node 5752773316,INTERSECTION_OR_GEOMETRY,10.8414357,106.7313892,UTRAFFIC-HCM-V6,SOURCE_COORDINATE,SOURCE_BACKED
UTR_NODE_5752775028,UTraffic node 5752775028,INTERSECTION_OR_GEOMETRY,10.8430197,106.7309004,UTRAFFIC-HCM-V6,SOURCE_COORDINATE,SOURCE_BACKED
UTR_NODE_5752775062,UTraffic node 5752775062,INTERSECTION_OR_GEOMETRY,10.8427561,106.7309840,UTRAFFIC-HCM-V6,SOURCE_COORDINATE,SOURCE_BACKED
UTR_NODE_5752823280,UTraffic node 5752823280,INTERSECTION_OR_GEOMETRY,10.8416543,106.7442664,UTRAFFIC-HCM-V6,SOURCE_COORDINATE,SOURCE_BACKED
UTR_NODE_5752823297,UTraffic node 5752823297,INTERSECTION_OR_GEOMETRY,10.8425892,106.7454708,UTRAFFIC-HCM-V6,SOURCE_COORDINATE,SOURCE_BACKED
UTR_NODE_5752823320,UTraffic node 5752823320,INTERSECTION_OR_GEOMETRY,10.8404516,106.7478717,UTRAFFIC-HCM-V6,SOURCE_COORDINATE,SOURCE_BACKED
UTR_NODE_5752825325,UTraffic node 5752825325,INTERSECTION_OR_GEOMETRY,10.8446311,106.7454815,UTRAFFIC-HCM-V6,SOURCE_COORDINATE,SOURCE_BACKED
UTR_NODE_5752825333,UTraffic node 5752825333,INTERSECTION_OR_GEOMETRY,10.8416342,106.7466044,UTRAFFIC-HCM-V6,SOURCE_COORDINATE,SOURCE_BACKED
UTR_NODE_5752825335,UTraffic node 5752825335,INTERSECTION_OR_GEOMETRY,10.8450699,106.7465427,UTRAFFIC-HCM-V6,SOURCE_COORDINATE,SOURCE_BACKED
UTR_NODE_5752825348,UTraffic node 5752825348,INTERSECTION_OR_GEOMETRY,10.8441218,106.7452841,UTRAFFIC-HCM-V6,SOURCE_COORDINATE,SOURCE_BACKED
UTR_NODE_5752825422,UTraffic node 5752825422,INTERSECTION_OR_GEOMETRY,10.8423366,106.7447439,UTRAFFIC-HCM-V6,SOURCE_COORDINATE,SOURCE_BACKED
UTR_NODE_5752827865,UTraffic node 5752827865,INTERSECTION_OR_GEOMETRY,10.8447656,106.7295941,UTRAFFIC-HCM-V6,SOURCE_COORDINATE,SOURCE_BACKED
UTR_NODE_5752859480,UTraffic node 5752859480,INTERSECTION_OR_GEOMETRY,10.8428660,106.7478155,UTRAFFIC-HCM-V6,SOURCE_COORDINATE,SOURCE_BACKED
UTR_NODE_5752860633,UTraffic node 5752860633,INTERSECTION_OR_GEOMETRY,10.8439072,106.7487378,UTRAFFIC-HCM-V6,SOURCE_COORDINATE,SOURCE_BACKED
UTR_NODE_5752938608,UTraffic node 5752938608,INTERSECTION_OR_GEOMETRY,10.8430508,106.7479687,UTRAFFIC-HCM-V6,SOURCE_COORDINATE,SOURCE_BACKED
UTR_NODE_5752938610,UTraffic node 5752938610,INTERSECTION_OR_GEOMETRY,10.8450466,106.7497977,UTRAFFIC-HCM-V6,SOURCE_COORDINATE,SOURCE_BACKED
UTR_NODE_5753041853,UTraffic node 5753041853,INTERSECTION_OR_GEOMETRY,10.8437530,106.7624988,UTRAFFIC-HCM-V6,SOURCE_COORDINATE,SOURCE_BACKED
UTR_NODE_5753041861,UTraffic node 5753041861,INTERSECTION_OR_GEOMETRY,10.8449764,106.7616860,UTRAFFIC-HCM-V6,SOURCE_COORDINATE,SOURCE_BACKED
UTR_NODE_5753041868,UTraffic node 5753041868,INTERSECTION_OR_GEOMETRY,10.8407902,106.7653688,UTRAFFIC-HCM-V6,SOURCE_COORDINATE,SOURCE_BACKED
UTR_NODE_5753041869,UTraffic node 5753041869,INTERSECTION_OR_GEOMETRY,10.8406385,106.7656211,UTRAFFIC-HCM-V6,SOURCE_COORDINATE,SOURCE_BACKED
UTR_NODE_5753041870,UTraffic node 5753041870,INTERSECTION_OR_GEOMETRY,10.8402138,106.7659843,UTRAFFIC-HCM-V6,SOURCE_COORDINATE,SOURCE_BACKED
UTR_NODE_5753041871,UTraffic node 5753041871,INTERSECTION_OR_GEOMETRY,10.8401132,106.7660415,UTRAFFIC-HCM-V6,SOURCE_COORDINATE,SOURCE_BACKED
UTR_NODE_5753041872,UTraffic node 5753041872,INTERSECTION_OR_GEOMETRY,10.8411347,106.7648166,UTRAFFIC-HCM-V6,SOURCE_COORDINATE,SOURCE_BACKED
UTR_NODE_5753041873,UTraffic node 5753041873,INTERSECTION_OR_GEOMETRY,10.8412748,106.7646046,UTRAFFIC-HCM-V6,SOURCE_COORDINATE,SOURCE_BACKED
UTR_NODE_5753041874,UTraffic node 5753041874,INTERSECTION_OR_GEOMETRY,10.8418752,106.7637629,UTRAFFIC-HCM-V6,SOURCE_COORDINATE,SOURCE_BACKED
UTR_NODE_5753041875,UTraffic node 5753041875,INTERSECTION_OR_GEOMETRY,10.8422045,106.7634239,UTRAFFIC-HCM-V6,SOURCE_COORDINATE,SOURCE_BACKED
UTR_NODE_5753041884,UTraffic node 5753041884,INTERSECTION_OR_GEOMETRY,10.8415175,106.7642544,UTRAFFIC-HCM-V6,SOURCE_COORDINATE,SOURCE_BACKED
UTR_NODE_5753152982,UTraffic node 5753152982,INTERSECTION_OR_GEOMETRY,10.8459052,106.7721905,UTRAFFIC-HCM-V6,SOURCE_COORDINATE,SOURCE_BACKED
UTR_NODE_5753152995,UTraffic node 5753152995,INTERSECTION_OR_GEOMETRY,10.8449213,106.7716472,UTRAFFIC-HCM-V6,SOURCE_COORDINATE,SOURCE_BACKED
UTR_NODE_5753153002,UTraffic node 5753153002,INTERSECTION_OR_GEOMETRY,10.8454226,106.7798078,UTRAFFIC-HCM-V6,SOURCE_COORDINATE,SOURCE_BACKED
UTR_NODE_5753153005,UTraffic node 5753153005,INTERSECTION_OR_GEOMETRY,10.8456400,106.7793953,UTRAFFIC-HCM-V6,SOURCE_COORDINATE,SOURCE_BACKED
UTR_NODE_5753153006,UTraffic node 5753153006,INTERSECTION_OR_GEOMETRY,10.8459667,106.7787784,UTRAFFIC-HCM-V6,SOURCE_COORDINATE,SOURCE_BACKED
UTR_NODE_5753177434,UTraffic node 5753177434,INTERSECTION_OR_GEOMETRY,10.8452554,106.7801059,UTRAFFIC-HCM-V6,SOURCE_COORDINATE,SOURCE_BACKED
UTR_NODE_5753188455,UTraffic node 5753188455,INTERSECTION_OR_GEOMETRY,10.8798257,106.7841177,UTRAFFIC-HCM-V6,SOURCE_COORDINATE,SOURCE_BACKED
UTR_NODE_5753188503,UTraffic node 5753188503,INTERSECTION_OR_GEOMETRY,10.8774772,106.7832385,UTRAFFIC-HCM-V6,SOURCE_COORDINATE,SOURCE_BACKED
UTR_NODE_5753337022,UTraffic node 5753337022,INTERSECTION_OR_GEOMETRY,10.8443748,106.7850597,UTRAFFIC-HCM-V6,SOURCE_COORDINATE,SOURCE_BACKED
UTR_NODE_5753337049,UTraffic node 5753337049,INTERSECTION_OR_GEOMETRY,10.8440428,106.7833361,UTRAFFIC-HCM-V6,SOURCE_COORDINATE,SOURCE_BACKED
UTR_NODE_5753492074,UTraffic node 5753492074,INTERSECTION_OR_GEOMETRY,10.8798678,106.7650875,UTRAFFIC-HCM-V6,SOURCE_COORDINATE,SOURCE_BACKED
UTR_NODE_5755038362,UTraffic node 5755038362,INTERSECTION_OR_GEOMETRY,10.8773173,106.7580945,UTRAFFIC-HCM-V6,SOURCE_COORDINATE,SOURCE_BACKED
UTR_NODE_5755038392,UTraffic node 5755038392,INTERSECTION_OR_GEOMETRY,10.8796477,106.7645024,UTRAFFIC-HCM-V6,SOURCE_COORDINATE,SOURCE_BACKED
UTR_NODE_5755038407,UTraffic node 5755038407,INTERSECTION_OR_GEOMETRY,10.8791454,106.7617293,UTRAFFIC-HCM-V6,SOURCE_COORDINATE,SOURCE_BACKED
UTR_NODE_5755039428,UTraffic node 5755039428,INTERSECTION_OR_GEOMETRY,10.8795460,106.7642323,UTRAFFIC-HCM-V6,SOURCE_COORDINATE,SOURCE_BACKED
UTR_NODE_5755039490,UTraffic node 5755039490,INTERSECTION_OR_GEOMETRY,10.8799677,106.7612946,UTRAFFIC-HCM-V6,SOURCE_COORDINATE,SOURCE_BACKED
UTR_NODE_5755039495,UTraffic node 5755039495,INTERSECTION_OR_GEOMETRY,10.8797869,106.7613874,UTRAFFIC-HCM-V6,SOURCE_COORDINATE,SOURCE_BACKED
UTR_NODE_5755039497,UTraffic node 5755039497,INTERSECTION_OR_GEOMETRY,10.8784094,106.7610179,UTRAFFIC-HCM-V6,SOURCE_COORDINATE,SOURCE_BACKED
UTR_NODE_5755039503,UTraffic node 5755039503,INTERSECTION_OR_GEOMETRY,10.8783778,106.7609261,UTRAFFIC-HCM-V6,SOURCE_COORDINATE,SOURCE_BACKED
UTR_NODE_5755039507,UTraffic node 5755039507,INTERSECTION_OR_GEOMETRY,10.8779127,106.7596493,UTRAFFIC-HCM-V6,SOURCE_COORDINATE,SOURCE_BACKED
UTR_NODE_5755039637,UTraffic node 5755039637,INTERSECTION_OR_GEOMETRY,10.8781771,106.7603436,UTRAFFIC-HCM-V6,SOURCE_COORDINATE,SOURCE_BACKED
UTR_NODE_5755039641,UTraffic node 5755039641,INTERSECTION_OR_GEOMETRY,10.8780060,106.7599086,UTRAFFIC-HCM-V6,SOURCE_COORDINATE,SOURCE_BACKED
UTR_NODE_5755039649,UTraffic node 5755039649,INTERSECTION_OR_GEOMETRY,10.8775201,106.7586237,UTRAFFIC-HCM-V6,SOURCE_COORDINATE,SOURCE_BACKED
UTR_NODE_5755091251,UTraffic node 5755091251,INTERSECTION_OR_GEOMETRY,10.8763573,106.7550319,UTRAFFIC-HCM-V6,SOURCE_COORDINATE,SOURCE_BACKED
UTR_NODE_5755091256,UTraffic node 5755091256,INTERSECTION_OR_GEOMETRY,10.8772947,106.7502987,UTRAFFIC-HCM-V6,SOURCE_COORDINATE,SOURCE_BACKED
UTR_NODE_5755091266,UTraffic node 5755091266,INTERSECTION_OR_GEOMETRY,10.8797790,106.7504995,UTRAFFIC-HCM-V6,SOURCE_COORDINATE,SOURCE_BACKED
UTR_NODE_5755091268,UTraffic node 5755091268,INTERSECTION_OR_GEOMETRY,10.8797421,106.7504619,UTRAFFIC-HCM-V6,SOURCE_COORDINATE,SOURCE_BACKED
UTR_NODE_5755091311,UTraffic node 5755091311,INTERSECTION_OR_GEOMETRY,10.8769587,106.7569914,UTRAFFIC-HCM-V6,SOURCE_COORDINATE,SOURCE_BACKED
UTR_NODE_5755091950,UTraffic node 5755091950,INTERSECTION_OR_GEOMETRY,10.8766718,106.7561082,UTRAFFIC-HCM-V6,SOURCE_COORDINATE,SOURCE_BACKED
UTR_NODE_5755092036,UTraffic node 5755092036,INTERSECTION_OR_GEOMETRY,10.8792860,106.7486981,UTRAFFIC-HCM-V6,SOURCE_COORDINATE,SOURCE_BACKED
UTR_NODE_5755092038,UTraffic node 5755092038,INTERSECTION_OR_GEOMETRY,10.8790148,106.7489499,UTRAFFIC-HCM-V6,SOURCE_COORDINATE,SOURCE_BACKED
UTR_NODE_5755092052,UTraffic node 5755092052,INTERSECTION_OR_GEOMETRY,10.8794527,106.7485420,UTRAFFIC-HCM-V6,SOURCE_COORDINATE,SOURCE_BACKED
UTR_NODE_5755092061,UTraffic node 5755092061,INTERSECTION_OR_GEOMETRY,10.8789302,106.7496338,UTRAFFIC-HCM-V6,SOURCE_COORDINATE,SOURCE_BACKED
UTR_NODE_5755092066,UTraffic node 5755092066,INTERSECTION_OR_GEOMETRY,10.8791013,106.7498083,UTRAFFIC-HCM-V6,SOURCE_COORDINATE,SOURCE_BACKED
UTR_NODE_5755145276,UTraffic node 5755145276,INTERSECTION_OR_GEOMETRY,10.8783182,106.7607532,UTRAFFIC-HCM-V6,SOURCE_COORDINATE,SOURCE_BACKED
UTR_NODE_5755146208,UTraffic node 5755146208,INTERSECTION_OR_GEOMETRY,10.8760225,106.7511946,UTRAFFIC-HCM-V6,SOURCE_COORDINATE,SOURCE_BACKED
UTR_NODE_5755319711,UTraffic node 5755319711,INTERSECTION_OR_GEOMETRY,10.8793633,106.7303372,UTRAFFIC-HCM-V6,SOURCE_COORDINATE,SOURCE_BACKED
UTR_NODE_5755329082,UTraffic node 5755329082,INTERSECTION_OR_GEOMETRY,10.8777617,106.7318121,UTRAFFIC-HCM-V6,SOURCE_COORDINATE,SOURCE_BACKED
UTR_NODE_5755329096,UTraffic node 5755329096,INTERSECTION_OR_GEOMETRY,10.8774619,106.7319422,UTRAFFIC-HCM-V6,SOURCE_COORDINATE,SOURCE_BACKED
UTR_NODE_5755432451,UTraffic node 5755432451,INTERSECTION_OR_GEOMETRY,10.8765269,106.7263282,UTRAFFIC-HCM-V6,SOURCE_COORDINATE,SOURCE_BACKED
UTR_NODE_5755432453,UTraffic node 5755432453,INTERSECTION_OR_GEOMETRY,10.8768400,106.7260504,UTRAFFIC-HCM-V6,SOURCE_COORDINATE,SOURCE_BACKED
UTR_NODE_5755432501,UTraffic node 5755432501,INTERSECTION_OR_GEOMETRY,10.8796521,106.7234199,UTRAFFIC-HCM-V6,SOURCE_COORDINATE,SOURCE_BACKED
UTR_NODE_5755432514,UTraffic node 5755432514,INTERSECTION_OR_GEOMETRY,10.8775972,106.7253748,UTRAFFIC-HCM-V6,SOURCE_COORDINATE,SOURCE_BACKED
UTR_NODE_5755432519,UTraffic node 5755432519,INTERSECTION_OR_GEOMETRY,10.8783596,106.7246548,UTRAFFIC-HCM-V6,SOURCE_COORDINATE,SOURCE_BACKED
UTR_NODE_5755433522,UTraffic node 5755433522,INTERSECTION_OR_GEOMETRY,10.8784999,106.7245185,UTRAFFIC-HCM-V6,SOURCE_COORDINATE,SOURCE_BACKED
UTR_NODE_5755433523,UTraffic node 5755433523,INTERSECTION_OR_GEOMETRY,10.8792780,106.7237583,UTRAFFIC-HCM-V6,SOURCE_COORDINATE,SOURCE_BACKED
UTR_NODE_5755433531,UTraffic node 5755433531,INTERSECTION_OR_GEOMETRY,10.8790348,106.7226928,UTRAFFIC-HCM-V6,SOURCE_COORDINATE,SOURCE_BACKED
UTR_NODE_5755433532,UTraffic node 5755433532,INTERSECTION_OR_GEOMETRY,10.8795134,106.7227626,UTRAFFIC-HCM-V6,SOURCE_COORDINATE,SOURCE_BACKED
UTR_NODE_5755433558,UTraffic node 5755433558,INTERSECTION_OR_GEOMETRY,10.8786062,106.7244151,UTRAFFIC-HCM-V6,SOURCE_COORDINATE,SOURCE_BACKED
UTR_NODE_5755527797,UTraffic node 5755527797,INTERSECTION_OR_GEOMETRY,10.8451701,106.7871763,UTRAFFIC-HCM-V6,SOURCE_COORDINATE,SOURCE_BACKED
UTR_NODE_5755527835,UTraffic node 5755527835,INTERSECTION_OR_GEOMETRY,10.8451244,106.7865430,UTRAFFIC-HCM-V6,SOURCE_COORDINATE,SOURCE_BACKED
UTR_NODE_5755527837,UTraffic node 5755527837,INTERSECTION_OR_GEOMETRY,10.8451509,106.7866142,UTRAFFIC-HCM-V6,SOURCE_COORDINATE,SOURCE_BACKED
UTR_NODE_5755527848,UTraffic node 5755527848,INTERSECTION_OR_GEOMETRY,10.8452798,106.7800606,UTRAFFIC-HCM-V6,SOURCE_COORDINATE,SOURCE_BACKED
UTR_NODE_5755527857,UTraffic node 5755527857,INTERSECTION_OR_GEOMETRY,10.8524153,106.7790531,UTRAFFIC-HCM-V6,SOURCE_COORDINATE,SOURCE_BACKED
UTR_NODE_5755527868,UTraffic node 5755527868,INTERSECTION_OR_GEOMETRY,10.8518342,106.7780790,UTRAFFIC-HCM-V6,SOURCE_COORDINATE,SOURCE_BACKED
UTR_NODE_5755527886,UTraffic node 5755527886,INTERSECTION_OR_GEOMETRY,10.8527000,106.7795325,UTRAFFIC-HCM-V6,SOURCE_COORDINATE,SOURCE_BACKED
UTR_NODE_5755576911,UTraffic node 5755576911,INTERSECTION_OR_GEOMETRY,10.8450023,106.7877705,UTRAFFIC-HCM-V6,SOURCE_COORDINATE,SOURCE_BACKED
UTR_NODE_5755653743,UTraffic node 5755653743,INTERSECTION_OR_GEOMETRY,10.8544859,106.7729860,UTRAFFIC-HCM-V6,SOURCE_COORDINATE,SOURCE_BACKED
UTR_NODE_5755653744,UTraffic node 5755653744,INTERSECTION_OR_GEOMETRY,10.8539591,106.7730914,UTRAFFIC-HCM-V6,SOURCE_COORDINATE,SOURCE_BACKED
UTR_NODE_5755653745,UTraffic node 5755653745,INTERSECTION_OR_GEOMETRY,10.8517978,106.7743436,UTRAFFIC-HCM-V6,SOURCE_COORDINATE,SOURCE_BACKED
UTR_NODE_5755653746,UTraffic node 5755653746,INTERSECTION_OR_GEOMETRY,10.8521440,106.7741646,UTRAFFIC-HCM-V6,SOURCE_COORDINATE,SOURCE_BACKED
UTR_NODE_5755653747,UTraffic node 5755653747,INTERSECTION_OR_GEOMETRY,10.8514553,106.7743570,UTRAFFIC-HCM-V6,SOURCE_COORDINATE,SOURCE_BACKED
UTR_NODE_5755653748,UTraffic node 5755653748,INTERSECTION_OR_GEOMETRY,10.8496965,106.7715338,UTRAFFIC-HCM-V6,SOURCE_COORDINATE,SOURCE_BACKED
UTR_NODE_5755653749,UTraffic node 5755653749,INTERSECTION_OR_GEOMETRY,10.8505379,106.7739348,UTRAFFIC-HCM-V6,SOURCE_COORDINATE,SOURCE_BACKED
UTR_NODE_5755653753,UTraffic node 5755653753,INTERSECTION_OR_GEOMETRY,10.8501106,106.7737208,UTRAFFIC-HCM-V6,SOURCE_COORDINATE,SOURCE_BACKED
UTR_NODE_5755653754,UTraffic node 5755653754,INTERSECTION_OR_GEOMETRY,10.8496980,106.7721524,UTRAFFIC-HCM-V6,SOURCE_COORDINATE,SOURCE_BACKED
UTR_NODE_5755653755,UTraffic node 5755653755,INTERSECTION_OR_GEOMETRY,10.8496174,106.7721386,UTRAFFIC-HCM-V6,SOURCE_COORDINATE,SOURCE_BACKED
UTR_NODE_5755653756,UTraffic node 5755653756,INTERSECTION_OR_GEOMETRY,10.8496661,106.7719978,UTRAFFIC-HCM-V6,SOURCE_COORDINATE,SOURCE_BACKED
UTR_NODE_5755653758,UTraffic node 5755653758,INTERSECTION_OR_GEOMETRY,10.8496844,106.7717814,UTRAFFIC-HCM-V6,SOURCE_COORDINATE,SOURCE_BACKED
UTR_NODE_5757504170,UTraffic node 5757504170,INTERSECTION_OR_GEOMETRY,10.8455495,106.7286274,UTRAFFIC-HCM-V6,SOURCE_COORDINATE,SOURCE_BACKED
UTR_NODE_5757504173,UTraffic node 5757504173,INTERSECTION_OR_GEOMETRY,10.8459347,106.7287342,UTRAFFIC-HCM-V6,SOURCE_COORDINATE,SOURCE_BACKED
UTR_NODE_5757504531,UTraffic node 5757504531,INTERSECTION_OR_GEOMETRY,10.8456862,106.7250632,UTRAFFIC-HCM-V6,SOURCE_COORDINATE,SOURCE_BACKED
UTR_NODE_5757504533,UTraffic node 5757504533,INTERSECTION_OR_GEOMETRY,10.8463679,106.7234211,UTRAFFIC-HCM-V6,SOURCE_COORDINATE,SOURCE_BACKED
UTR_NODE_5757504537,UTraffic node 5757504537,INTERSECTION_OR_GEOMETRY,10.8466115,106.7229733,UTRAFFIC-HCM-V6,SOURCE_COORDINATE,SOURCE_BACKED
UTR_NODE_5757504548,UTraffic node 5757504548,INTERSECTION_OR_GEOMETRY,10.8478281,106.7207738,UTRAFFIC-HCM-V6,SOURCE_COORDINATE,SOURCE_BACKED
UTR_NODE_5757504551,UTraffic node 5757504551,INTERSECTION_OR_GEOMETRY,10.8485427,106.7201738,UTRAFFIC-HCM-V6,SOURCE_COORDINATE,SOURCE_BACKED
UTR_NODE_5757513187,UTraffic node 5757513187,INTERSECTION_OR_GEOMETRY,10.8530278,106.7800820,UTRAFFIC-HCM-V6,SOURCE_COORDINATE,SOURCE_BACKED
UTR_NODE_5757610857,UTraffic node 5757610857,INTERSECTION_OR_GEOMETRY,10.8454951,106.7258236,UTRAFFIC-HCM-V6,SOURCE_COORDINATE,SOURCE_BACKED
UTR_NODE_5757610861,UTraffic node 5757610861,INTERSECTION_OR_GEOMETRY,10.8458728,106.7244849,UTRAFFIC-HCM-V6,SOURCE_COORDINATE,SOURCE_BACKED
UTR_NODE_5757610867,UTraffic node 5757610867,INTERSECTION_OR_GEOMETRY,10.8461319,106.7238503,UTRAFFIC-HCM-V6,SOURCE_COORDINATE,SOURCE_BACKED
UTR_NODE_5757610913,UTraffic node 5757610913,INTERSECTION_OR_GEOMETRY,10.8470664,106.7221100,UTRAFFIC-HCM-V6,SOURCE_COORDINATE,SOURCE_BACKED
UTR_NODE_5757711926,UTraffic node 5757711926,INTERSECTION_OR_GEOMETRY,10.8456703,106.7251141,UTRAFFIC-HCM-V6,SOURCE_COORDINATE,SOURCE_BACKED
UTR_NODE_5757721441,UTraffic node 5757721441,INTERSECTION_OR_GEOMETRY,10.8506157,106.7294575,UTRAFFIC-HCM-V6,SOURCE_COORDINATE,SOURCE_BACKED
UTR_NODE_5757721465,UTraffic node 5757721465,INTERSECTION_OR_GEOMETRY,10.8472493,106.7289983,UTRAFFIC-HCM-V6,SOURCE_COORDINATE,SOURCE_BACKED
UTR_NODE_5757721473,UTraffic node 5757721473,INTERSECTION_OR_GEOMETRY,10.8468944,106.7289325,UTRAFFIC-HCM-V6,SOURCE_COORDINATE,SOURCE_BACKED
UTR_NODE_5757721493,UTraffic node 5757721493,INTERSECTION_OR_GEOMETRY,10.8511589,106.7295839,UTRAFFIC-HCM-V6,SOURCE_COORDINATE,SOURCE_BACKED
UTR_NODE_5757727772,UTraffic node 5757727772,INTERSECTION_OR_GEOMETRY,10.8457486,106.7286826,UTRAFFIC-HCM-V6,SOURCE_COORDINATE,SOURCE_BACKED
UTR_NODE_5757727775,UTraffic node 5757727775,INTERSECTION_OR_GEOMETRY,10.8461105,106.7287743,UTRAFFIC-HCM-V6,SOURCE_COORDINATE,SOURCE_BACKED
UTR_NODE_5757727777,UTraffic node 5757727777,INTERSECTION_OR_GEOMETRY,10.8462864,106.7288115,UTRAFFIC-HCM-V6,SOURCE_COORDINATE,SOURCE_BACKED
UTR_NODE_5757727784,UTraffic node 5757727784,INTERSECTION_OR_GEOMETRY,10.8471282,106.7289770,UTRAFFIC-HCM-V6,SOURCE_COORDINATE,SOURCE_BACKED
UTR_NODE_5757727786,UTraffic node 5757727786,INTERSECTION_OR_GEOMETRY,10.8492677,106.7292145,UTRAFFIC-HCM-V6,SOURCE_COORDINATE,SOURCE_BACKED
UTR_NODE_5757727788,UTraffic node 5757727788,INTERSECTION_OR_GEOMETRY,10.8503812,106.7294043,UTRAFFIC-HCM-V6,SOURCE_COORDINATE,SOURCE_BACKED
UTR_NODE_5757756772,UTraffic node 5757756772,INTERSECTION_OR_GEOMETRY,10.8760141,106.7268322,UTRAFFIC-HCM-V6,SOURCE_COORDINATE,SOURCE_BACKED
UTR_NODE_5757756783,UTraffic node 5757756783,INTERSECTION_OR_GEOMETRY,10.8752180,106.7276168,UTRAFFIC-HCM-V6,SOURCE_COORDINATE,SOURCE_BACKED
UTR_NODE_5757756784,UTraffic node 5757756784,INTERSECTION_OR_GEOMETRY,10.8760037,106.7268425,UTRAFFIC-HCM-V6,SOURCE_COORDINATE,SOURCE_BACKED
UTR_NODE_5757756785,UTraffic node 5757756785,INTERSECTION_OR_GEOMETRY,10.8752469,106.7275872,UTRAFFIC-HCM-V6,SOURCE_COORDINATE,SOURCE_BACKED
UTR_NODE_5757756786,UTraffic node 5757756786,INTERSECTION_OR_GEOMETRY,10.8724270,106.7257297,UTRAFFIC-HCM-V6,SOURCE_COORDINATE,SOURCE_BACKED
UTR_NODE_5757756787,UTraffic node 5757756787,INTERSECTION_OR_GEOMETRY,10.8721162,106.7258960,UTRAFFIC-HCM-V6,SOURCE_COORDINATE,SOURCE_BACKED
UTR_NODE_5757756811,UTraffic node 5757756811,INTERSECTION_OR_GEOMETRY,10.8755291,106.7273089,UTRAFFIC-HCM-V6,SOURCE_COORDINATE,SOURCE_BACKED
UTR_NODE_5757756812,UTraffic node 5757756812,INTERSECTION_OR_GEOMETRY,10.8768151,106.7260723,UTRAFFIC-HCM-V6,SOURCE_COORDINATE,SOURCE_BACKED
UTR_NODE_5757756819,UTraffic node 5757756819,INTERSECTION_OR_GEOMETRY,10.8764862,106.7263683,UTRAFFIC-HCM-V6,SOURCE_COORDINATE,SOURCE_BACKED
UTR_NODE_5757757123,UTraffic node 5757757123,INTERSECTION_OR_GEOMETRY,10.8748114,106.7280139,UTRAFFIC-HCM-V6,SOURCE_COORDINATE,SOURCE_BACKED
UTR_NODE_5757757147,UTraffic node 5757757147,INTERSECTION_OR_GEOMETRY,10.8760438,106.7268030,UTRAFFIC-HCM-V6,SOURCE_COORDINATE,SOURCE_BACKED
UTR_NODE_5757757151,UTraffic node 5757757151,INTERSECTION_OR_GEOMETRY,10.8757866,106.7270559,UTRAFFIC-HCM-V6,SOURCE_COORDINATE,SOURCE_BACKED
UTR_NODE_5757763475,UTraffic node 5757763475,INTERSECTION_OR_GEOMETRY,10.8753295,106.7275051,UTRAFFIC-HCM-V6,SOURCE_COORDINATE,SOURCE_BACKED
UTR_NODE_5757800641,UTraffic node 5757800641,INTERSECTION_OR_GEOMETRY,10.8465914,106.7288714,UTRAFFIC-HCM-V6,SOURCE_COORDINATE,SOURCE_BACKED
UTR_NODE_5757800699,UTraffic node 5757800699,INTERSECTION_OR_GEOMETRY,10.8512168,106.7295894,UTRAFFIC-HCM-V6,SOURCE_COORDINATE,SOURCE_BACKED
UTR_NODE_5757800720,UTraffic node 5757800720,INTERSECTION_OR_GEOMETRY,10.8454389,106.7285968,UTRAFFIC-HCM-V6,SOURCE_COORDINATE,SOURCE_BACKED
UTR_NODE_5757826016,UTraffic node 5757826016,INTERSECTION_OR_GEOMETRY,10.8498341,106.7474453,UTRAFFIC-HCM-V6,SOURCE_COORDINATE,SOURCE_BACKED
UTR_NODE_5757826332,UTraffic node 5757826332,INTERSECTION_OR_GEOMETRY,10.8765335,106.7319767,UTRAFFIC-HCM-V6,SOURCE_COORDINATE,SOURCE_BACKED
UTR_NODE_5757826335,UTraffic node 5757826335,INTERSECTION_OR_GEOMETRY,10.8767652,106.7319843,UTRAFFIC-HCM-V6,SOURCE_COORDINATE,SOURCE_BACKED
UTR_NODE_5757826352,UTraffic node 5757826352,INTERSECTION_OR_GEOMETRY,10.8741509,106.7320462,UTRAFFIC-HCM-V6,SOURCE_COORDINATE,SOURCE_BACKED
UTR_NODE_5757826358,UTraffic node 5757826358,INTERSECTION_OR_GEOMETRY,10.8734637,106.7297540,UTRAFFIC-HCM-V6,SOURCE_COORDINATE,SOURCE_BACKED
UTR_NODE_5757826378,UTraffic node 5757826378,INTERSECTION_OR_GEOMETRY,10.8746969,106.7312498,UTRAFFIC-HCM-V6,SOURCE_COORDINATE,SOURCE_BACKED
UTR_NODE_5757826394,UTraffic node 5757826394,INTERSECTION_OR_GEOMETRY,10.8733635,106.7322193,UTRAFFIC-HCM-V6,SOURCE_COORDINATE,SOURCE_BACKED
UTR_NODE_5757826399,UTraffic node 5757826399,INTERSECTION_OR_GEOMETRY,10.8737689,106.7292066,UTRAFFIC-HCM-V6,SOURCE_COORDINATE,SOURCE_BACKED
UTR_NODE_5757826401,UTraffic node 5757826401,INTERSECTION_OR_GEOMETRY,10.8740431,106.7288177,UTRAFFIC-HCM-V6,SOURCE_COORDINATE,SOURCE_BACKED
UTR_NODE_5757826409,UTraffic node 5757826409,INTERSECTION_OR_GEOMETRY,10.8744622,106.7309403,UTRAFFIC-HCM-V6,SOURCE_COORDINATE,SOURCE_BACKED
UTR_NODE_5757827524,UTraffic node 5757827524,INTERSECTION_OR_GEOMETRY,10.8484235,106.7469209,UTRAFFIC-HCM-V6,SOURCE_COORDINATE,SOURCE_BACKED
UTR_NODE_5757827539,UTraffic node 5757827539,INTERSECTION_OR_GEOMETRY,10.8487419,106.7470393,UTRAFFIC-HCM-V6,SOURCE_COORDINATE,SOURCE_BACKED
UTR_NODE_5757885335,UTraffic node 5757885335,INTERSECTION_OR_GEOMETRY,10.8745677,106.7319400,UTRAFFIC-HCM-V6,SOURCE_COORDINATE,SOURCE_BACKED
UTR_NODE_5757885338,UTraffic node 5757885338,INTERSECTION_OR_GEOMETRY,10.8743486,106.7284439,UTRAFFIC-HCM-V6,SOURCE_COORDINATE,SOURCE_BACKED
UTR_NODE_5757885634,UTraffic node 5757885634,INTERSECTION_OR_GEOMETRY,10.8743202,106.7320031,UTRAFFIC-HCM-V6,SOURCE_COORDINATE,SOURCE_BACKED
UTR_NODE_5757986968,UTraffic node 5757986968,INTERSECTION_OR_GEOMETRY,10.8477071,106.7466598,UTRAFFIC-HCM-V6,SOURCE_COORDINATE,SOURCE_BACKED
UTR_NODE_5757986987,UTraffic node 5757986987,INTERSECTION_OR_GEOMETRY,10.8510011,106.7478729,UTRAFFIC-HCM-V6,SOURCE_COORDINATE,SOURCE_BACKED
UTR_NODE_5757987006,UTraffic node 5757987006,INTERSECTION_OR_GEOMETRY,10.8500860,106.7475399,UTRAFFIC-HCM-V6,SOURCE_COORDINATE,SOURCE_BACKED
UTR_NODE_5757987019,UTraffic node 5757987019,INTERSECTION_OR_GEOMETRY,10.8459980,106.7470697,UTRAFFIC-HCM-V6,SOURCE_COORDINATE,SOURCE_BACKED
UTR_NODE_5757992436,UTraffic node 5757992436,INTERSECTION_OR_GEOMETRY,10.8483606,106.7468975,UTRAFFIC-HCM-V6,SOURCE_COORDINATE,SOURCE_BACKED
UTR_NODE_5758012006,UTraffic node 5758012006,INTERSECTION_OR_GEOMETRY,10.8474863,106.7465898,UTRAFFIC-HCM-V6,SOURCE_COORDINATE,SOURCE_BACKED
UTR_NODE_5758017694,UTraffic node 5758017694,INTERSECTION_OR_GEOMETRY,10.8720859,106.7401063,UTRAFFIC-HCM-V6,SOURCE_COORDINATE,SOURCE_BACKED
UTR_NODE_5758017696,UTraffic node 5758017696,INTERSECTION_OR_GEOMETRY,10.8725797,106.7422740,UTRAFFIC-HCM-V6,SOURCE_COORDINATE,SOURCE_BACKED
UTR_NODE_5758017707,UTraffic node 5758017707,INTERSECTION_OR_GEOMETRY,10.8721803,106.7406187,UTRAFFIC-HCM-V6,SOURCE_COORDINATE,SOURCE_BACKED
UTR_NODE_5758019623,UTraffic node 5758019623,INTERSECTION_OR_GEOMETRY,10.8724031,106.7416258,UTRAFFIC-HCM-V6,SOURCE_COORDINATE,SOURCE_BACKED
UTR_NODE_5758041252,UTraffic node 5758041252,INTERSECTION_OR_GEOMETRY,10.8511306,106.7559262,UTRAFFIC-HCM-V6,SOURCE_COORDINATE,SOURCE_BACKED
UTR_NODE_5758041253,UTraffic node 5758041253,INTERSECTION_OR_GEOMETRY,10.8511346,106.7560336,UTRAFFIC-HCM-V6,SOURCE_COORDINATE,SOURCE_BACKED
UTR_NODE_5758041254,UTraffic node 5758041254,INTERSECTION_OR_GEOMETRY,10.8492447,106.7588569,UTRAFFIC-HCM-V6,SOURCE_COORDINATE,SOURCE_BACKED
UTR_NODE_5758041255,UTraffic node 5758041255,INTERSECTION_OR_GEOMETRY,10.8485720,106.7593230,UTRAFFIC-HCM-V6,SOURCE_COORDINATE,SOURCE_BACKED
UTR_NODE_5758041256,UTraffic node 5758041256,INTERSECTION_OR_GEOMETRY,10.8489804,106.7589677,UTRAFFIC-HCM-V6,SOURCE_COORDINATE,SOURCE_BACKED
UTR_NODE_5758041257,UTraffic node 5758041257,INTERSECTION_OR_GEOMETRY,10.8488212,106.7591020,UTRAFFIC-HCM-V6,SOURCE_COORDINATE,SOURCE_BACKED
UTR_NODE_5758041258,UTraffic node 5758041258,INTERSECTION_OR_GEOMETRY,10.8505984,106.7586699,UTRAFFIC-HCM-V6,SOURCE_COORDINATE,SOURCE_BACKED
UTR_NODE_5758041259,UTraffic node 5758041259,INTERSECTION_OR_GEOMETRY,10.8509701,106.7580574,UTRAFFIC-HCM-V6,SOURCE_COORDINATE,SOURCE_BACKED
UTR_NODE_5758041260,UTraffic node 5758041260,INTERSECTION_OR_GEOMETRY,10.8511526,106.7554761,UTRAFFIC-HCM-V6,SOURCE_COORDINATE,SOURCE_BACKED
UTR_NODE_5758041261,UTraffic node 5758041261,INTERSECTION_OR_GEOMETRY,10.8511277,106.7558304,UTRAFFIC-HCM-V6,SOURCE_COORDINATE,SOURCE_BACKED
UTR_NODE_5758041262,UTraffic node 5758041262,INTERSECTION_OR_GEOMETRY,10.8512498,106.7570876,UTRAFFIC-HCM-V6,SOURCE_COORDINATE,SOURCE_BACKED
UTR_NODE_5758041263,UTraffic node 5758041263,INTERSECTION_OR_GEOMETRY,10.8511374,106.7575574,UTRAFFIC-HCM-V6,SOURCE_COORDINATE,SOURCE_BACKED
UTR_NODE_5758041264,UTraffic node 5758041264,INTERSECTION_OR_GEOMETRY,10.8511402,106.7561144,UTRAFFIC-HCM-V6,SOURCE_COORDINATE,SOURCE_BACKED
UTR_NODE_5758041265,UTraffic node 5758041265,INTERSECTION_OR_GEOMETRY,10.8511369,106.7557775,UTRAFFIC-HCM-V6,SOURCE_COORDINATE,SOURCE_BACKED
UTR_NODE_5758041266,UTraffic node 5758041266,INTERSECTION_OR_GEOMETRY,10.8511418,106.7556645,UTRAFFIC-HCM-V6,SOURCE_COORDINATE,SOURCE_BACKED
UTR_NODE_5758041267,UTraffic node 5758041267,INTERSECTION_OR_GEOMETRY,10.8511813,106.7551817,UTRAFFIC-HCM-V6,SOURCE_COORDINATE,SOURCE_BACKED
UTR_NODE_5758041268,UTraffic node 5758041268,INTERSECTION_OR_GEOMETRY,10.8511579,106.7554506,UTRAFFIC-HCM-V6,SOURCE_COORDINATE,SOURCE_BACKED
UTR_NODE_5758041269,UTraffic node 5758041269,INTERSECTION_OR_GEOMETRY,10.8511326,106.7559921,UTRAFFIC-HCM-V6,SOURCE_COORDINATE,SOURCE_BACKED
UTR_NODE_5758041279,UTraffic node 5758041279,INTERSECTION_OR_GEOMETRY,10.8512270,106.7566862,UTRAFFIC-HCM-V6,SOURCE_COORDINATE,SOURCE_BACKED
UTR_NODE_5758041283,UTraffic node 5758041283,INTERSECTION_OR_GEOMETRY,10.8513009,106.7501355,UTRAFFIC-HCM-V6,SOURCE_COORDINATE,SOURCE_BACKED
UTR_NODE_5758041286,UTraffic node 5758041286,INTERSECTION_OR_GEOMETRY,10.8500195,106.7529707,UTRAFFIC-HCM-V6,SOURCE_COORDINATE,SOURCE_BACKED
UTR_NODE_5758041296,UTraffic node 5758041296,INTERSECTION_OR_GEOMETRY,10.8483044,106.7527423,UTRAFFIC-HCM-V6,SOURCE_COORDINATE,SOURCE_BACKED
UTR_NODE_5758041297,UTraffic node 5758041297,INTERSECTION_OR_GEOMETRY,10.8487665,106.7531191,UTRAFFIC-HCM-V6,SOURCE_COORDINATE,SOURCE_BACKED
UTR_NODE_5758041304,UTraffic node 5758041304,INTERSECTION_OR_GEOMETRY,10.8462501,106.7507400,UTRAFFIC-HCM-V6,SOURCE_COORDINATE,SOURCE_BACKED
UTR_NODE_5758041317,UTraffic node 5758041317,INTERSECTION_OR_GEOMETRY,10.8503536,106.7476361,UTRAFFIC-HCM-V6,SOURCE_COORDINATE,SOURCE_BACKED
UTR_NODE_5758041722,UTraffic node 5758041722,INTERSECTION_OR_GEOMETRY,10.8504629,106.7496484,UTRAFFIC-HCM-V6,SOURCE_COORDINATE,SOURCE_BACKED
UTR_NODE_5758041729,UTraffic node 5758041729,INTERSECTION_OR_GEOMETRY,10.8487229,106.7486371,UTRAFFIC-HCM-V6,SOURCE_COORDINATE,SOURCE_BACKED
UTR_NODE_5758041732,UTraffic node 5758041732,INTERSECTION_OR_GEOMETRY,10.8480673,106.7482517,UTRAFFIC-HCM-V6,SOURCE_COORDINATE,SOURCE_BACKED
UTR_NODE_5758137704,UTraffic node 5758137704,INTERSECTION_OR_GEOMETRY,10.8753811,106.7518075,UTRAFFIC-HCM-V6,SOURCE_COORDINATE,SOURCE_BACKED
UTR_NODE_5758137718,UTraffic node 5758137718,INTERSECTION_OR_GEOMETRY,10.8753316,106.7516661,UTRAFFIC-HCM-V6,SOURCE_COORDINATE,SOURCE_BACKED
UTR_NODE_5758138434,UTraffic node 5758138434,INTERSECTION_OR_GEOMETRY,10.8739158,106.7467200,UTRAFFIC-HCM-V6,SOURCE_COORDINATE,SOURCE_BACKED
UTR_NODE_5758138442,UTraffic node 5758138442,INTERSECTION_OR_GEOMETRY,10.8752236,106.7514385,UTRAFFIC-HCM-V6,SOURCE_COORDINATE,SOURCE_BACKED
UTR_NODE_5758161271,UTraffic node 5758161271,INTERSECTION_OR_GEOMETRY,10.8550659,106.7554152,UTRAFFIC-HCM-V6,SOURCE_COORDINATE,SOURCE_BACKED
UTR_NODE_5758161289,UTraffic node 5758161289,INTERSECTION_OR_GEOMETRY,10.8471293,106.7516468,UTRAFFIC-HCM-V6,SOURCE_COORDINATE,SOURCE_BACKED
UTR_NODE_5758161293,UTraffic node 5758161293,INTERSECTION_OR_GEOMETRY,10.8465092,106.7473663,UTRAFFIC-HCM-V6,SOURCE_COORDINATE,SOURCE_BACKED
UTR_NODE_5758161299,UTraffic node 5758161299,INTERSECTION_OR_GEOMETRY,10.8471705,106.7516910,UTRAFFIC-HCM-V6,SOURCE_COORDINATE,SOURCE_BACKED
UTR_NODE_5758161623,UTraffic node 5758161623,INTERSECTION_OR_GEOMETRY,10.8467284,106.7512159,UTRAFFIC-HCM-V6,SOURCE_COORDINATE,SOURCE_BACKED
UTR_NODE_5762593067,UTraffic node 5762593067,INTERSECTION_OR_GEOMETRY,10.8505032,106.7668324,UTRAFFIC-HCM-V6,SOURCE_COORDINATE,SOURCE_BACKED
UTR_NODE_5762593074,UTraffic node 5762593074,INTERSECTION_OR_GEOMETRY,10.8505874,106.7659967,UTRAFFIC-HCM-V6,SOURCE_COORDINATE,SOURCE_BACKED
UTR_NODE_5762593079,UTraffic node 5762593079,INTERSECTION_OR_GEOMETRY,10.8505048,106.7614694,UTRAFFIC-HCM-V6,SOURCE_COORDINATE,SOURCE_BACKED
UTR_NODE_5762593083,UTraffic node 5762593083,INTERSECTION_OR_GEOMETRY,10.8505352,106.7605813,UTRAFFIC-HCM-V6,SOURCE_COORDINATE,SOURCE_BACKED
UTR_NODE_5762600143,UTraffic node 5762600143,INTERSECTION_OR_GEOMETRY,10.8774452,106.7502506,UTRAFFIC-HCM-V6,SOURCE_COORDINATE,SOURCE_BACKED
UTR_NODE_5762600144,UTraffic node 5762600144,INTERSECTION_OR_GEOMETRY,10.8786308,106.7493144,UTRAFFIC-HCM-V6,SOURCE_COORDINATE,SOURCE_BACKED
UTR_NODE_5762600145,UTraffic node 5762600145,INTERSECTION_OR_GEOMETRY,10.8776782,106.7500662,UTRAFFIC-HCM-V6,SOURCE_COORDINATE,SOURCE_BACKED
UTR_NODE_5762600146,UTraffic node 5762600146,INTERSECTION_OR_GEOMETRY,10.8781064,106.7497570,UTRAFFIC-HCM-V6,SOURCE_COORDINATE,SOURCE_BACKED
UTR_NODE_5762600148,UTraffic node 5762600148,INTERSECTION_OR_GEOMETRY,10.8755149,106.7570452,UTRAFFIC-HCM-V6,SOURCE_COORDINATE,SOURCE_BACKED
UTR_NODE_5762600151,UTraffic node 5762600151,INTERSECTION_OR_GEOMETRY,10.8756040,106.7574144,UTRAFFIC-HCM-V6,SOURCE_COORDINATE,SOURCE_BACKED
UTR_NODE_5762601953,UTraffic node 5762601953,INTERSECTION_OR_GEOMETRY,10.8756240,106.7573050,UTRAFFIC-HCM-V6,SOURCE_COORDINATE,SOURCE_BACKED
UTR_NODE_5762601971,UTraffic node 5762601971,INTERSECTION_OR_GEOMETRY,10.8740318,106.7535391,UTRAFFIC-HCM-V6,SOURCE_COORDINATE,SOURCE_BACKED
UTR_NODE_5762601974,UTraffic node 5762601974,INTERSECTION_OR_GEOMETRY,10.8722658,106.7546076,UTRAFFIC-HCM-V6,SOURCE_COORDINATE,SOURCE_BACKED
UTR_NODE_5762601977,UTraffic node 5762601977,INTERSECTION_OR_GEOMETRY,10.8729177,106.7542063,UTRAFFIC-HCM-V6,SOURCE_COORDINATE,SOURCE_BACKED
UTR_NODE_5762601984,UTraffic node 5762601984,INTERSECTION_OR_GEOMETRY,10.8737391,106.7537143,UTRAFFIC-HCM-V6,SOURCE_COORDINATE,SOURCE_BACKED
UTR_NODE_5762601986,UTraffic node 5762601986,INTERSECTION_OR_GEOMETRY,10.8735359,106.7584312,UTRAFFIC-HCM-V6,SOURCE_COORDINATE,SOURCE_BACKED
UTR_NODE_5762601988,UTraffic node 5762601988,INTERSECTION_OR_GEOMETRY,10.8733338,106.7583935,UTRAFFIC-HCM-V6,SOURCE_COORDINATE,SOURCE_BACKED
UTR_NODE_5762601994,UTraffic node 5762601994,INTERSECTION_OR_GEOMETRY,10.8756061,106.7565710,UTRAFFIC-HCM-V6,SOURCE_COORDINATE,SOURCE_BACKED
UTR_NODE_5762601996,UTraffic node 5762601996,INTERSECTION_OR_GEOMETRY,10.8758460,106.7549041,UTRAFFIC-HCM-V6,SOURCE_COORDINATE,SOURCE_BACKED
UTR_NODE_5762601997,UTraffic node 5762601997,INTERSECTION_OR_GEOMETRY,10.8759077,106.7549729,UTRAFFIC-HCM-V6,SOURCE_COORDINATE,SOURCE_BACKED
UTR_NODE_5762609744,UTraffic node 5762609744,INTERSECTION_OR_GEOMETRY,10.8503303,106.7673348,UTRAFFIC-HCM-V6,SOURCE_COORDINATE,SOURCE_BACKED
UTR_NODE_5762610255,UTraffic node 5762610255,INTERSECTION_OR_GEOMETRY,10.8498999,106.7587390,UTRAFFIC-HCM-V6,SOURCE_COORDINATE,SOURCE_BACKED
UTR_NODE_5762610256,UTraffic node 5762610256,INTERSECTION_OR_GEOMETRY,10.8506045,106.7655226,UTRAFFIC-HCM-V6,SOURCE_COORDINATE,SOURCE_BACKED
UTR_NODE_5762610261,UTraffic node 5762610261,INTERSECTION_OR_GEOMETRY,10.8506618,106.7650663,UTRAFFIC-HCM-V6,SOURCE_COORDINATE,SOURCE_BACKED
UTR_NODE_5762610266,UTraffic node 5762610266,INTERSECTION_OR_GEOMETRY,10.8505793,106.7661050,UTRAFFIC-HCM-V6,SOURCE_COORDINATE,SOURCE_BACKED
UTR_NODE_5762610268,UTraffic node 5762610268,INTERSECTION_OR_GEOMETRY,10.8506056,106.7654908,UTRAFFIC-HCM-V6,SOURCE_COORDINATE,SOURCE_BACKED
UTR_NODE_5762610270,UTraffic node 5762610270,INTERSECTION_OR_GEOMETRY,10.8507057,106.7644072,UTRAFFIC-HCM-V6,SOURCE_COORDINATE,SOURCE_BACKED
UTR_NODE_5762610277,UTraffic node 5762610277,INTERSECTION_OR_GEOMETRY,10.8505291,106.7586728,UTRAFFIC-HCM-V6,SOURCE_COORDINATE,SOURCE_BACKED
UTR_NODE_5762613598,UTraffic node 5762613598,INTERSECTION_OR_GEOMETRY,10.8756909,106.7568722,UTRAFFIC-HCM-V6,SOURCE_COORDINATE,SOURCE_BACKED
UTR_NODE_5762613599,UTraffic node 5762613599,INTERSECTION_OR_GEOMETRY,10.8755207,106.7522382,UTRAFFIC-HCM-V6,SOURCE_COORDINATE,SOURCE_BACKED
UTR_NODE_5762626727,UTraffic node 5762626727,INTERSECTION_OR_GEOMETRY,10.8506968,106.7645707,UTRAFFIC-HCM-V6,SOURCE_COORDINATE,SOURCE_BACKED
UTR_NODE_5762626728,UTraffic node 5762626728,INTERSECTION_OR_GEOMETRY,10.8460567,106.7613529,UTRAFFIC-HCM-V6,SOURCE_COORDINATE,SOURCE_BACKED
UTR_NODE_5762626729,UTraffic node 5762626729,INTERSECTION_OR_GEOMETRY,10.8467675,106.7609349,UTRAFFIC-HCM-V6,SOURCE_COORDINATE,SOURCE_BACKED
UTR_NODE_5762626733,UTraffic node 5762626733,INTERSECTION_OR_GEOMETRY,10.8485255,106.7593703,UTRAFFIC-HCM-V6,SOURCE_COORDINATE,SOURCE_BACKED
UTR_NODE_5762626858,UTraffic node 5762626858,INTERSECTION_OR_GEOMETRY,10.8508203,106.7633565,UTRAFFIC-HCM-V6,SOURCE_COORDINATE,SOURCE_BACKED
UTR_NODE_5762626861,UTraffic node 5762626861,INTERSECTION_OR_GEOMETRY,10.8506948,106.7646074,UTRAFFIC-HCM-V6,SOURCE_COORDINATE,SOURCE_BACKED
UTR_NODE_5762654799,UTraffic node 5762654799,INTERSECTION_OR_GEOMETRY,10.8738997,106.7628863,UTRAFFIC-HCM-V6,SOURCE_COORDINATE,SOURCE_BACKED
UTR_NODE_5762654803,UTraffic node 5762654803,INTERSECTION_OR_GEOMETRY,10.8742781,106.7619422,UTRAFFIC-HCM-V6,SOURCE_COORDINATE,SOURCE_BACKED
UTR_NODE_5762654805,UTraffic node 5762654805,INTERSECTION_OR_GEOMETRY,10.8742065,106.7621560,UTRAFFIC-HCM-V6,SOURCE_COORDINATE,SOURCE_BACKED
UTR_NODE_5762654832,UTraffic node 5762654832,INTERSECTION_OR_GEOMETRY,10.8748056,106.7602667,UTRAFFIC-HCM-V6,SOURCE_COORDINATE,SOURCE_BACKED
UTR_NODE_5762654834,UTraffic node 5762654834,INTERSECTION_OR_GEOMETRY,10.8739521,106.7585386,UTRAFFIC-HCM-V6,SOURCE_COORDINATE,SOURCE_BACKED
UTR_NODE_5762654844,UTraffic node 5762654844,INTERSECTION_OR_GEOMETRY,10.8743386,106.7617811,UTRAFFIC-HCM-V6,SOURCE_COORDINATE,SOURCE_BACKED
UTR_NODE_5762654852,UTraffic node 5762654852,INTERSECTION_OR_GEOMETRY,10.8741041,106.7624556,UTRAFFIC-HCM-V6,SOURCE_COORDINATE,SOURCE_BACKED
UTR_NODE_5762654859,UTraffic node 5762654859,INTERSECTION_OR_GEOMETRY,10.8728996,106.7648541,UTRAFFIC-HCM-V6,SOURCE_COORDINATE,SOURCE_BACKED
UTR_NODE_5762654860,UTraffic node 5762654860,INTERSECTION_OR_GEOMETRY,10.8728180,106.7648031,UTRAFFIC-HCM-V6,SOURCE_COORDINATE,SOURCE_BACKED
UTR_NODE_5762654871,UTraffic node 5762654871,INTERSECTION_OR_GEOMETRY,10.8736885,106.7634763,UTRAFFIC-HCM-V6,SOURCE_COORDINATE,SOURCE_BACKED
UTR_NODE_5762654878,UTraffic node 5762654878,INTERSECTION_OR_GEOMETRY,10.8742146,106.7625553,UTRAFFIC-HCM-V6,SOURCE_COORDINATE,SOURCE_BACKED
UTR_NODE_5762697165,UTraffic node 5762697165,INTERSECTION_OR_GEOMETRY,10.8749888,106.7600289,UTRAFFIC-HCM-V6,SOURCE_COORDINATE,SOURCE_BACKED
UTR_NODE_5762697167,UTraffic node 5762697167,INTERSECTION_OR_GEOMETRY,10.8752661,106.7590366,UTRAFFIC-HCM-V6,SOURCE_COORDINATE,SOURCE_BACKED
UTR_NODE_5762723953,UTraffic node 5762723953,INTERSECTION_OR_GEOMETRY,10.8457048,106.7250027,UTRAFFIC-HCM-V6,SOURCE_COORDINATE,SOURCE_BACKED
UTR_NODE_5762743743,UTraffic node 5762743743,INTERSECTION_OR_GEOMETRY,10.8541434,106.7324862,UTRAFFIC-HCM-V6,SOURCE_COORDINATE,SOURCE_BACKED
UTR_NODE_5762743746,UTraffic node 5762743746,INTERSECTION_OR_GEOMETRY,10.8520963,106.7298240,UTRAFFIC-HCM-V6,SOURCE_COORDINATE,SOURCE_BACKED
UTR_NODE_5762744068,UTraffic node 5762744068,INTERSECTION_OR_GEOMETRY,10.8516727,106.7297088,UTRAFFIC-HCM-V6,SOURCE_COORDINATE,SOURCE_BACKED
UTR_NODE_5762744077,UTraffic node 5762744077,INTERSECTION_OR_GEOMETRY,10.8544538,106.7334759,UTRAFFIC-HCM-V6,SOURCE_COORDINATE,SOURCE_BACKED
UTR_NODE_5762744081,UTraffic node 5762744081,INTERSECTION_OR_GEOMETRY,10.8546218,106.7340918,UTRAFFIC-HCM-V6,SOURCE_COORDINATE,SOURCE_BACKED
UTR_NODE_5762744100,UTraffic node 5762744100,INTERSECTION_OR_GEOMETRY,10.8532263,106.7305645,UTRAFFIC-HCM-V6,SOURCE_COORDINATE,SOURCE_BACKED
UTR_NODE_5762744102,UTraffic node 5762744102,INTERSECTION_OR_GEOMETRY,10.8540654,106.7322674,UTRAFFIC-HCM-V6,SOURCE_COORDINATE,SOURCE_BACKED
UTR_NODE_5762744103,UTraffic node 5762744103,INTERSECTION_OR_GEOMETRY,10.8552937,106.7355960,UTRAFFIC-HCM-V6,SOURCE_COORDINATE,SOURCE_BACKED
UTR_NODE_5762744116,UTraffic node 5762744116,INTERSECTION_OR_GEOMETRY,10.8530013,106.7302039,UTRAFFIC-HCM-V6,SOURCE_COORDINATE,SOURCE_BACKED
UTR_NODE_5762744119,UTraffic node 5762744119,INTERSECTION_OR_GEOMETRY,10.8551141,106.7350651,UTRAFFIC-HCM-V6,SOURCE_COORDINATE,SOURCE_BACKED
UTR_NODE_5762744156,UTraffic node 5762744156,INTERSECTION_OR_GEOMETRY,10.8536360,106.7313874,UTRAFFIC-HCM-V6,SOURCE_COORDINATE,SOURCE_BACKED
UTR_NODE_5762744162,UTraffic node 5762744162,INTERSECTION_OR_GEOMETRY,10.8539125,106.7319426,UTRAFFIC-HCM-V6,SOURCE_COORDINATE,SOURCE_BACKED
UTR_NODE_5762744176,UTraffic node 5762744176,INTERSECTION_OR_GEOMETRY,10.8522541,106.7298645,UTRAFFIC-HCM-V6,SOURCE_COORDINATE,SOURCE_BACKED
UTR_NODE_5762744182,UTraffic node 5762744182,INTERSECTION_OR_GEOMETRY,10.8531432,106.7303446,UTRAFFIC-HCM-V6,SOURCE_COORDINATE,SOURCE_BACKED
UTR_NODE_5762775772,UTraffic node 5762775772,INTERSECTION_OR_GEOMETRY,10.8514570,106.7480401,UTRAFFIC-HCM-V6,SOURCE_COORDINATE,SOURCE_BACKED
UTR_NODE_5762874756,UTraffic node 5762874756,INTERSECTION_OR_GEOMETRY,10.8593189,106.7595237,UTRAFFIC-HCM-V6,SOURCE_COORDINATE,SOURCE_BACKED
UTR_NODE_5762874757,UTraffic node 5762874757,INTERSECTION_OR_GEOMETRY,10.8586347,106.7589768,UTRAFFIC-HCM-V6,SOURCE_COORDINATE,SOURCE_BACKED
UTR_NODE_5762874758,UTraffic node 5762874758,INTERSECTION_OR_GEOMETRY,10.8580864,106.7583188,UTRAFFIC-HCM-V6,SOURCE_COORDINATE,SOURCE_BACKED
UTR_NODE_5762874759,UTraffic node 5762874759,INTERSECTION_OR_GEOMETRY,10.8579008,106.7577094,UTRAFFIC-HCM-V6,SOURCE_COORDINATE,SOURCE_BACKED
UTR_NODE_5762874760,UTraffic node 5762874760,INTERSECTION_OR_GEOMETRY,10.8577443,106.7574227,UTRAFFIC-HCM-V6,SOURCE_COORDINATE,SOURCE_BACKED
UTR_NODE_5762874761,UTraffic node 5762874761,INTERSECTION_OR_GEOMETRY,10.8575297,106.7572295,UTRAFFIC-HCM-V6,SOURCE_COORDINATE,SOURCE_BACKED
UTR_NODE_5762874762,UTraffic node 5762874762,INTERSECTION_OR_GEOMETRY,10.8575400,106.7572314,UTRAFFIC-HCM-V6,SOURCE_COORDINATE,SOURCE_BACKED
UTR_NODE_5762874763,UTraffic node 5762874763,INTERSECTION_OR_GEOMETRY,10.8570633,106.7570019,UTRAFFIC-HCM-V6,SOURCE_COORDINATE,SOURCE_BACKED
UTR_NODE_5762874764,UTraffic node 5762874764,INTERSECTION_OR_GEOMETRY,10.8568477,106.7569090,UTRAFFIC-HCM-V6,SOURCE_COORDINATE,SOURCE_BACKED
UTR_NODE_5762874765,UTraffic node 5762874765,INTERSECTION_OR_GEOMETRY,10.8567185,106.7568205,UTRAFFIC-HCM-V6,SOURCE_COORDINATE,SOURCE_BACKED
UTR_NODE_5762874766,UTraffic node 5762874766,INTERSECTION_OR_GEOMETRY,10.8561967,106.7564014,UTRAFFIC-HCM-V6,SOURCE_COORDINATE,SOURCE_BACKED
UTR_NODE_5762874767,UTraffic node 5762874767,INTERSECTION_OR_GEOMETRY,10.8554494,106.7557523,UTRAFFIC-HCM-V6,SOURCE_COORDINATE,SOURCE_BACKED
UTR_NODE_5762874768,UTraffic node 5762874768,INTERSECTION_OR_GEOMETRY,10.8555416,106.7558166,UTRAFFIC-HCM-V6,SOURCE_COORDINATE,SOURCE_BACKED
UTR_NODE_5762874769,UTraffic node 5762874769,INTERSECTION_OR_GEOMETRY,10.8512321,106.7549537,UTRAFFIC-HCM-V6,SOURCE_COORDINATE,SOURCE_BACKED
UTR_NODE_5762874770,UTraffic node 5762874770,INTERSECTION_OR_GEOMETRY,10.8512184,106.7549115,UTRAFFIC-HCM-V6,SOURCE_COORDINATE,SOURCE_BACKED
UTR_NODE_5762874771,UTraffic node 5762874771,INTERSECTION_OR_GEOMETRY,10.8515211,106.7548926,UTRAFFIC-HCM-V6,SOURCE_COORDINATE,SOURCE_BACKED
UTR_NODE_5762874772,UTraffic node 5762874772,INTERSECTION_OR_GEOMETRY,10.8524285,106.7547035,UTRAFFIC-HCM-V6,SOURCE_COORDINATE,SOURCE_BACKED
UTR_NODE_5762874773,UTraffic node 5762874773,INTERSECTION_OR_GEOMETRY,10.8528730,106.7546167,UTRAFFIC-HCM-V6,SOURCE_COORDINATE,SOURCE_BACKED
UTR_NODE_5762874774,UTraffic node 5762874774,INTERSECTION_OR_GEOMETRY,10.8533070,106.7545984,UTRAFFIC-HCM-V6,SOURCE_COORDINATE,SOURCE_BACKED
UTR_NODE_5762874775,UTraffic node 5762874775,INTERSECTION_OR_GEOMETRY,10.8545664,106.7551245,UTRAFFIC-HCM-V6,SOURCE_COORDINATE,SOURCE_BACKED
UTR_NODE_5762874776,UTraffic node 5762874776,INTERSECTION_OR_GEOMETRY,10.8541006,106.7548836,UTRAFFIC-HCM-V6,SOURCE_COORDINATE,SOURCE_BACKED
UTR_NODE_5762874777,UTraffic node 5762874777,INTERSECTION_OR_GEOMETRY,10.8542363,106.7549533,UTRAFFIC-HCM-V6,SOURCE_COORDINATE,SOURCE_BACKED
UTR_NODE_5762874778,UTraffic node 5762874778,INTERSECTION_OR_GEOMETRY,10.8537752,106.7547142,UTRAFFIC-HCM-V6,SOURCE_COORDINATE,SOURCE_BACKED
UTR_NODE_5762874783,UTraffic node 5762874783,INTERSECTION_OR_GEOMETRY,10.8512421,106.7568863,UTRAFFIC-HCM-V6,SOURCE_COORDINATE,SOURCE_BACKED
UTR_NODE_5762874793,UTraffic node 5762874793,INTERSECTION_OR_GEOMETRY,10.8541321,106.7490640,UTRAFFIC-HCM-V6,SOURCE_COORDINATE,SOURCE_BACKED
UTR_NODE_5762874805,UTraffic node 5762874805,INTERSECTION_OR_GEOMETRY,10.8512781,106.7535846,UTRAFFIC-HCM-V6,SOURCE_COORDINATE,SOURCE_BACKED
UTR_NODE_5762874807,UTraffic node 5762874807,INTERSECTION_OR_GEOMETRY,10.8530445,106.7486352,UTRAFFIC-HCM-V6,SOURCE_COORDINATE,SOURCE_BACKED
UTR_NODE_5762874811,UTraffic node 5762874811,INTERSECTION_OR_GEOMETRY,10.8547449,106.7519120,UTRAFFIC-HCM-V6,SOURCE_COORDINATE,SOURCE_BACKED
UTR_NODE_5762929511,UTraffic node 5762929511,INTERSECTION_OR_GEOMETRY,10.8539761,106.7717055,UTRAFFIC-HCM-V6,SOURCE_COORDINATE,SOURCE_BACKED
UTR_NODE_5762929512,UTraffic node 5762929512,INTERSECTION_OR_GEOMETRY,10.8539847,106.7715083,UTRAFFIC-HCM-V6,SOURCE_COORDINATE,SOURCE_BACKED
UTR_NODE_5763077236,UTraffic node 5763077236,INTERSECTION_OR_GEOMETRY,10.8552032,106.7674772,UTRAFFIC-HCM-V6,SOURCE_COORDINATE,SOURCE_BACKED
UTR_NODE_5763147358,UTraffic node 5763147358,INTERSECTION_OR_GEOMETRY,10.8512115,106.7573208,UTRAFFIC-HCM-V6,SOURCE_COORDINATE,SOURCE_BACKED
UTR_NODE_5763159536,UTraffic node 5763159536,INTERSECTION_OR_GEOMETRY,10.8515895,106.7776752,UTRAFFIC-HCM-V6,SOURCE_COORDINATE,SOURCE_BACKED
UTR_NODE_5763159545,UTraffic node 5763159545,INTERSECTION_OR_GEOMETRY,10.8544090,106.7688578,UTRAFFIC-HCM-V6,SOURCE_COORDINATE,SOURCE_BACKED
UTR_NODE_5763160575,UTraffic node 5763160575,INTERSECTION_OR_GEOMETRY,10.8529041,106.7737023,UTRAFFIC-HCM-V6,SOURCE_COORDINATE,SOURCE_BACKED
UTR_NODE_5763160586,UTraffic node 5763160586,INTERSECTION_OR_GEOMETRY,10.8537663,106.7731901,UTRAFFIC-HCM-V6,SOURCE_COORDINATE,SOURCE_BACKED
UTR_NODE_5763160587,UTraffic node 5763160587,INTERSECTION_OR_GEOMETRY,10.8535864,106.7733165,UTRAFFIC-HCM-V6,SOURCE_COORDINATE,SOURCE_BACKED
UTR_NODE_5763160607,UTraffic node 5763160607,INTERSECTION_OR_GEOMETRY,10.8543821,106.7689265,UTRAFFIC-HCM-V6,SOURCE_COORDINATE,SOURCE_BACKED
UTR_NODE_5763193244,UTraffic node 5763193244,INTERSECTION_OR_GEOMETRY,10.8523042,106.7547245,UTRAFFIC-HCM-V6,SOURCE_COORDINATE,SOURCE_BACKED
UTR_NODE_5763193249,UTraffic node 5763193249,INTERSECTION_OR_GEOMETRY,10.8524842,106.7527447,UTRAFFIC-HCM-V6,SOURCE_COORDINATE,SOURCE_BACKED
UTR_NODE_5763193353,UTraffic node 5763193353,INTERSECTION_OR_GEOMETRY,10.8546069,106.7551533,UTRAFFIC-HCM-V6,SOURCE_COORDINATE,SOURCE_BACKED
UTR_NODE_5763193358,UTraffic node 5763193358,INTERSECTION_OR_GEOMETRY,10.8519350,106.7507785,UTRAFFIC-HCM-V6,SOURCE_COORDINATE,SOURCE_BACKED
UTR_NODE_5763193360,UTraffic node 5763193360,INTERSECTION_OR_GEOMETRY,10.8515032,106.7512737,UTRAFFIC-HCM-V6,SOURCE_COORDINATE,SOURCE_BACKED
UTR_NODE_5763233403,UTraffic node 5763233403,INTERSECTION_OR_GEOMETRY,10.8609068,106.7609187,UTRAFFIC-HCM-V6,SOURCE_COORDINATE,SOURCE_BACKED
UTR_NODE_5763233404,UTraffic node 5763233404,INTERSECTION_OR_GEOMETRY,10.8606955,106.7613242,UTRAFFIC-HCM-V6,SOURCE_COORDINATE,SOURCE_BACKED
UTR_NODE_5763233405,UTraffic node 5763233405,INTERSECTION_OR_GEOMETRY,10.8605085,106.7615460,UTRAFFIC-HCM-V6,SOURCE_COORDINATE,SOURCE_BACKED
UTR_NODE_5763233406,UTraffic node 5763233406,INTERSECTION_OR_GEOMETRY,10.8594687,106.7622193,UTRAFFIC-HCM-V6,SOURCE_COORDINATE,SOURCE_BACKED
UTR_NODE_5763233407,UTraffic node 5763233407,INTERSECTION_OR_GEOMETRY,10.8586537,106.7628386,UTRAFFIC-HCM-V6,SOURCE_COORDINATE,SOURCE_BACKED
UTR_NODE_5763233408,UTraffic node 5763233408,INTERSECTION_OR_GEOMETRY,10.8575609,106.7636795,UTRAFFIC-HCM-V6,SOURCE_COORDINATE,SOURCE_BACKED
UTR_NODE_5763233410,UTraffic node 5763233410,INTERSECTION_OR_GEOMETRY,10.8570769,106.7640890,UTRAFFIC-HCM-V6,SOURCE_COORDINATE,SOURCE_BACKED
UTR_NODE_5763233411,UTraffic node 5763233411,INTERSECTION_OR_GEOMETRY,10.8569129,106.7643741,UTRAFFIC-HCM-V6,SOURCE_COORDINATE,SOURCE_BACKED
UTR_NODE_5763233412,UTraffic node 5763233412,INTERSECTION_OR_GEOMETRY,10.8567910,106.7648909,UTRAFFIC-HCM-V6,SOURCE_COORDINATE,SOURCE_BACKED
UTR_NODE_5763233414,UTraffic node 5763233414,INTERSECTION_OR_GEOMETRY,10.8562125,106.7663418,UTRAFFIC-HCM-V6,SOURCE_COORDINATE,SOURCE_BACKED
UTR_NODE_5763233415,UTraffic node 5763233415,INTERSECTION_OR_GEOMETRY,10.8558775,106.7665444,UTRAFFIC-HCM-V6,SOURCE_COORDINATE,SOURCE_BACKED
UTR_NODE_5763233416,UTraffic node 5763233416,INTERSECTION_OR_GEOMETRY,10.8555830,106.7668864,UTRAFFIC-HCM-V6,SOURCE_COORDINATE,SOURCE_BACKED
UTR_NODE_5763233417,UTraffic node 5763233417,INTERSECTION_OR_GEOMETRY,10.8555644,106.7669241,UTRAFFIC-HCM-V6,SOURCE_COORDINATE,SOURCE_BACKED
UTR_NODE_5763233418,UTraffic node 5763233418,INTERSECTION_OR_GEOMETRY,10.8550699,106.7676989,UTRAFFIC-HCM-V6,SOURCE_COORDINATE,SOURCE_BACKED
UTR_NODE_5763233419,UTraffic node 5763233419,INTERSECTION_OR_GEOMETRY,10.8544560,106.7687008,UTRAFFIC-HCM-V6,SOURCE_COORDINATE,SOURCE_BACKED
UTR_NODE_5763233420,UTraffic node 5763233420,INTERSECTION_OR_GEOMETRY,10.8542261,106.7694644,UTRAFFIC-HCM-V6,SOURCE_COORDINATE,SOURCE_BACKED
UTR_NODE_5763233421,UTraffic node 5763233421,INTERSECTION_OR_GEOMETRY,10.8541485,106.7699462,UTRAFFIC-HCM-V6,SOURCE_COORDINATE,SOURCE_BACKED
UTR_NODE_5763233422,UTraffic node 5763233422,INTERSECTION_OR_GEOMETRY,10.8541557,106.7698195,UTRAFFIC-HCM-V6,SOURCE_COORDINATE,SOURCE_BACKED
UTR_NODE_5763285312,UTraffic node 5763285312,INTERSECTION_OR_GEOMETRY,10.8535254,106.7809133,UTRAFFIC-HCM-V6,SOURCE_COORDINATE,SOURCE_BACKED
UTR_NODE_5763285555,UTraffic node 5763285555,INTERSECTION_OR_GEOMETRY,10.8533051,106.7805453,UTRAFFIC-HCM-V6,SOURCE_COORDINATE,SOURCE_BACKED
UTR_NODE_5764780955,UTraffic node 5764780955,INTERSECTION_OR_GEOMETRY,10.8513248,106.7535187,UTRAFFIC-HCM-V6,SOURCE_COORDINATE,SOURCE_BACKED
UTR_NODE_5764780956,UTraffic node 5764780956,INTERSECTION_OR_GEOMETRY,10.8535916,106.7546452,UTRAFFIC-HCM-V6,SOURCE_COORDINATE,SOURCE_BACKED
UTR_NODE_5764780957,UTraffic node 5764780957,INTERSECTION_OR_GEOMETRY,10.8534493,106.7546184,UTRAFFIC-HCM-V6,SOURCE_COORDINATE,SOURCE_BACKED
UTR_NODE_5764780958,UTraffic node 5764780958,INTERSECTION_OR_GEOMETRY,10.8519544,106.7531231,UTRAFFIC-HCM-V6,SOURCE_COORDINATE,SOURCE_BACKED
UTR_NODE_5764780959,UTraffic node 5764780959,INTERSECTION_OR_GEOMETRY,10.8520263,106.7506671,UTRAFFIC-HCM-V6,SOURCE_COORDINATE,SOURCE_BACKED
UTR_NODE_5764780969,UTraffic node 5764780969,INTERSECTION_OR_GEOMETRY,10.8540209,106.7713353,UTRAFFIC-HCM-V6,SOURCE_COORDINATE,SOURCE_BACKED
UTR_NODE_5764780970,UTraffic node 5764780970,INTERSECTION_OR_GEOMETRY,10.8541289,106.7705910,UTRAFFIC-HCM-V6,SOURCE_COORDINATE,SOURCE_BACKED
UTR_NODE_5764780974,UTraffic node 5764780974,INTERSECTION_OR_GEOMETRY,10.8540618,106.7730492,UTRAFFIC-HCM-V6,SOURCE_COORDINATE,SOURCE_BACKED
UTR_NODE_5764780975,UTraffic node 5764780975,INTERSECTION_OR_GEOMETRY,10.8516067,106.7743662,UTRAFFIC-HCM-V6,SOURCE_COORDINATE,SOURCE_BACKED
UTR_NODE_5764780976,UTraffic node 5764780976,INTERSECTION_OR_GEOMETRY,10.8519254,106.7742857,UTRAFFIC-HCM-V6,SOURCE_COORDINATE,SOURCE_BACKED
UTR_NODE_5764784287,UTraffic node 5764784287,INTERSECTION_OR_GEOMETRY,10.8552239,106.7837605,UTRAFFIC-HCM-V6,SOURCE_COORDINATE,SOURCE_BACKED
UTR_NODE_5765346531,UTraffic node 5765346531,INTERSECTION_OR_GEOMETRY,10.8682434,106.7807246,UTRAFFIC-HCM-V6,SOURCE_COORDINATE,SOURCE_BACKED
UTR_NODE_5765346854,UTraffic node 5765346854,INTERSECTION_OR_GEOMETRY,10.8689764,106.7801658,UTRAFFIC-HCM-V6,SOURCE_COORDINATE,SOURCE_BACKED
UTR_NODE_5765346864,UTraffic node 5765346864,INTERSECTION_OR_GEOMETRY,10.8677130,106.7824124,UTRAFFIC-HCM-V6,SOURCE_COORDINATE,SOURCE_BACKED
UTR_NODE_5765346871,UTraffic node 5765346871,INTERSECTION_OR_GEOMETRY,10.8715842,106.7811629,UTRAFFIC-HCM-V6,SOURCE_COORDINATE,SOURCE_BACKED
UTR_NODE_5765346886,UTraffic node 5765346886,INTERSECTION_OR_GEOMETRY,10.8681337,106.7805494,UTRAFFIC-HCM-V6,SOURCE_COORDINATE,SOURCE_BACKED
UTR_NODE_5765346887,UTraffic node 5765346887,INTERSECTION_OR_GEOMETRY,10.8680449,106.7813443,UTRAFFIC-HCM-V6,SOURCE_COORDINATE,SOURCE_BACKED
UTR_NODE_5765346945,UTraffic node 5765346945,INTERSECTION_OR_GEOMETRY,10.8737066,106.7819777,UTRAFFIC-HCM-V6,SOURCE_COORDINATE,SOURCE_BACKED
UTR_NODE_5765346946,UTraffic node 5765346946,INTERSECTION_OR_GEOMETRY,10.8689471,106.7801594,UTRAFFIC-HCM-V6,SOURCE_COORDINATE,SOURCE_BACKED
UTR_NODE_5765347083,UTraffic node 5765347083,INTERSECTION_OR_GEOMETRY,10.8691319,106.7779430,UTRAFFIC-HCM-V6,SOURCE_COORDINATE,SOURCE_BACKED
UTR_NODE_5765347086,UTraffic node 5765347086,INTERSECTION_OR_GEOMETRY,10.8690204,106.7782684,UTRAFFIC-HCM-V6,SOURCE_COORDINATE,SOURCE_BACKED
UTR_NODE_5765347096,UTraffic node 5765347096,INTERSECTION_OR_GEOMETRY,10.8723419,106.7814538,UTRAFFIC-HCM-V6,SOURCE_COORDINATE,SOURCE_BACKED
UTR_NODE_5765347108,UTraffic node 5765347108,INTERSECTION_OR_GEOMETRY,10.8702217,106.7806587,UTRAFFIC-HCM-V6,SOURCE_COORDINATE,SOURCE_BACKED
UTR_NODE_5765347115,UTraffic node 5765347115,INTERSECTION_OR_GEOMETRY,10.8707204,106.7808395,UTRAFFIC-HCM-V6,SOURCE_COORDINATE,SOURCE_BACKED
UTR_NODE_5765347117,UTraffic node 5765347117,INTERSECTION_OR_GEOMETRY,10.8693422,106.7803017,UTRAFFIC-HCM-V6,SOURCE_COORDINATE,SOURCE_BACKED
UTR_NODE_5765347118,UTraffic node 5765347118,INTERSECTION_OR_GEOMETRY,10.8690425,106.7801806,UTRAFFIC-HCM-V6,SOURCE_COORDINATE,SOURCE_BACKED
UTR_NODE_5765347123,UTraffic node 5765347123,INTERSECTION_OR_GEOMETRY,10.8696993,106.7804693,UTRAFFIC-HCM-V6,SOURCE_COORDINATE,SOURCE_BACKED
UTR_NODE_5765347129,UTraffic node 5765347129,INTERSECTION_OR_GEOMETRY,10.8694134,106.7803330,UTRAFFIC-HCM-V6,SOURCE_COORDINATE,SOURCE_BACKED
UTR_NODE_5765347140,UTraffic node 5765347140,INTERSECTION_OR_GEOMETRY,10.8688060,106.7801462,UTRAFFIC-HCM-V6,SOURCE_COORDINATE,SOURCE_BACKED
UTR_NODE_5765347141,UTraffic node 5765347141,INTERSECTION_OR_GEOMETRY,10.8689157,106.7801562,UTRAFFIC-HCM-V6,SOURCE_COORDINATE,SOURCE_BACKED
UTR_NODE_5765347142,UTraffic node 5765347142,INTERSECTION_OR_GEOMETRY,10.8692265,106.7802441,UTRAFFIC-HCM-V6,SOURCE_COORDINATE,SOURCE_BACKED
UTR_NODE_5765347143,UTraffic node 5765347143,INTERSECTION_OR_GEOMETRY,10.8691090,106.7802072,UTRAFFIC-HCM-V6,SOURCE_COORDINATE,SOURCE_BACKED
UTR_NODE_5765347144,UTraffic node 5765347144,INTERSECTION_OR_GEOMETRY,10.8688509,106.7801506,UTRAFFIC-HCM-V6,SOURCE_COORDINATE,SOURCE_BACKED
UTR_NODE_5765347145,UTraffic node 5765347145,INTERSECTION_OR_GEOMETRY,10.8688811,106.7801540,UTRAFFIC-HCM-V6,SOURCE_COORDINATE,SOURCE_BACKED
UTR_NODE_5765347146,UTraffic node 5765347146,INTERSECTION_OR_GEOMETRY,10.8687058,106.7792899,UTRAFFIC-HCM-V6,SOURCE_COORDINATE,SOURCE_BACKED
UTR_NODE_5765347148,UTraffic node 5765347148,INTERSECTION_OR_GEOMETRY,10.8688026,106.7789831,UTRAFFIC-HCM-V6,SOURCE_COORDINATE,SOURCE_BACKED
UTR_NODE_5765347151,UTraffic node 5765347151,INTERSECTION_OR_GEOMETRY,10.8687610,106.7801416,UTRAFFIC-HCM-V6,SOURCE_COORDINATE,SOURCE_BACKED
UTR_NODE_5765347165,UTraffic node 5765347165,INTERSECTION_OR_GEOMETRY,10.8692590,106.7775419,UTRAFFIC-HCM-V6,SOURCE_COORDINATE,SOURCE_BACKED
UTR_NODE_5765347166,UTraffic node 5765347166,INTERSECTION_OR_GEOMETRY,10.8692797,106.7774766,UTRAFFIC-HCM-V6,SOURCE_COORDINATE,SOURCE_BACKED
UTR_NODE_5765347170,UTraffic node 5765347170,INTERSECTION_OR_GEOMETRY,10.8692176,106.7776725,UTRAFFIC-HCM-V6,SOURCE_COORDINATE,SOURCE_BACKED
UTR_NODE_5765430236,UTraffic node 5765430236,INTERSECTION_OR_GEOMETRY,10.8682718,106.7801328,UTRAFFIC-HCM-V6,SOURCE_COORDINATE,SOURCE_BACKED
UTR_NODE_5765430241,UTraffic node 5765430241,INTERSECTION_OR_GEOMETRY,10.8678068,106.7877196,UTRAFFIC-HCM-V6,SOURCE_COORDINATE,SOURCE_BACKED
UTR_NODE_5765438177,UTraffic node 5765438177,INTERSECTION_OR_GEOMETRY,10.8484980,106.7747990,UTRAFFIC-HCM-V6,SOURCE_COORDINATE,SOURCE_BACKED
UTR_NODE_5765438178,UTraffic node 5765438178,INTERSECTION_OR_GEOMETRY,10.8482454,106.7750397,UTRAFFIC-HCM-V6,SOURCE_COORDINATE,SOURCE_BACKED
UTR_NODE_5765438179,UTraffic node 5765438179,INTERSECTION_OR_GEOMETRY,10.8484298,106.7747607,UTRAFFIC-HCM-V6,SOURCE_COORDINATE,SOURCE_BACKED
UTR_NODE_5765438184,UTraffic node 5765438184,INTERSECTION_OR_GEOMETRY,10.8465102,106.7778906,UTRAFFIC-HCM-V6,SOURCE_COORDINATE,SOURCE_BACKED
UTR_NODE_5765438194,UTraffic node 5765438194,INTERSECTION_OR_GEOMETRY,10.8462429,106.7723836,UTRAFFIC-HCM-V6,SOURCE_COORDINATE,SOURCE_BACKED
UTR_NODE_5767085845,UTraffic node 5767085845,INTERSECTION_OR_GEOMETRY,10.8704197,106.7740068,UTRAFFIC-HCM-V6,SOURCE_COORDINATE,SOURCE_BACKED
UTR_NODE_5767087054,UTraffic node 5767087054,INTERSECTION_OR_GEOMETRY,10.8720187,106.7691334,UTRAFFIC-HCM-V6,SOURCE_COORDINATE,SOURCE_BACKED
UTR_NODE_5767087057,UTraffic node 5767087057,INTERSECTION_OR_GEOMETRY,10.8716138,106.7703635,UTRAFFIC-HCM-V6,SOURCE_COORDINATE,SOURCE_BACKED
UTR_NODE_5767087078,UTraffic node 5767087078,INTERSECTION_OR_GEOMETRY,10.8685076,106.7753878,UTRAFFIC-HCM-V6,SOURCE_COORDINATE,SOURCE_BACKED
UTR_NODE_5767087104,UTraffic node 5767087104,INTERSECTION_OR_GEOMETRY,10.8722789,106.7683291,UTRAFFIC-HCM-V6,SOURCE_COORDINATE,SOURCE_BACKED
UTR_NODE_5767087106,UTraffic node 5767087106,INTERSECTION_OR_GEOMETRY,10.8679565,106.7751037,UTRAFFIC-HCM-V6,SOURCE_COORDINATE,SOURCE_BACKED
UTR_NODE_5767087126,UTraffic node 5767087126,INTERSECTION_OR_GEOMETRY,10.8700871,106.7746081,UTRAFFIC-HCM-V6,SOURCE_COORDINATE,SOURCE_BACKED
UTR_NODE_5767087128,UTraffic node 5767087128,INTERSECTION_OR_GEOMETRY,10.8698612,106.7752784,UTRAFFIC-HCM-V6,SOURCE_COORDINATE,SOURCE_BACKED
UTR_NODE_5767087130,UTraffic node 5767087130,INTERSECTION_OR_GEOMETRY,10.8699533,106.7750173,UTRAFFIC-HCM-V6,SOURCE_COORDINATE,SOURCE_BACKED
UTR_NODE_5767087134,UTraffic node 5767087134,INTERSECTION_OR_GEOMETRY,10.8698009,106.7754395,UTRAFFIC-HCM-V6,SOURCE_COORDINATE,SOURCE_BACKED
UTR_NODE_5767087188,UTraffic node 5767087188,INTERSECTION_OR_GEOMETRY,10.8690194,106.7778509,UTRAFFIC-HCM-V6,SOURCE_COORDINATE,SOURCE_BACKED
UTR_NODE_5767087207,UTraffic node 5767087207,INTERSECTION_OR_GEOMETRY,10.8706221,106.7733958,UTRAFFIC-HCM-V6,SOURCE_COORDINATE,SOURCE_BACKED
UTR_NODE_5767087208,UTraffic node 5767087208,INTERSECTION_OR_GEOMETRY,10.8709841,106.7722604,UTRAFFIC-HCM-V6,SOURCE_COORDINATE,SOURCE_BACKED
UTR_NODE_5767087215,UTraffic node 5767087215,INTERSECTION_OR_GEOMETRY,10.8708605,106.7726416,UTRAFFIC-HCM-V6,SOURCE_COORDINATE,SOURCE_BACKED
UTR_NODE_5767128873,UTraffic node 5767128873,INTERSECTION_OR_GEOMETRY,10.8708153,106.7633963,UTRAFFIC-HCM-V6,SOURCE_COORDINATE,SOURCE_BACKED
UTR_NODE_5767128897,UTraffic node 5767128897,INTERSECTION_OR_GEOMETRY,10.8676731,106.7623328,UTRAFFIC-HCM-V6,SOURCE_COORDINATE,SOURCE_BACKED
UTR_NODE_5767128908,UTraffic node 5767128908,INTERSECTION_OR_GEOMETRY,10.8712088,106.7636246,UTRAFFIC-HCM-V6,SOURCE_COORDINATE,SOURCE_BACKED
UTR_NODE_5767128915,UTraffic node 5767128915,INTERSECTION_OR_GEOMETRY,10.8714476,106.7638196,UTRAFFIC-HCM-V6,SOURCE_COORDINATE,SOURCE_BACKED
UTR_NODE_5767128919,UTraffic node 5767128919,INTERSECTION_OR_GEOMETRY,10.8716364,106.7639621,UTRAFFIC-HCM-V6,SOURCE_COORDINATE,SOURCE_BACKED
UTR_NODE_5767128928,UTraffic node 5767128928,INTERSECTION_OR_GEOMETRY,10.8688302,106.7630710,UTRAFFIC-HCM-V6,SOURCE_COORDINATE,SOURCE_BACKED
UTR_NODE_5767128933,UTraffic node 5767128933,INTERSECTION_OR_GEOMETRY,10.8693675,106.7632523,UTRAFFIC-HCM-V6,SOURCE_COORDINATE,SOURCE_BACKED
UTR_NODE_5767128957,UTraffic node 5767128957,INTERSECTION_OR_GEOMETRY,10.8682699,106.7627194,UTRAFFIC-HCM-V6,SOURCE_COORDINATE,SOURCE_BACKED
UTR_NODE_5767128968,UTraffic node 5767128968,INTERSECTION_OR_GEOMETRY,10.8681163,106.7629279,UTRAFFIC-HCM-V6,SOURCE_COORDINATE,SOURCE_BACKED
UTR_NODE_5767128969,UTraffic node 5767128969,INTERSECTION_OR_GEOMETRY,10.8689355,106.7631264,UTRAFFIC-HCM-V6,SOURCE_COORDINATE,SOURCE_BACKED
UTR_NODE_5767128970,UTraffic node 5767128970,INTERSECTION_OR_GEOMETRY,10.8692398,106.7632216,UTRAFFIC-HCM-V6,SOURCE_COORDINATE,SOURCE_BACKED
UTR_NODE_5767128971,UTraffic node 5767128971,INTERSECTION_OR_GEOMETRY,10.8694518,106.7632632,UTRAFFIC-HCM-V6,SOURCE_COORDINATE,SOURCE_BACKED
UTR_NODE_5767128972,UTraffic node 5767128972,INTERSECTION_OR_GEOMETRY,10.8698706,106.7633734,UTRAFFIC-HCM-V6,SOURCE_COORDINATE,SOURCE_BACKED
UTR_NODE_5767129143,UTraffic node 5767129143,INTERSECTION_OR_GEOMETRY,10.8720970,106.7581126,UTRAFFIC-HCM-V6,SOURCE_COORDINATE,SOURCE_BACKED
UTR_NODE_5767184391,UTraffic node 5767184391,INTERSECTION_OR_GEOMETRY,10.8663594,106.7620602,UTRAFFIC-HCM-V6,SOURCE_COORDINATE,SOURCE_BACKED
UTR_NODE_5767184392,UTraffic node 5767184392,INTERSECTION_OR_GEOMETRY,10.8660077,106.7627120,UTRAFFIC-HCM-V6,SOURCE_COORDINATE,SOURCE_BACKED
UTR_NODE_5767184393,UTraffic node 5767184393,INTERSECTION_OR_GEOMETRY,10.8666662,106.7620495,UTRAFFIC-HCM-V6,SOURCE_COORDINATE,SOURCE_BACKED
UTR_NODE_5767184395,UTraffic node 5767184395,INTERSECTION_OR_GEOMETRY,10.8659852,106.7621006,UTRAFFIC-HCM-V6,SOURCE_COORDINATE,SOURCE_BACKED
UTR_NODE_5767184396,UTraffic node 5767184396,INTERSECTION_OR_GEOMETRY,10.8665108,106.7619596,UTRAFFIC-HCM-V6,SOURCE_COORDINATE,SOURCE_BACKED
UTR_NODE_5767184398,UTraffic node 5767184398,INTERSECTION_OR_GEOMETRY,10.8665194,106.7621675,UTRAFFIC-HCM-V6,SOURCE_COORDINATE,SOURCE_BACKED
UTR_NODE_5767184399,UTraffic node 5767184399,INTERSECTION_OR_GEOMETRY,10.8665662,106.7621434,UTRAFFIC-HCM-V6,SOURCE_COORDINATE,SOURCE_BACKED
UTR_NODE_5767184400,UTraffic node 5767184400,INTERSECTION_OR_GEOMETRY,10.8662473,106.7621114,UTRAFFIC-HCM-V6,SOURCE_COORDINATE,SOURCE_BACKED
UTR_NODE_5767184404,UTraffic node 5767184404,INTERSECTION_OR_GEOMETRY,10.8667978,106.7619004,UTRAFFIC-HCM-V6,SOURCE_COORDINATE,SOURCE_BACKED
UTR_NODE_5767184405,UTraffic node 5767184405,INTERSECTION_OR_GEOMETRY,10.8667147,106.7620017,UTRAFFIC-HCM-V6,SOURCE_COORDINATE,SOURCE_BACKED
UTR_NODE_5767184406,UTraffic node 5767184406,INTERSECTION_OR_GEOMETRY,10.8666228,106.7621045,UTRAFFIC-HCM-V6,SOURCE_COORDINATE,SOURCE_BACKED
UTR_NODE_5767184407,UTraffic node 5767184407,INTERSECTION_OR_GEOMETRY,10.8664043,106.7622112,UTRAFFIC-HCM-V6,SOURCE_COORDINATE,SOURCE_BACKED
UTR_NODE_5767184408,UTraffic node 5767184408,INTERSECTION_OR_GEOMETRY,10.8670258,106.7623486,UTRAFFIC-HCM-V6,SOURCE_COORDINATE,SOURCE_BACKED
UTR_NODE_5767184409,UTraffic node 5767184409,INTERSECTION_OR_GEOMETRY,10.8672756,106.7622334,UTRAFFIC-HCM-V6,SOURCE_COORDINATE,SOURCE_BACKED
UTR_NODE_5767184410,UTraffic node 5767184410,INTERSECTION_OR_GEOMETRY,10.8617420,106.7610549,UTRAFFIC-HCM-V6,SOURCE_COORDINATE,SOURCE_BACKED
UTR_NODE_5767184411,UTraffic node 5767184411,INTERSECTION_OR_GEOMETRY,10.8641461,106.7612175,UTRAFFIC-HCM-V6,SOURCE_COORDINATE,SOURCE_BACKED
UTR_NODE_5767184412,UTraffic node 5767184412,INTERSECTION_OR_GEOMETRY,10.8621226,106.7610511,UTRAFFIC-HCM-V6,SOURCE_COORDINATE,SOURCE_BACKED
UTR_NODE_5767184413,UTraffic node 5767184413,INTERSECTION_OR_GEOMETRY,10.8652658,106.7618321,UTRAFFIC-HCM-V6,SOURCE_COORDINATE,SOURCE_BACKED
UTR_NODE_5767184414,UTraffic node 5767184414,INTERSECTION_OR_GEOMETRY,10.8634801,106.7608745,UTRAFFIC-HCM-V6,SOURCE_COORDINATE,SOURCE_BACKED
UTR_NODE_5767184415,UTraffic node 5767184415,INTERSECTION_OR_GEOMETRY,10.8630327,106.7608619,UTRAFFIC-HCM-V6,SOURCE_COORDINATE,SOURCE_BACKED
UTR_NODE_5767184416,UTraffic node 5767184416,INTERSECTION_OR_GEOMETRY,10.8625105,106.7609449,UTRAFFIC-HCM-V6,SOURCE_COORDINATE,SOURCE_BACKED
UTR_NODE_5767184417,UTraffic node 5767184417,INTERSECTION_OR_GEOMETRY,10.8658042,106.7620483,UTRAFFIC-HCM-V6,SOURCE_COORDINATE,SOURCE_BACKED
UTR_NODE_5767184418,UTraffic node 5767184418,INTERSECTION_OR_GEOMETRY,10.8667615,106.7623129,UTRAFFIC-HCM-V6,SOURCE_COORDINATE,SOURCE_BACKED
UTR_NODE_5767184419,UTraffic node 5767184419,INTERSECTION_OR_GEOMETRY,10.8672419,106.7622402,UTRAFFIC-HCM-V6,SOURCE_COORDINATE,SOURCE_BACKED
UTR_NODE_5767184420,UTraffic node 5767184420,INTERSECTION_OR_GEOMETRY,10.8670728,106.7623508,UTRAFFIC-HCM-V6,SOURCE_COORDINATE,SOURCE_BACKED
UTR_NODE_5767184421,UTraffic node 5767184421,INTERSECTION_OR_GEOMETRY,10.8662294,106.7621763,UTRAFFIC-HCM-V6,SOURCE_COORDINATE,SOURCE_BACKED
UTR_NODE_5767184422,UTraffic node 5767184422,INTERSECTION_OR_GEOMETRY,10.8663809,106.7622099,UTRAFFIC-HCM-V6,SOURCE_COORDINATE,SOURCE_BACKED
UTR_NODE_5767269542,UTraffic node 5767269542,INTERSECTION_OR_GEOMETRY,10.8713888,106.7639169,UTRAFFIC-HCM-V6,SOURCE_COORDINATE,SOURCE_BACKED
UTR_NODE_5767269730,UTraffic node 5767269730,INTERSECTION_OR_GEOMETRY,10.8717785,106.7640740,UTRAFFIC-HCM-V6,SOURCE_COORDINATE,SOURCE_BACKED
UTR_NODE_5767269788,UTraffic node 5767269788,INTERSECTION_OR_GEOMETRY,10.8702869,106.7635051,UTRAFFIC-HCM-V6,SOURCE_COORDINATE,SOURCE_BACKED
UTR_NODE_5767269794,UTraffic node 5767269794,INTERSECTION_OR_GEOMETRY,10.8694363,106.7634721,UTRAFFIC-HCM-V6,SOURCE_COORDINATE,SOURCE_BACKED
UTR_NODE_5767269819,UTraffic node 5767269819,INTERSECTION_OR_GEOMETRY,10.8706174,106.7635409,UTRAFFIC-HCM-V6,SOURCE_COORDINATE,SOURCE_BACKED
UTR_NODE_5767269891,UTraffic node 5767269891,INTERSECTION_OR_GEOMETRY,10.8684191,106.7631012,UTRAFFIC-HCM-V6,SOURCE_COORDINATE,SOURCE_BACKED
UTR_NODE_5767269896,UTraffic node 5767269896,INTERSECTION_OR_GEOMETRY,10.8676600,106.7626368,UTRAFFIC-HCM-V6,SOURCE_COORDINATE,SOURCE_BACKED
UTR_NODE_5767302216,UTraffic node 5767302216,INTERSECTION_OR_GEOMETRY,10.8674473,106.7479545,UTRAFFIC-HCM-V6,SOURCE_COORDINATE,SOURCE_BACKED
UTR_NODE_5767302217,UTraffic node 5767302217,INTERSECTION_OR_GEOMETRY,10.8675540,106.7479558,UTRAFFIC-HCM-V6,SOURCE_COORDINATE,SOURCE_BACKED
UTR_NODE_5767302218,UTraffic node 5767302218,INTERSECTION_OR_GEOMETRY,10.8677686,106.7479491,UTRAFFIC-HCM-V6,SOURCE_COORDINATE,SOURCE_BACKED
UTR_NODE_5767302244,UTraffic node 5767302244,INTERSECTION_OR_GEOMETRY,10.8693517,106.7478096,UTRAFFIC-HCM-V6,SOURCE_COORDINATE,SOURCE_BACKED
UTR_NODE_5767302245,UTraffic node 5767302245,INTERSECTION_OR_GEOMETRY,10.8692608,106.7479156,UTRAFFIC-HCM-V6,SOURCE_COORDINATE,SOURCE_BACKED
UTR_NODE_5767303600,UTraffic node 5767303600,INTERSECTION_OR_GEOMETRY,10.8681636,106.7479002,UTRAFFIC-HCM-V6,SOURCE_COORDINATE,SOURCE_BACKED
UTR_NODE_5767303642,UTraffic node 5767303642,INTERSECTION_OR_GEOMETRY,10.8682098,106.7478947,UTRAFFIC-HCM-V6,SOURCE_COORDINATE,SOURCE_BACKED
UTR_NODE_5767303756,UTraffic node 5767303756,INTERSECTION_OR_GEOMETRY,10.8686889,106.7478906,UTRAFFIC-HCM-V6,SOURCE_COORDINATE,SOURCE_BACKED
UTR_NODE_5767303802,UTraffic node 5767303802,INTERSECTION_OR_GEOMETRY,10.8691892,106.7479218,UTRAFFIC-HCM-V6,SOURCE_COORDINATE,SOURCE_BACKED
UTR_NODE_5767303806,UTraffic node 5767303806,INTERSECTION_OR_GEOMETRY,10.8683468,106.7478846,UTRAFFIC-HCM-V6,SOURCE_COORDINATE,SOURCE_BACKED
UTR_NODE_5767303807,UTraffic node 5767303807,INTERSECTION_OR_GEOMETRY,10.8693675,106.7477493,UTRAFFIC-HCM-V6,SOURCE_COORDINATE,SOURCE_BACKED
UTR_NODE_5767349684,UTraffic node 5767349684,INTERSECTION_OR_GEOMETRY,10.8709933,106.7572067,UTRAFFIC-HCM-V6,SOURCE_COORDINATE,SOURCE_BACKED
UTR_NODE_5767349690,UTraffic node 5767349690,INTERSECTION_OR_GEOMETRY,10.8706314,106.7566558,UTRAFFIC-HCM-V6,SOURCE_COORDINATE,SOURCE_BACKED
UTR_NODE_5767349695,UTraffic node 5767349695,INTERSECTION_OR_GEOMETRY,10.8676302,106.7572232,UTRAFFIC-HCM-V6,SOURCE_COORDINATE,SOURCE_BACKED
UTR_NODE_5767349697,UTraffic node 5767349697,INTERSECTION_OR_GEOMETRY,10.8689907,106.7565606,UTRAFFIC-HCM-V6,SOURCE_COORDINATE,SOURCE_BACKED
UTR_NODE_5767349699,UTraffic node 5767349699,INTERSECTION_OR_GEOMETRY,10.8694748,106.7562756,UTRAFFIC-HCM-V6,SOURCE_COORDINATE,SOURCE_BACKED
UTR_NODE_5767349700,UTraffic node 5767349700,INTERSECTION_OR_GEOMETRY,10.8709496,106.7571456,UTRAFFIC-HCM-V6,SOURCE_COORDINATE,SOURCE_BACKED
UTR_NODE_5767349706,UTraffic node 5767349706,INTERSECTION_OR_GEOMETRY,10.8713433,106.7576920,UTRAFFIC-HCM-V6,SOURCE_COORDINATE,SOURCE_BACKED
UTR_NODE_5767349709,UTraffic node 5767349709,INTERSECTION_OR_GEOMETRY,10.8707739,106.7568867,UTRAFFIC-HCM-V6,SOURCE_COORDINATE,SOURCE_BACKED
UTR_NODE_5767349713,UTraffic node 5767349713,INTERSECTION_OR_GEOMETRY,10.8695984,106.7561992,UTRAFFIC-HCM-V6,SOURCE_COORDINATE,SOURCE_BACKED
UTR_NODE_5767349717,UTraffic node 5767349717,INTERSECTION_OR_GEOMETRY,10.8690241,106.7565443,UTRAFFIC-HCM-V6,SOURCE_COORDINATE,SOURCE_BACKED
UTR_NODE_5767349726,UTraffic node 5767349726,INTERSECTION_OR_GEOMETRY,10.8686117,106.7567450,UTRAFFIC-HCM-V6,SOURCE_COORDINATE,SOURCE_BACKED
UTR_NODE_5767349730,UTraffic node 5767349730,INTERSECTION_OR_GEOMETRY,10.8679778,106.7570535,UTRAFFIC-HCM-V6,SOURCE_COORDINATE,SOURCE_BACKED
UTR_NODE_5767390028,UTraffic node 5767390028,INTERSECTION_OR_GEOMETRY,10.8673615,106.7573513,UTRAFFIC-HCM-V6,SOURCE_COORDINATE,SOURCE_BACKED
UTR_NODE_5767390038,UTraffic node 5767390038,INTERSECTION_OR_GEOMETRY,10.8671287,106.7574823,UTRAFFIC-HCM-V6,SOURCE_COORDINATE,SOURCE_BACKED
UTR_NODE_5767390050,UTraffic node 5767390050,INTERSECTION_OR_GEOMETRY,10.8714340,106.7577666,UTRAFFIC-HCM-V6,SOURCE_COORDINATE,SOURCE_BACKED
UTR_NODE_5767420529,UTraffic node 5767420529,INTERSECTION_OR_GEOMETRY,10.8704319,106.7396963,UTRAFFIC-HCM-V6,SOURCE_COORDINATE,SOURCE_BACKED
UTR_NODE_5767420538,UTraffic node 5767420538,INTERSECTION_OR_GEOMETRY,10.8718847,106.7384945,UTRAFFIC-HCM-V6,SOURCE_COORDINATE,SOURCE_BACKED
UTR_NODE_5767420562,UTraffic node 5767420562,INTERSECTION_OR_GEOMETRY,10.8697912,106.7379280,UTRAFFIC-HCM-V6,SOURCE_COORDINATE,SOURCE_BACKED
UTR_NODE_5767420566,UTraffic node 5767420566,INTERSECTION_OR_GEOMETRY,10.8719918,106.7403740,UTRAFFIC-HCM-V6,SOURCE_COORDINATE,SOURCE_BACKED
UTR_NODE_5767420572,UTraffic node 5767420572,INTERSECTION_OR_GEOMETRY,10.8718801,106.7396573,UTRAFFIC-HCM-V6,SOURCE_COORDINATE,SOURCE_BACKED
UTR_NODE_5767420606,UTraffic node 5767420606,INTERSECTION_OR_GEOMETRY,10.8673393,106.7378142,UTRAFFIC-HCM-V6,SOURCE_COORDINATE,SOURCE_BACKED
UTR_NODE_5767420658,UTraffic node 5767420658,INTERSECTION_OR_GEOMETRY,10.8717854,106.7388827,UTRAFFIC-HCM-V6,SOURCE_COORDINATE,SOURCE_BACKED
UTR_NODE_5767420665,UTraffic node 5767420665,INTERSECTION_OR_GEOMETRY,10.8718120,106.7380541,UTRAFFIC-HCM-V6,SOURCE_COORDINATE,SOURCE_BACKED
UTR_NODE_5767599122,UTraffic node 5767599122,INTERSECTION_OR_GEOMETRY,10.8694412,106.7473678,UTRAFFIC-HCM-V6,SOURCE_COORDINATE,SOURCE_BACKED
UTR_NODE_5767600867,UTraffic node 5767600867,INTERSECTION_OR_GEOMETRY,10.8709623,106.7410019,UTRAFFIC-HCM-V6,SOURCE_COORDINATE,SOURCE_BACKED
UTR_NODE_5767600871,UTraffic node 5767600871,INTERSECTION_OR_GEOMETRY,10.8713055,106.7417349,UTRAFFIC-HCM-V6,SOURCE_COORDINATE,SOURCE_BACKED
UTR_NODE_5767600879,UTraffic node 5767600879,INTERSECTION_OR_GEOMETRY,10.8672400,106.7379129,UTRAFFIC-HCM-V6,SOURCE_COORDINATE,SOURCE_BACKED
UTR_NODE_5767601174,UTraffic node 5767601174,INTERSECTION_OR_GEOMETRY,10.8658957,106.7412853,UTRAFFIC-HCM-V6,SOURCE_COORDINATE,SOURCE_BACKED
UTR_NODE_5767601175,UTraffic node 5767601175,INTERSECTION_OR_GEOMETRY,10.8659537,106.7411616,UTRAFFIC-HCM-V6,SOURCE_COORDINATE,SOURCE_BACKED
UTR_NODE_5767601231,UTraffic node 5767601231,INTERSECTION_OR_GEOMETRY,10.8720170,106.7458259,UTRAFFIC-HCM-V6,SOURCE_COORDINATE,SOURCE_BACKED
UTR_NODE_5767601263,UTraffic node 5767601263,INTERSECTION_OR_GEOMETRY,10.8708482,106.7464641,UTRAFFIC-HCM-V6,SOURCE_COORDINATE,SOURCE_BACKED
UTR_NODE_5767601272,UTraffic node 5767601272,INTERSECTION_OR_GEOMETRY,10.8705421,106.7466535,UTRAFFIC-HCM-V6,SOURCE_COORDINATE,SOURCE_BACKED
UTR_NODE_5767601287,UTraffic node 5767601287,INTERSECTION_OR_GEOMETRY,10.8698473,106.7470835,UTRAFFIC-HCM-V6,SOURCE_COORDINATE,SOURCE_BACKED
UTR_NODE_5767601288,UTraffic node 5767601288,INTERSECTION_OR_GEOMETRY,10.8697992,106.7471132,UTRAFFIC-HCM-V6,SOURCE_COORDINATE,SOURCE_BACKED
UTR_NODE_5767601357,UTraffic node 5767601357,INTERSECTION_OR_GEOMETRY,10.8711889,106.7415034,UTRAFFIC-HCM-V6,SOURCE_COORDINATE,SOURCE_BACKED
UTR_NODE_5767601360,UTraffic node 5767601360,INTERSECTION_OR_GEOMETRY,10.8719143,106.7430203,UTRAFFIC-HCM-V6,SOURCE_COORDINATE,SOURCE_BACKED
UTR_NODE_5767601368,UTraffic node 5767601368,INTERSECTION_OR_GEOMETRY,10.8718398,106.7428572,UTRAFFIC-HCM-V6,SOURCE_COORDINATE,SOURCE_BACKED
UTR_NODE_5767601371,UTraffic node 5767601371,INTERSECTION_OR_GEOMETRY,10.8723001,106.7417278,UTRAFFIC-HCM-V6,SOURCE_COORDINATE,SOURCE_BACKED
UTR_NODE_5767601375,UTraffic node 5767601375,INTERSECTION_OR_GEOMETRY,10.8722212,106.7414447,UTRAFFIC-HCM-V6,SOURCE_COORDINATE,SOURCE_BACKED
UTR_NODE_5767639415,UTraffic node 5767639415,INTERSECTION_OR_GEOMETRY,10.8694283,106.7473890,UTRAFFIC-HCM-V6,SOURCE_COORDINATE,SOURCE_BACKED
UTR_NODE_5767639424,UTraffic node 5767639424,INTERSECTION_OR_GEOMETRY,10.8717036,106.7459905,UTRAFFIC-HCM-V6,SOURCE_COORDINATE,SOURCE_BACKED
UTR_NODE_5767639430,UTraffic node 5767639430,INTERSECTION_OR_GEOMETRY,10.8718927,106.7429729,UTRAFFIC-HCM-V6,SOURCE_COORDINATE,SOURCE_BACKED
UTR_NODE_5767639435,UTraffic node 5767639435,INTERSECTION_OR_GEOMETRY,10.8700495,106.7385991,UTRAFFIC-HCM-V6,SOURCE_COORDINATE,SOURCE_BACKED
UTR_NODE_5767715176,UTraffic node 5767715176,INTERSECTION_OR_GEOMETRY,10.8673734,106.7304094,UTRAFFIC-HCM-V6,SOURCE_COORDINATE,SOURCE_BACKED
UTR_NODE_5767715206,UTraffic node 5767715206,INTERSECTION_OR_GEOMETRY,10.8670397,106.7357589,UTRAFFIC-HCM-V6,SOURCE_COORDINATE,SOURCE_BACKED
UTR_NODE_5767715230,UTraffic node 5767715230,INTERSECTION_OR_GEOMETRY,10.8687842,106.7351929,UTRAFFIC-HCM-V6,SOURCE_COORDINATE,SOURCE_BACKED
UTR_NODE_5767715233,UTraffic node 5767715233,INTERSECTION_OR_GEOMETRY,10.8678228,106.7367525,UTRAFFIC-HCM-V6,SOURCE_COORDINATE,SOURCE_BACKED
UTR_NODE_5767715242,UTraffic node 5767715242,INTERSECTION_OR_GEOMETRY,10.8671132,106.7359043,UTRAFFIC-HCM-V6,SOURCE_COORDINATE,SOURCE_BACKED
UTR_NODE_5767715246,UTraffic node 5767715246,INTERSECTION_OR_GEOMETRY,10.8682636,106.7356289,UTRAFFIC-HCM-V6,SOURCE_COORDINATE,SOURCE_BACKED
UTR_NODE_5767715254,UTraffic node 5767715254,INTERSECTION_OR_GEOMETRY,10.8682183,106.7357311,UTRAFFIC-HCM-V6,SOURCE_COORDINATE,SOURCE_BACKED
UTR_NODE_5767715258,UTraffic node 5767715258,INTERSECTION_OR_GEOMETRY,10.8684869,106.7351408,UTRAFFIC-HCM-V6,SOURCE_COORDINATE,SOURCE_BACKED
UTR_NODE_5767715260,UTraffic node 5767715260,INTERSECTION_OR_GEOMETRY,10.8692965,106.7366583,UTRAFFIC-HCM-V6,SOURCE_COORDINATE,SOURCE_BACKED
UTR_NODE_5767715276,UTraffic node 5767715276,INTERSECTION_OR_GEOMETRY,10.8713036,106.7364934,UTRAFFIC-HCM-V6,SOURCE_COORDINATE,SOURCE_BACKED
UTR_NODE_5767715277,UTraffic node 5767715277,INTERSECTION_OR_GEOMETRY,10.8716198,106.7369788,UTRAFFIC-HCM-V6,SOURCE_COORDINATE,SOURCE_BACKED
UTR_NODE_5767715287,UTraffic node 5767715287,INTERSECTION_OR_GEOMETRY,10.8714313,106.7362871,UTRAFFIC-HCM-V6,SOURCE_COORDINATE,SOURCE_BACKED
UTR_NODE_5767715292,UTraffic node 5767715292,INTERSECTION_OR_GEOMETRY,10.8711315,106.7354545,UTRAFFIC-HCM-V6,SOURCE_COORDINATE,SOURCE_BACKED
UTR_NODE_5767715295,UTraffic node 5767715295,INTERSECTION_OR_GEOMETRY,10.8706736,106.7344384,UTRAFFIC-HCM-V6,SOURCE_COORDINATE,SOURCE_BACKED
UTR_NODE_5767715316,UTraffic node 5767715316,INTERSECTION_OR_GEOMETRY,10.8676456,106.7320705,UTRAFFIC-HCM-V6,SOURCE_COORDINATE,SOURCE_BACKED
UTR_NODE_5767715318,UTraffic node 5767715318,INTERSECTION_OR_GEOMETRY,10.8675517,106.7318024,UTRAFFIC-HCM-V6,SOURCE_COORDINATE,SOURCE_BACKED
UTR_NODE_5767715327,UTraffic node 5767715327,INTERSECTION_OR_GEOMETRY,10.8689224,106.7312574,UTRAFFIC-HCM-V6,SOURCE_COORDINATE,SOURCE_BACKED
UTR_NODE_5767715343,UTraffic node 5767715343,INTERSECTION_OR_GEOMETRY,10.8682132,106.7298815,UTRAFFIC-HCM-V6,SOURCE_COORDINATE,SOURCE_BACKED
UTR_NODE_5767715348,UTraffic node 5767715348,INTERSECTION_OR_GEOMETRY,10.8678805,106.7292375,UTRAFFIC-HCM-V6,SOURCE_COORDINATE,SOURCE_BACKED
UTR_NODE_5767756896,UTraffic node 5767756896,INTERSECTION_OR_GEOMETRY,10.8674296,106.7308526,UTRAFFIC-HCM-V6,SOURCE_COORDINATE,SOURCE_BACKED
UTR_NODE_5767756903,UTraffic node 5767756903,INTERSECTION_OR_GEOMETRY,10.8680302,106.7362140,UTRAFFIC-HCM-V6,SOURCE_COORDINATE,SOURCE_BACKED
UTR_NODE_5767756904,UTraffic node 5767756904,INTERSECTION_OR_GEOMETRY,10.8680376,106.7361943,UTRAFFIC-HCM-V6,SOURCE_COORDINATE,SOURCE_BACKED
UTR_NODE_5767756912,UTraffic node 5767756912,INTERSECTION_OR_GEOMETRY,10.8718728,106.7326422,UTRAFFIC-HCM-V6,SOURCE_COORDINATE,SOURCE_BACKED
UTR_NODE_5769305524,UTraffic node 5769305524,INTERSECTION_OR_GEOMETRY,10.8586031,106.7234874,UTRAFFIC-HCM-V6,SOURCE_COORDINATE,SOURCE_BACKED
UTR_NODE_5769333449,UTraffic node 5769333449,INTERSECTION_OR_GEOMETRY,10.8539493,106.7320165,UTRAFFIC-HCM-V6,SOURCE_COORDINATE,SOURCE_BACKED
UTR_NODE_5769333737,UTraffic node 5769333737,INTERSECTION_OR_GEOMETRY,10.8553359,106.7357748,UTRAFFIC-HCM-V6,SOURCE_COORDINATE,SOURCE_BACKED
UTR_NODE_5769333742,UTraffic node 5769333742,INTERSECTION_OR_GEOMETRY,10.8555896,106.7366766,UTRAFFIC-HCM-V6,SOURCE_COORDINATE,SOURCE_BACKED
UTR_NODE_5769333928,UTraffic node 5769333928,INTERSECTION_OR_GEOMETRY,10.8556303,106.7368235,UTRAFFIC-HCM-V6,SOURCE_COORDINATE,SOURCE_BACKED
UTR_NODE_5769333942,UTraffic node 5769333942,INTERSECTION_OR_GEOMETRY,10.8553645,106.7358765,UTRAFFIC-HCM-V6,SOURCE_COORDINATE,SOURCE_BACKED
UTR_NODE_5769336065,UTraffic node 5769336065,INTERSECTION_OR_GEOMETRY,10.8699330,106.7271080,UTRAFFIC-HCM-V6,SOURCE_COORDINATE,SOURCE_BACKED
UTR_NODE_5769336078,UTraffic node 5769336078,INTERSECTION_OR_GEOMETRY,10.8717005,106.7261276,UTRAFFIC-HCM-V6,SOURCE_COORDINATE,SOURCE_BACKED
UTR_NODE_5769336082,UTraffic node 5769336082,INTERSECTION_OR_GEOMETRY,10.8681327,106.7280483,UTRAFFIC-HCM-V6,SOURCE_COORDINATE,SOURCE_BACKED
UTR_NODE_5769336089,UTraffic node 5769336089,INTERSECTION_OR_GEOMETRY,10.8669569,106.7268919,UTRAFFIC-HCM-V6,SOURCE_COORDINATE,SOURCE_BACKED
UTR_NODE_5769336118,UTraffic node 5769336118,INTERSECTION_OR_GEOMETRY,10.8668944,106.7267676,UTRAFFIC-HCM-V6,SOURCE_COORDINATE,SOURCE_BACKED
UTR_NODE_5769336119,UTraffic node 5769336119,INTERSECTION_OR_GEOMETRY,10.8669323,106.7268307,UTRAFFIC-HCM-V6,SOURCE_COORDINATE,SOURCE_BACKED
UTR_NODE_5769336129,UTraffic node 5769336129,INTERSECTION_OR_GEOMETRY,10.8697421,106.7272126,UTRAFFIC-HCM-V6,SOURCE_COORDINATE,SOURCE_BACKED
UTR_NODE_5769336130,UTraffic node 5769336130,INTERSECTION_OR_GEOMETRY,10.8705521,106.7267660,UTRAFFIC-HCM-V6,SOURCE_COORDINATE,SOURCE_BACKED
UTR_NODE_5769390107,UTraffic node 5769390107,INTERSECTION_OR_GEOMETRY,10.8591552,106.7405850,UTRAFFIC-HCM-V6,SOURCE_COORDINATE,SOURCE_BACKED
UTR_NODE_5769390113,UTraffic node 5769390113,INTERSECTION_OR_GEOMETRY,10.8577635,106.7394736,UTRAFFIC-HCM-V6,SOURCE_COORDINATE,SOURCE_BACKED
UTR_NODE_5769390142,UTraffic node 5769390142,INTERSECTION_OR_GEOMETRY,10.8569699,106.7388511,UTRAFFIC-HCM-V6,SOURCE_COORDINATE,SOURCE_BACKED
UTR_NODE_5769390154,UTraffic node 5769390154,INTERSECTION_OR_GEOMETRY,10.8590947,106.7405351,UTRAFFIC-HCM-V6,SOURCE_COORDINATE,SOURCE_BACKED
UTR_NODE_5769390184,UTraffic node 5769390184,INTERSECTION_OR_GEOMETRY,10.8582463,106.7398573,UTRAFFIC-HCM-V6,SOURCE_COORDINATE,SOURCE_BACKED
UTR_NODE_5769390203,UTraffic node 5769390203,INTERSECTION_OR_GEOMETRY,10.8559680,106.7380668,UTRAFFIC-HCM-V6,SOURCE_COORDINATE,SOURCE_BACKED
UTR_NODE_5769474026,UTraffic node 5769474026,INTERSECTION_OR_GEOMETRY,10.8547565,106.7552300,UTRAFFIC-HCM-V6,SOURCE_COORDINATE,SOURCE_BACKED
UTR_NODE_5769474255,UTraffic node 5769474255,INTERSECTION_OR_GEOMETRY,10.8549774,106.7507481,UTRAFFIC-HCM-V6,SOURCE_COORDINATE,SOURCE_BACKED
UTR_NODE_5769474277,UTraffic node 5769474277,INTERSECTION_OR_GEOMETRY,10.8579811,106.7579891,UTRAFFIC-HCM-V6,SOURCE_COORDINATE,SOURCE_BACKED
UTR_NODE_5769474281,UTraffic node 5769474281,INTERSECTION_OR_GEOMETRY,10.8565353,106.7566700,UTRAFFIC-HCM-V6,SOURCE_COORDINATE,SOURCE_BACKED
UTR_NODE_5769474289,UTraffic node 5769474289,INTERSECTION_OR_GEOMETRY,10.8560725,106.7503978,UTRAFFIC-HCM-V6,SOURCE_COORDINATE,SOURCE_BACKED
UTR_NODE_5769474295,UTraffic node 5769474295,INTERSECTION_OR_GEOMETRY,10.8555432,106.7505955,UTRAFFIC-HCM-V6,SOURCE_COORDINATE,SOURCE_BACKED
UTR_NODE_5769474298,UTraffic node 5769474298,INTERSECTION_OR_GEOMETRY,10.8581357,106.7490190,UTRAFFIC-HCM-V6,SOURCE_COORDINATE,SOURCE_BACKED
UTR_NODE_5769474310,UTraffic node 5769474310,INTERSECTION_OR_GEOMETRY,10.8542830,106.7518195,UTRAFFIC-HCM-V6,SOURCE_COORDINATE,SOURCE_BACKED
UTR_NODE_5769474338,UTraffic node 5769474338,INTERSECTION_OR_GEOMETRY,10.8559193,106.7519859,UTRAFFIC-HCM-V6,SOURCE_COORDINATE,SOURCE_BACKED
UTR_NODE_5769474346,UTraffic node 5769474346,INTERSECTION_OR_GEOMETRY,10.8563652,106.7565436,UTRAFFIC-HCM-V6,SOURCE_COORDINATE,SOURCE_BACKED
UTR_NODE_5769474359,UTraffic node 5769474359,INTERSECTION_OR_GEOMETRY,10.8586747,106.7520470,UTRAFFIC-HCM-V6,SOURCE_COORDINATE,SOURCE_BACKED
UTR_NODE_5769474369,UTraffic node 5769474369,INTERSECTION_OR_GEOMETRY,10.8570876,106.7570109,UTRAFFIC-HCM-V6,SOURCE_COORDINATE,SOURCE_BACKED
UTR_NODE_5769474379,UTraffic node 5769474379,INTERSECTION_OR_GEOMETRY,10.8576240,106.7572736,UTRAFFIC-HCM-V6,SOURCE_COORDINATE,SOURCE_BACKED
UTR_NODE_5769474391,UTraffic node 5769474391,INTERSECTION_OR_GEOMETRY,10.8551755,106.7554963,UTRAFFIC-HCM-V6,SOURCE_COORDINATE,SOURCE_BACKED
UTR_NODE_5769474415,UTraffic node 5769474415,INTERSECTION_OR_GEOMETRY,10.8574901,106.7495305,UTRAFFIC-HCM-V6,SOURCE_COORDINATE,SOURCE_BACKED
UTR_NODE_5769474431,UTraffic node 5769474431,INTERSECTION_OR_GEOMETRY,10.8551197,106.7494113,UTRAFFIC-HCM-V6,SOURCE_COORDINATE,SOURCE_BACKED
UTR_NODE_5769480022,UTraffic node 5769480022,INTERSECTION_OR_GEOMETRY,10.8572676,106.7571010,UTRAFFIC-HCM-V6,SOURCE_COORDINATE,SOURCE_BACKED
UTR_NODE_5769559240,UTraffic node 5769559240,INTERSECTION_OR_GEOMETRY,10.8568540,106.7645681,UTRAFFIC-HCM-V6,SOURCE_COORDINATE,SOURCE_BACKED
UTR_NODE_5769559484,UTraffic node 5769559484,INTERSECTION_OR_GEOMETRY,10.8577816,106.7635071,UTRAFFIC-HCM-V6,SOURCE_COORDINATE,SOURCE_BACKED
UTR_NODE_5769559515,UTraffic node 5769559515,INTERSECTION_OR_GEOMETRY,10.8591618,106.7624419,UTRAFFIC-HCM-V6,SOURCE_COORDINATE,SOURCE_BACKED
UTR_NODE_5769559520,UTraffic node 5769559520,INTERSECTION_OR_GEOMETRY,10.8584684,106.7588271,UTRAFFIC-HCM-V6,SOURCE_COORDINATE,SOURCE_BACKED
UTR_NODE_5769559524,UTraffic node 5769559524,INTERSECTION_OR_GEOMETRY,10.8580389,106.7581904,UTRAFFIC-HCM-V6,SOURCE_COORDINATE,SOURCE_BACKED
UTR_NODE_5769559543,UTraffic node 5769559543,INTERSECTION_OR_GEOMETRY,10.8581716,106.7584467,UTRAFFIC-HCM-V6,SOURCE_COORDINATE,SOURCE_BACKED
UTR_NODE_5769562190,UTraffic node 5769562190,INTERSECTION_OR_GEOMETRY,10.8645045,106.7226914,UTRAFFIC-HCM-V6,SOURCE_COORDINATE,SOURCE_BACKED
UTR_NODE_5769562231,UTraffic node 5769562231,INTERSECTION_OR_GEOMETRY,10.8643372,106.7242815,UTRAFFIC-HCM-V6,SOURCE_COORDINATE,SOURCE_BACKED
UTR_NODE_5769562238,UTraffic node 5769562238,INTERSECTION_OR_GEOMETRY,10.8630119,106.7213046,UTRAFFIC-HCM-V6,SOURCE_COORDINATE,SOURCE_BACKED
UTR_NODE_5769562265,UTraffic node 5769562265,INTERSECTION_OR_GEOMETRY,10.8631590,106.7212716,UTRAFFIC-HCM-V6,SOURCE_COORDINATE,SOURCE_BACKED
UTR_NODE_5769562269,UTraffic node 5769562269,INTERSECTION_OR_GEOMETRY,10.8633259,106.7212269,UTRAFFIC-HCM-V6,SOURCE_COORDINATE,SOURCE_BACKED
UTR_NODE_5769562271,UTraffic node 5769562271,INTERSECTION_OR_GEOMETRY,10.8640585,106.7218553,UTRAFFIC-HCM-V6,SOURCE_COORDINATE,SOURCE_BACKED
UTR_NODE_5769586909,UTraffic node 5769586909,INTERSECTION_OR_GEOMETRY,10.8592804,106.7780856,UTRAFFIC-HCM-V6,SOURCE_COORDINATE,SOURCE_BACKED
UTR_NODE_5769586942,UTraffic node 5769586942,INTERSECTION_OR_GEOMETRY,10.8582465,106.7774425,UTRAFFIC-HCM-V6,SOURCE_COORDINATE,SOURCE_BACKED
UTR_NODE_5769586957,UTraffic node 5769586957,INTERSECTION_OR_GEOMETRY,10.8554639,106.7740980,UTRAFFIC-HCM-V6,SOURCE_COORDINATE,SOURCE_BACKED
UTR_NODE_5769613632,UTraffic node 5769613632,INTERSECTION_OR_GEOMETRY,10.8640098,106.7217566,UTRAFFIC-HCM-V6,SOURCE_COORDINATE,SOURCE_BACKED
UTR_NODE_5769613633,UTraffic node 5769613633,INTERSECTION_OR_GEOMETRY,10.8666791,106.7273884,UTRAFFIC-HCM-V6,SOURCE_COORDINATE,SOURCE_BACKED
UTR_NODE_5769613635,UTraffic node 5769613635,INTERSECTION_OR_GEOMETRY,10.8669622,106.7274602,UTRAFFIC-HCM-V6,SOURCE_COORDINATE,SOURCE_BACKED
UTR_NODE_5769614166,UTraffic node 5769614166,INTERSECTION_OR_GEOMETRY,10.8664117,106.7257949,UTRAFFIC-HCM-V6,SOURCE_COORDINATE,SOURCE_BACKED
UTR_NODE_5769614169,UTraffic node 5769614169,INTERSECTION_OR_GEOMETRY,10.8665108,106.7260034,UTRAFFIC-HCM-V6,SOURCE_COORDINATE,SOURCE_BACKED
UTR_NODE_5769614171,UTraffic node 5769614171,INTERSECTION_OR_GEOMETRY,10.8655058,106.7246642,UTRAFFIC-HCM-V6,SOURCE_COORDINATE,SOURCE_BACKED
UTR_NODE_5769614175,UTraffic node 5769614175,INTERSECTION_OR_GEOMETRY,10.8658036,106.7252649,UTRAFFIC-HCM-V6,SOURCE_COORDINATE,SOURCE_BACKED
UTR_NODE_5769614180,UTraffic node 5769614180,INTERSECTION_OR_GEOMETRY,10.8660300,106.7257144,UTRAFFIC-HCM-V6,SOURCE_COORDINATE,SOURCE_BACKED
UTR_NODE_5769614186,UTraffic node 5769614186,INTERSECTION_OR_GEOMETRY,10.8663876,106.7264146,UTRAFFIC-HCM-V6,SOURCE_COORDINATE,SOURCE_BACKED
UTR_NODE_5769614207,UTraffic node 5769614207,INTERSECTION_OR_GEOMETRY,10.8635667,106.7248056,UTRAFFIC-HCM-V6,SOURCE_COORDINATE,SOURCE_BACKED
UTR_NODE_5769614209,UTraffic node 5769614209,INTERSECTION_OR_GEOMETRY,10.8663277,106.7262973,UTRAFFIC-HCM-V6,SOURCE_COORDINATE,SOURCE_BACKED
UTR_NODE_5769614211,UTraffic node 5769614211,INTERSECTION_OR_GEOMETRY,10.8644252,106.7243626,UTRAFFIC-HCM-V6,SOURCE_COORDINATE,SOURCE_BACKED
UTR_NODE_5769614213,UTraffic node 5769614213,INTERSECTION_OR_GEOMETRY,10.8654404,106.7245325,UTRAFFIC-HCM-V6,SOURCE_COORDINATE,SOURCE_BACKED
UTR_NODE_5769614224,UTraffic node 5769614224,INTERSECTION_OR_GEOMETRY,10.8638862,106.7246469,UTRAFFIC-HCM-V6,SOURCE_COORDINATE,SOURCE_BACKED
UTR_NODE_5769742325,UTraffic node 5769742325,INTERSECTION_OR_GEOMETRY,10.8669134,106.7282864,UTRAFFIC-HCM-V6,SOURCE_COORDINATE,SOURCE_BACKED
UTR_NODE_5769742345,UTraffic node 5769742345,INTERSECTION_OR_GEOMETRY,10.8669957,106.7285812,UTRAFFIC-HCM-V6,SOURCE_COORDINATE,SOURCE_BACKED
UTR_NODE_5769745070,UTraffic node 5769745070,INTERSECTION_OR_GEOMETRY,10.8670694,106.7288587,UTRAFFIC-HCM-V6,SOURCE_COORDINATE,SOURCE_BACKED
UTR_NODE_5769745074,UTraffic node 5769745074,INTERSECTION_OR_GEOMETRY,10.8672988,106.7298612,UTRAFFIC-HCM-V6,SOURCE_COORDINATE,SOURCE_BACKED
UTR_NODE_5769804485,UTraffic node 5769804485,INTERSECTION_OR_GEOMETRY,10.8665179,106.7265440,UTRAFFIC-HCM-V6,SOURCE_COORDINATE,SOURCE_BACKED
UTR_NODE_5769868003,UTraffic node 5769868003,INTERSECTION_OR_GEOMETRY,10.8624645,106.7214273,UTRAFFIC-HCM-V6,SOURCE_COORDINATE,SOURCE_BACKED
UTR_NODE_5769868005,UTraffic node 5769868005,INTERSECTION_OR_GEOMETRY,10.8622854,106.7214701,UTRAFFIC-HCM-V6,SOURCE_COORDINATE,SOURCE_BACKED
UTR_NODE_5769868048,UTraffic node 5769868048,INTERSECTION_OR_GEOMETRY,10.8600019,106.7220138,UTRAFFIC-HCM-V6,SOURCE_COORDINATE,SOURCE_BACKED
UTR_NODE_5769895753,UTraffic node 5769895753,INTERSECTION_OR_GEOMETRY,10.8612481,106.7217235,UTRAFFIC-HCM-V6,SOURCE_COORDINATE,SOURCE_BACKED
UTR_NODE_5769895759,UTraffic node 5769895759,INTERSECTION_OR_GEOMETRY,10.8614687,106.7216696,UTRAFFIC-HCM-V6,SOURCE_COORDINATE,SOURCE_BACKED
UTR_NODE_5769895761,UTraffic node 5769895761,INTERSECTION_OR_GEOMETRY,10.8627181,106.7213705,UTRAFFIC-HCM-V6,SOURCE_COORDINATE,SOURCE_BACKED
UTR_NODE_5769895769,UTraffic node 5769895769,INTERSECTION_OR_GEOMETRY,10.8604301,106.7241994,UTRAFFIC-HCM-V6,SOURCE_COORDINATE,SOURCE_BACKED
UTR_NODE_5771992967,UTraffic node 5771992967,INTERSECTION_OR_GEOMETRY,10.8673335,106.7300953,UTRAFFIC-HCM-V6,SOURCE_COORDINATE,SOURCE_BACKED
UTR_NODE_5771992969,UTraffic node 5771992969,INTERSECTION_OR_GEOMETRY,10.8670187,106.7357173,UTRAFFIC-HCM-V6,SOURCE_COORDINATE,SOURCE_BACKED
UTR_NODE_5771993193,UTraffic node 5771993193,INTERSECTION_OR_GEOMETRY,10.8663256,106.7341667,UTRAFFIC-HCM-V6,SOURCE_COORDINATE,SOURCE_BACKED
UTR_NODE_5771993194,UTraffic node 5771993194,INTERSECTION_OR_GEOMETRY,10.8662486,106.7342235,UTRAFFIC-HCM-V6,SOURCE_COORDINATE,SOURCE_BACKED
UTR_NODE_5771993195,UTraffic node 5771993195,INTERSECTION_OR_GEOMETRY,10.8663503,106.7341670,UTRAFFIC-HCM-V6,SOURCE_COORDINATE,SOURCE_BACKED
UTR_NODE_5772027785,UTraffic node 5772027785,INTERSECTION_OR_GEOMETRY,10.8662518,106.7389136,UTRAFFIC-HCM-V6,SOURCE_COORDINATE,SOURCE_BACKED
UTR_NODE_5772027795,UTraffic node 5772027795,INTERSECTION_OR_GEOMETRY,10.8660235,106.7407389,UTRAFFIC-HCM-V6,SOURCE_COORDINATE,SOURCE_BACKED
UTR_NODE_5772027801,UTraffic node 5772027801,INTERSECTION_OR_GEOMETRY,10.8653474,106.7417093,UTRAFFIC-HCM-V6,SOURCE_COORDINATE,SOURCE_BACKED
UTR_NODE_5772027824,UTraffic node 5772027824,INTERSECTION_OR_GEOMETRY,10.8646620,106.7419258,UTRAFFIC-HCM-V6,SOURCE_COORDINATE,SOURCE_BACKED
UTR_NODE_5772027827,UTraffic node 5772027827,INTERSECTION_OR_GEOMETRY,10.8641695,106.7420599,UTRAFFIC-HCM-V6,SOURCE_COORDINATE,SOURCE_BACKED
UTR_NODE_5772027839,UTraffic node 5772027839,INTERSECTION_OR_GEOMETRY,10.8658949,106.7473789,UTRAFFIC-HCM-V6,SOURCE_COORDINATE,SOURCE_BACKED
UTR_NODE_5772027846,UTraffic node 5772027846,INTERSECTION_OR_GEOMETRY,10.8646532,106.7464793,UTRAFFIC-HCM-V6,SOURCE_COORDINATE,SOURCE_BACKED
UTR_NODE_5772027847,UTraffic node 5772027847,INTERSECTION_OR_GEOMETRY,10.8640284,106.7459861,UTRAFFIC-HCM-V6,SOURCE_COORDINATE,SOURCE_BACKED
UTR_NODE_5772027855,UTraffic node 5772027855,INTERSECTION_OR_GEOMETRY,10.8662141,106.7389981,UTRAFFIC-HCM-V6,SOURCE_COORDINATE,SOURCE_BACKED
UTR_NODE_5772027869,UTraffic node 5772027869,INTERSECTION_OR_GEOMETRY,10.8634757,106.7455507,UTRAFFIC-HCM-V6,SOURCE_COORDINATE,SOURCE_BACKED
UTR_NODE_5772027894,UTraffic node 5772027894,INTERSECTION_OR_GEOMETRY,10.8631155,106.7426357,UTRAFFIC-HCM-V6,SOURCE_COORDINATE,SOURCE_BACKED
UTR_NODE_5772027899,UTraffic node 5772027899,INTERSECTION_OR_GEOMETRY,10.8629833,106.7428263,UTRAFFIC-HCM-V6,SOURCE_COORDINATE,SOURCE_BACKED
UTR_NODE_5772027922,UTraffic node 5772027922,INTERSECTION_OR_GEOMETRY,10.8660714,106.7403861,UTRAFFIC-HCM-V6,SOURCE_COORDINATE,SOURCE_BACKED
UTR_NODE_5772027928,UTraffic node 5772027928,INTERSECTION_OR_GEOMETRY,10.8660869,106.7402027,UTRAFFIC-HCM-V6,SOURCE_COORDINATE,SOURCE_BACKED
UTR_NODE_5772027934,UTraffic node 5772027934,INTERSECTION_OR_GEOMETRY,10.8661229,106.7394124,UTRAFFIC-HCM-V6,SOURCE_COORDINATE,SOURCE_BACKED
UTR_NODE_5772027972,UTraffic node 5772027972,INTERSECTION_OR_GEOMETRY,10.8661645,106.7392333,UTRAFFIC-HCM-V6,SOURCE_COORDINATE,SOURCE_BACKED
UTR_NODE_5772027973,UTraffic node 5772027973,INTERSECTION_OR_GEOMETRY,10.8662869,106.7388350,UTRAFFIC-HCM-V6,SOURCE_COORDINATE,SOURCE_BACKED
UTR_NODE_5772083748,UTraffic node 5772083748,INTERSECTION_OR_GEOMETRY,10.8646810,106.7592825,UTRAFFIC-HCM-V6,SOURCE_COORDINATE,SOURCE_BACKED
UTR_NODE_5772089053,UTraffic node 5772089053,INTERSECTION_OR_GEOMETRY,10.8635615,106.7564364,UTRAFFIC-HCM-V6,SOURCE_COORDINATE,SOURCE_BACKED
UTR_NODE_5772089073,UTraffic node 5772089073,INTERSECTION_OR_GEOMETRY,10.8635318,106.7560758,UTRAFFIC-HCM-V6,SOURCE_COORDINATE,SOURCE_BACKED
UTR_NODE_5772096767,UTraffic node 5772096767,INTERSECTION_OR_GEOMETRY,10.8669922,106.7577176,UTRAFFIC-HCM-V6,SOURCE_COORDINATE,SOURCE_BACKED
UTR_NODE_5772096769,UTraffic node 5772096769,INTERSECTION_OR_GEOMETRY,10.8662018,106.7583017,UTRAFFIC-HCM-V6,SOURCE_COORDINATE,SOURCE_BACKED
UTR_NODE_5772136714,UTraffic node 5772136714,INTERSECTION_OR_GEOMETRY,10.8659932,106.7631666,UTRAFFIC-HCM-V6,SOURCE_COORDINATE,SOURCE_BACKED
UTR_NODE_5772136715,UTraffic node 5772136715,INTERSECTION_OR_GEOMETRY,10.8642086,106.7662176,UTRAFFIC-HCM-V6,SOURCE_COORDINATE,SOURCE_BACKED
UTR_NODE_5772136716,UTraffic node 5772136716,INTERSECTION_OR_GEOMETRY,10.8642244,106.7661640,UTRAFFIC-HCM-V6,SOURCE_COORDINATE,SOURCE_BACKED
UTR_NODE_5772136717,UTraffic node 5772136717,INTERSECTION_OR_GEOMETRY,10.8642639,106.7660540,UTRAFFIC-HCM-V6,SOURCE_COORDINATE,SOURCE_BACKED
UTR_NODE_5772136718,UTraffic node 5772136718,INTERSECTION_OR_GEOMETRY,10.8644246,106.7657483,UTRAFFIC-HCM-V6,SOURCE_COORDINATE,SOURCE_BACKED
UTR_NODE_5772136719,UTraffic node 5772136719,INTERSECTION_OR_GEOMETRY,10.8646564,106.7654049,UTRAFFIC-HCM-V6,SOURCE_COORDINATE,SOURCE_BACKED
UTR_NODE_5772136720,UTraffic node 5772136720,INTERSECTION_OR_GEOMETRY,10.8649962,106.7648229,UTRAFFIC-HCM-V6,SOURCE_COORDINATE,SOURCE_BACKED
UTR_NODE_5772136721,UTraffic node 5772136721,INTERSECTION_OR_GEOMETRY,10.8658945,106.7633745,UTRAFFIC-HCM-V6,SOURCE_COORDINATE,SOURCE_BACKED
UTR_NODE_5772136722,UTraffic node 5772136722,INTERSECTION_OR_GEOMETRY,10.8660288,106.7630097,UTRAFFIC-HCM-V6,SOURCE_COORDINATE,SOURCE_BACKED
UTR_NODE_5772136723,UTraffic node 5772136723,INTERSECTION_OR_GEOMETRY,10.8660367,106.7628220,UTRAFFIC-HCM-V6,SOURCE_COORDINATE,SOURCE_BACKED
UTR_NODE_5772136737,UTraffic node 5772136737,INTERSECTION_OR_GEOMETRY,10.8645021,106.7614063,UTRAFFIC-HCM-V6,SOURCE_COORDINATE,SOURCE_BACKED
UTR_NODE_5772136749,UTraffic node 5772136749,INTERSECTION_OR_GEOMETRY,10.8631760,106.7602658,UTRAFFIC-HCM-V6,SOURCE_COORDINATE,SOURCE_BACKED
UTR_NODE_5772137756,UTraffic node 5772137756,INTERSECTION_OR_GEOMETRY,10.8636120,106.7609277,UTRAFFIC-HCM-V6,SOURCE_COORDINATE,SOURCE_BACKED
UTR_NODE_5772137762,UTraffic node 5772137762,INTERSECTION_OR_GEOMETRY,10.8666478,106.7579645,UTRAFFIC-HCM-V6,SOURCE_COORDINATE,SOURCE_BACKED
UTR_NODE_5772137763,UTraffic node 5772137763,INTERSECTION_OR_GEOMETRY,10.8658629,106.7585251,UTRAFFIC-HCM-V6,SOURCE_COORDINATE,SOURCE_BACKED
UTR_NODE_5772137764,UTraffic node 5772137764,INTERSECTION_OR_GEOMETRY,10.8662395,106.7612770,UTRAFFIC-HCM-V6,SOURCE_COORDINATE,SOURCE_BACKED
UTR_NODE_5772165153,UTraffic node 5772165153,INTERSECTION_OR_GEOMETRY,10.8652835,106.7643596,UTRAFFIC-HCM-V6,SOURCE_COORDINATE,SOURCE_BACKED
UTR_NODE_5772165177,UTraffic node 5772165177,INTERSECTION_OR_GEOMETRY,10.8654444,106.7619106,UTRAFFIC-HCM-V6,SOURCE_COORDINATE,SOURCE_BACKED
UTR_NODE_5772165183,UTraffic node 5772165183,INTERSECTION_OR_GEOMETRY,10.8642480,106.7612747,UTRAFFIC-HCM-V6,SOURCE_COORDINATE,SOURCE_BACKED
UTR_NODE_5772165218,UTraffic node 5772165218,INTERSECTION_OR_GEOMETRY,10.8653068,106.7643221,UTRAFFIC-HCM-V6,SOURCE_COORDINATE,SOURCE_BACKED
UTR_NODE_5772165230,UTraffic node 5772165230,INTERSECTION_OR_GEOMETRY,10.8643140,106.7672127,UTRAFFIC-HCM-V6,SOURCE_COORDINATE,SOURCE_BACKED
UTR_NODE_5772165245,UTraffic node 5772165245,INTERSECTION_OR_GEOMETRY,10.8642139,106.7675856,UTRAFFIC-HCM-V6,SOURCE_COORDINATE,SOURCE_BACKED
UTR_NODE_5772165247,UTraffic node 5772165247,INTERSECTION_OR_GEOMETRY,10.8641064,106.7678469,UTRAFFIC-HCM-V6,SOURCE_COORDINATE,SOURCE_BACKED
UTR_NODE_5772165251,UTraffic node 5772165251,INTERSECTION_OR_GEOMETRY,10.8642928,106.7669108,UTRAFFIC-HCM-V6,SOURCE_COORDINATE,SOURCE_BACKED
UTR_NODE_5772165268,UTraffic node 5772165268,INTERSECTION_OR_GEOMETRY,10.8638800,106.7684612,UTRAFFIC-HCM-V6,SOURCE_COORDINATE,SOURCE_BACKED
UTR_NODE_5772165277,UTraffic node 5772165277,INTERSECTION_OR_GEOMETRY,10.8651037,106.7646496,UTRAFFIC-HCM-V6,SOURCE_COORDINATE,SOURCE_BACKED
UTR_NODE_5772192583,UTraffic node 5772192583,INTERSECTION_OR_GEOMETRY,10.8630249,106.7708246,UTRAFFIC-HCM-V6,SOURCE_COORDINATE,SOURCE_BACKED
UTR_NODE_5772227288,UTraffic node 5772227288,INTERSECTION_OR_GEOMETRY,10.8609748,106.7421212,UTRAFFIC-HCM-V6,SOURCE_COORDINATE,SOURCE_BACKED
UTR_NODE_5772269440,UTraffic node 5772269440,INTERSECTION_OR_GEOMETRY,10.8676260,106.7880061,UTRAFFIC-HCM-V6,SOURCE_COORDINATE,SOURCE_BACKED
UTR_NODE_5772276219,UTraffic node 5772276219,INTERSECTION_OR_GEOMETRY,10.8656837,106.7815518,UTRAFFIC-HCM-V6,SOURCE_COORDINATE,SOURCE_BACKED
UTR_NODE_5772276231,UTraffic node 5772276231,INTERSECTION_OR_GEOMETRY,10.8675970,106.7823430,UTRAFFIC-HCM-V6,SOURCE_COORDINATE,SOURCE_BACKED
UTR_NODE_5772276237,UTraffic node 5772276237,INTERSECTION_OR_GEOMETRY,10.8669761,106.7818495,UTRAFFIC-HCM-V6,SOURCE_COORDINATE,SOURCE_BACKED
UTR_NODE_5772276238,UTraffic node 5772276238,INTERSECTION_OR_GEOMETRY,10.8669995,106.7818522,UTRAFFIC-HCM-V6,SOURCE_COORDINATE,SOURCE_BACKED
UTR_NODE_5772276364,UTraffic node 5772276364,INTERSECTION_OR_GEOMETRY,10.8662331,106.7817485,UTRAFFIC-HCM-V6,SOURCE_COORDINATE,SOURCE_BACKED
UTR_NODE_5772276417,UTraffic node 5772276417,INTERSECTION_OR_GEOMETRY,10.8660336,106.7816865,UTRAFFIC-HCM-V6,SOURCE_COORDINATE,SOURCE_BACKED
UTR_NODE_5772276421,UTraffic node 5772276421,INTERSECTION_OR_GEOMETRY,10.8643318,106.7808762,UTRAFFIC-HCM-V6,SOURCE_COORDINATE,SOURCE_BACKED
UTR_NODE_5772276426,UTraffic node 5772276426,INTERSECTION_OR_GEOMETRY,10.8636963,106.7805272,UTRAFFIC-HCM-V6,SOURCE_COORDINATE,SOURCE_BACKED
UTR_NODE_5772276446,UTraffic node 5772276446,INTERSECTION_OR_GEOMETRY,10.8628729,106.7801092,UTRAFFIC-HCM-V6,SOURCE_COORDINATE,SOURCE_BACKED
UTR_NODE_5772464363,UTraffic node 5772464363,INTERSECTION_OR_GEOMETRY,10.8596669,106.7481177,UTRAFFIC-HCM-V6,SOURCE_COORDINATE,SOURCE_BACKED
UTR_NODE_5772464365,UTraffic node 5772464365,INTERSECTION_OR_GEOMETRY,10.8599952,106.7413214,UTRAFFIC-HCM-V6,SOURCE_COORDINATE,SOURCE_BACKED
UTR_NODE_5772464389,UTraffic node 5772464389,INTERSECTION_OR_GEOMETRY,10.8596855,106.7468774,UTRAFFIC-HCM-V6,SOURCE_COORDINATE,SOURCE_BACKED
UTR_NODE_5772464409,UTraffic node 5772464409,INTERSECTION_OR_GEOMETRY,10.8607365,106.7419259,UTRAFFIC-HCM-V6,SOURCE_COORDINATE,SOURCE_BACKED
UTR_NODE_5772493212,UTraffic node 5772493212,INTERSECTION_OR_GEOMETRY,10.8742048,106.7477078,UTRAFFIC-HCM-V6,SOURCE_COORDINATE,SOURCE_BACKED
UTR_NODE_5772493213,UTraffic node 5772493213,INTERSECTION_OR_GEOMETRY,10.8740800,106.7468780,UTRAFFIC-HCM-V6,SOURCE_COORDINATE,SOURCE_BACKED
UTR_NODE_5772493218,UTraffic node 5772493218,INTERSECTION_OR_GEOMETRY,10.8676743,106.7879835,UTRAFFIC-HCM-V6,SOURCE_COORDINATE,SOURCE_BACKED
UTR_NODE_5772493219,UTraffic node 5772493219,INTERSECTION_OR_GEOMETRY,10.8670649,106.7881487,UTRAFFIC-HCM-V6,SOURCE_COORDINATE,SOURCE_BACKED
UTR_NODE_5772493220,UTraffic node 5772493220,INTERSECTION_OR_GEOMETRY,10.8670849,106.7877088,UTRAFFIC-HCM-V6,SOURCE_COORDINATE,SOURCE_BACKED
UTR_NODE_5772493221,UTraffic node 5772493221,INTERSECTION_OR_GEOMETRY,10.8697023,106.7761428,UTRAFFIC-HCM-V6,SOURCE_COORDINATE,SOURCE_BACKED
UTR_NODE_5772493222,UTraffic node 5772493222,INTERSECTION_OR_GEOMETRY,10.8697310,106.7762625,UTRAFFIC-HCM-V6,SOURCE_COORDINATE,SOURCE_BACKED
UTR_NODE_5772493223,UTraffic node 5772493223,INTERSECTION_OR_GEOMETRY,10.8695559,106.7767856,UTRAFFIC-HCM-V6,SOURCE_COORDINATE,SOURCE_BACKED
UTR_NODE_5772493224,UTraffic node 5772493224,INTERSECTION_OR_GEOMETRY,10.8693246,106.7775634,UTRAFFIC-HCM-V6,SOURCE_COORDINATE,SOURCE_BACKED
UTR_NODE_5772493225,UTraffic node 5772493225,INTERSECTION_OR_GEOMETRY,10.8692740,106.7776935,UTRAFFIC-HCM-V6,SOURCE_COORDINATE,SOURCE_BACKED
UTR_NODE_5772493226,UTraffic node 5772493226,INTERSECTION_OR_GEOMETRY,10.8692489,106.7777838,UTRAFFIC-HCM-V6,SOURCE_COORDINATE,SOURCE_BACKED
UTR_NODE_5772493227,UTraffic node 5772493227,INTERSECTION_OR_GEOMETRY,10.8695464,106.7761728,UTRAFFIC-HCM-V6,SOURCE_COORDINATE,SOURCE_BACKED
UTR_NODE_5772493228,UTraffic node 5772493228,INTERSECTION_OR_GEOMETRY,10.8691410,106.7772509,UTRAFFIC-HCM-V6,SOURCE_COORDINATE,SOURCE_BACKED
UTR_NODE_5772493229,UTraffic node 5772493229,INTERSECTION_OR_GEOMETRY,10.8691883,106.7777650,UTRAFFIC-HCM-V6,SOURCE_COORDINATE,SOURCE_BACKED
UTR_NODE_5772493230,UTraffic node 5772493230,INTERSECTION_OR_GEOMETRY,10.8686083,106.7797738,UTRAFFIC-HCM-V6,SOURCE_COORDINATE,SOURCE_BACKED
UTR_NODE_5772493231,UTraffic node 5772493231,INTERSECTION_OR_GEOMETRY,10.8691913,106.7779568,UTRAFFIC-HCM-V6,SOURCE_COORDINATE,SOURCE_BACKED
UTR_NODE_5772493232,UTraffic node 5772493232,INTERSECTION_OR_GEOMETRY,10.8688556,106.7781652,UTRAFFIC-HCM-V6,SOURCE_COORDINATE,SOURCE_BACKED
UTR_NODE_5772493233,UTraffic node 5772493233,INTERSECTION_OR_GEOMETRY,10.8697267,106.7756391,UTRAFFIC-HCM-V6,SOURCE_COORDINATE,SOURCE_BACKED
UTR_NODE_5772493234,UTraffic node 5772493234,INTERSECTION_OR_GEOMETRY,10.8697090,106.7755192,UTRAFFIC-HCM-V6,SOURCE_COORDINATE,SOURCE_BACKED
UTR_NODE_5772493235,UTraffic node 5772493235,INTERSECTION_OR_GEOMETRY,10.8698957,106.7757180,UTRAFFIC-HCM-V6,SOURCE_COORDINATE,SOURCE_BACKED
UTR_NODE_5772493237,UTraffic node 5772493237,INTERSECTION_OR_GEOMETRY,10.8697505,106.7754033,UTRAFFIC-HCM-V6,SOURCE_COORDINATE,SOURCE_BACKED
UTR_NODE_5772493238,UTraffic node 5772493238,INTERSECTION_OR_GEOMETRY,10.8698065,106.7752461,UTRAFFIC-HCM-V6,SOURCE_COORDINATE,SOURCE_BACKED
UTR_NODE_5772493240,UTraffic node 5772493240,INTERSECTION_OR_GEOMETRY,10.8698999,106.7749789,UTRAFFIC-HCM-V6,SOURCE_COORDINATE,SOURCE_BACKED
UTR_NODE_5772493242,UTraffic node 5772493242,INTERSECTION_OR_GEOMETRY,10.8700397,106.7745867,UTRAFFIC-HCM-V6,SOURCE_COORDINATE,SOURCE_BACKED
UTR_NODE_5772493554,UTraffic node 5772493554,INTERSECTION_OR_GEOMETRY,10.8670917,106.7875729,UTRAFFIC-HCM-V6,SOURCE_COORDINATE,SOURCE_BACKED
UTR_NODE_5772493555,UTraffic node 5772493555,INTERSECTION_OR_GEOMETRY,10.8671259,106.7870048,UTRAFFIC-HCM-V6,SOURCE_COORDINATE,SOURCE_BACKED
UTR_NODE_5772493556,UTraffic node 5772493556,INTERSECTION_OR_GEOMETRY,10.8671592,106.7861855,UTRAFFIC-HCM-V6,SOURCE_COORDINATE,SOURCE_BACKED
UTR_NODE_5772493557,UTraffic node 5772493557,INTERSECTION_OR_GEOMETRY,10.8671957,106.7855041,UTRAFFIC-HCM-V6,SOURCE_COORDINATE,SOURCE_BACKED
UTR_NODE_5772493558,UTraffic node 5772493558,INTERSECTION_OR_GEOMETRY,10.8672062,106.7847919,UTRAFFIC-HCM-V6,SOURCE_COORDINATE,SOURCE_BACKED
UTR_NODE_5772493559,UTraffic node 5772493559,INTERSECTION_OR_GEOMETRY,10.8672326,106.7843735,UTRAFFIC-HCM-V6,SOURCE_COORDINATE,SOURCE_BACKED
UTR_NODE_5772493560,UTraffic node 5772493560,INTERSECTION_OR_GEOMETRY,10.8672523,106.7839336,UTRAFFIC-HCM-V6,SOURCE_COORDINATE,SOURCE_BACKED
UTR_NODE_5772493561,UTraffic node 5772493561,INTERSECTION_OR_GEOMETRY,10.8673287,106.7833382,UTRAFFIC-HCM-V6,SOURCE_COORDINATE,SOURCE_BACKED
UTR_NODE_5772493562,UTraffic node 5772493562,INTERSECTION_OR_GEOMETRY,10.8673788,106.7829841,UTRAFFIC-HCM-V6,SOURCE_COORDINATE,SOURCE_BACKED
UTR_NODE_5772493563,UTraffic node 5772493563,INTERSECTION_OR_GEOMETRY,10.8675418,106.7822931,UTRAFFIC-HCM-V6,SOURCE_COORDINATE,SOURCE_BACKED
UTR_NODE_5772493564,UTraffic node 5772493564,INTERSECTION_OR_GEOMETRY,10.8676220,106.7819386,UTRAFFIC-HCM-V6,SOURCE_COORDINATE,SOURCE_BACKED
UTR_NODE_5772493565,UTraffic node 5772493565,INTERSECTION_OR_GEOMETRY,10.8680555,106.7805481,UTRAFFIC-HCM-V6,SOURCE_COORDINATE,SOURCE_BACKED
UTR_NODE_5772493566,UTraffic node 5772493566,INTERSECTION_OR_GEOMETRY,10.8682057,106.7800925,UTRAFFIC-HCM-V6,SOURCE_COORDINATE,SOURCE_BACKED
UTR_NODE_5772493567,UTraffic node 5772493567,INTERSECTION_OR_GEOMETRY,10.8682678,106.7799049,UTRAFFIC-HCM-V6,SOURCE_COORDINATE,SOURCE_BACKED
UTR_NODE_5772493568,UTraffic node 5772493568,INTERSECTION_OR_GEOMETRY,10.8684413,106.7794032,UTRAFFIC-HCM-V6,SOURCE_COORDINATE,SOURCE_BACKED
UTR_NODE_5772493569,UTraffic node 5772493569,INTERSECTION_OR_GEOMETRY,10.8689753,106.7778144,UTRAFFIC-HCM-V6,SOURCE_COORDINATE,SOURCE_BACKED
UTR_NODE_5772493570,UTraffic node 5772493570,INTERSECTION_OR_GEOMETRY,10.8694095,106.7763839,UTRAFFIC-HCM-V6,SOURCE_COORDINATE,SOURCE_BACKED
UTR_NODE_5772493571,UTraffic node 5772493571,INTERSECTION_OR_GEOMETRY,10.8695615,106.7759229,UTRAFFIC-HCM-V6,SOURCE_COORDINATE,SOURCE_BACKED
UTR_NODE_5772493572,UTraffic node 5772493572,INTERSECTION_OR_GEOMETRY,10.8703864,106.7734759,UTRAFFIC-HCM-V6,SOURCE_COORDINATE,SOURCE_BACKED
UTR_NODE_5772493573,UTraffic node 5772493573,INTERSECTION_OR_GEOMETRY,10.8706430,106.7726972,UTRAFFIC-HCM-V6,SOURCE_COORDINATE,SOURCE_BACKED
UTR_NODE_5772493574,UTraffic node 5772493574,INTERSECTION_OR_GEOMETRY,10.8711233,106.7712256,UTRAFFIC-HCM-V6,SOURCE_COORDINATE,SOURCE_BACKED
UTR_NODE_5772493575,UTraffic node 5772493575,INTERSECTION_OR_GEOMETRY,10.8711658,106.7711149,UTRAFFIC-HCM-V6,SOURCE_COORDINATE,SOURCE_BACKED
UTR_NODE_5772493576,UTraffic node 5772493576,INTERSECTION_OR_GEOMETRY,10.8717592,106.7693472,UTRAFFIC-HCM-V6,SOURCE_COORDINATE,SOURCE_BACKED
UTR_NODE_5772493577,UTraffic node 5772493577,INTERSECTION_OR_GEOMETRY,10.8718300,106.7692861,UTRAFFIC-HCM-V6,SOURCE_COORDINATE,SOURCE_BACKED
UTR_NODE_5772493587,UTraffic node 5772493587,INTERSECTION_OR_GEOMETRY,10.8673431,106.7881290,UTRAFFIC-HCM-V6,SOURCE_COORDINATE,SOURCE_BACKED
UTR_NODE_5772493588,UTraffic node 5772493588,INTERSECTION_OR_GEOMETRY,10.8673618,106.7877302,UTRAFFIC-HCM-V6,SOURCE_COORDINATE,SOURCE_BACKED
UTR_NODE_5772493589,UTraffic node 5772493589,INTERSECTION_OR_GEOMETRY,10.8673919,106.7866066,UTRAFFIC-HCM-V6,SOURCE_COORDINATE,SOURCE_BACKED
UTR_NODE_5772493590,UTraffic node 5772493590,INTERSECTION_OR_GEOMETRY,10.8674579,106.7849173,UTRAFFIC-HCM-V6,SOURCE_COORDINATE,SOURCE_BACKED
UTR_NODE_5772493591,UTraffic node 5772493591,INTERSECTION_OR_GEOMETRY,10.8674881,106.7842783,UTRAFFIC-HCM-V6,SOURCE_COORDINATE,SOURCE_BACKED
UTR_NODE_5772493592,UTraffic node 5772493592,INTERSECTION_OR_GEOMETRY,10.8675157,106.7837875,UTRAFFIC-HCM-V6,SOURCE_COORDINATE,SOURCE_BACKED
UTR_NODE_5772493593,UTraffic node 5772493593,INTERSECTION_OR_GEOMETRY,10.8677610,106.7824178,UTRAFFIC-HCM-V6,SOURCE_COORDINATE,SOURCE_BACKED
UTR_NODE_5772493594,UTraffic node 5772493594,INTERSECTION_OR_GEOMETRY,10.8680890,106.7813547,UTRAFFIC-HCM-V6,SOURCE_COORDINATE,SOURCE_BACKED
UTR_NODE_5772493595,UTraffic node 5772493595,INTERSECTION_OR_GEOMETRY,10.8682965,106.7807387,UTRAFFIC-HCM-V6,SOURCE_COORDINATE,SOURCE_BACKED
UTR_NODE_5772493596,UTraffic node 5772493596,INTERSECTION_OR_GEOMETRY,10.8685084,106.7800909,UTRAFFIC-HCM-V6,SOURCE_COORDINATE,SOURCE_BACKED
UTR_NODE_5772493597,UTraffic node 5772493597,INTERSECTION_OR_GEOMETRY,10.8687585,106.7793018,UTRAFFIC-HCM-V6,SOURCE_COORDINATE,SOURCE_BACKED
UTR_NODE_5772493598,UTraffic node 5772493598,INTERSECTION_OR_GEOMETRY,10.8688594,106.7790016,UTRAFFIC-HCM-V6,SOURCE_COORDINATE,SOURCE_BACKED
UTR_NODE_5772493599,UTraffic node 5772493599,INTERSECTION_OR_GEOMETRY,10.8690870,106.7782982,UTRAFFIC-HCM-V6,SOURCE_COORDINATE,SOURCE_BACKED
UTR_NODE_5772493601,UTraffic node 5772493601,INTERSECTION_OR_GEOMETRY,10.8701152,106.7751052,UTRAFFIC-HCM-V6,SOURCE_COORDINATE,SOURCE_BACKED
UTR_NODE_5772493602,UTraffic node 5772493602,INTERSECTION_OR_GEOMETRY,10.8704635,106.7740433,UTRAFFIC-HCM-V6,SOURCE_COORDINATE,SOURCE_BACKED
UTR_NODE_5772493603,UTraffic node 5772493603,INTERSECTION_OR_GEOMETRY,10.8706778,106.7734250,UTRAFFIC-HCM-V6,SOURCE_COORDINATE,SOURCE_BACKED
UTR_NODE_5772493604,UTraffic node 5772493604,INTERSECTION_OR_GEOMETRY,10.8709211,106.7726604,UTRAFFIC-HCM-V6,SOURCE_COORDINATE,SOURCE_BACKED
UTR_NODE_5772493605,UTraffic node 5772493605,INTERSECTION_OR_GEOMETRY,10.8710444,106.7722748,UTRAFFIC-HCM-V6,SOURCE_COORDINATE,SOURCE_BACKED
UTR_NODE_5772493606,UTraffic node 5772493606,INTERSECTION_OR_GEOMETRY,10.8712954,106.7715329,UTRAFFIC-HCM-V6,SOURCE_COORDINATE,SOURCE_BACKED
UTR_NODE_5772493607,UTraffic node 5772493607,INTERSECTION_OR_GEOMETRY,10.8716601,106.7703969,UTRAFFIC-HCM-V6,SOURCE_COORDINATE,SOURCE_BACKED
UTR_NODE_5772493608,UTraffic node 5772493608,INTERSECTION_OR_GEOMETRY,10.8718082,106.7699473,UTRAFFIC-HCM-V6,SOURCE_COORDINATE,SOURCE_BACKED
UTR_NODE_5772493609,UTraffic node 5772493609,INTERSECTION_OR_GEOMETRY,10.8719595,106.7694645,UTRAFFIC-HCM-V6,SOURCE_COORDINATE,SOURCE_BACKED
UTR_NODE_5772493610,UTraffic node 5772493610,INTERSECTION_OR_GEOMETRY,10.8719657,106.7692962,UTRAFFIC-HCM-V6,SOURCE_COORDINATE,SOURCE_BACKED
UTR_NODE_5772493611,UTraffic node 5772493611,INTERSECTION_OR_GEOMETRY,10.8750951,106.7599398,UTRAFFIC-HCM-V6,SOURCE_COORDINATE,SOURCE_BACKED
UTR_NODE_5772493613,UTraffic node 5772493613,INTERSECTION_OR_GEOMETRY,10.8757486,106.7568773,UTRAFFIC-HCM-V6,SOURCE_COORDINATE,SOURCE_BACKED
UTR_NODE_5772493614,UTraffic node 5772493614,INTERSECTION_OR_GEOMETRY,10.8741526,106.7621319,UTRAFFIC-HCM-V6,SOURCE_COORDINATE,SOURCE_BACKED
UTR_NODE_5772493616,UTraffic node 5772493616,INTERSECTION_OR_GEOMETRY,10.8755506,106.7565701,UTRAFFIC-HCM-V6,SOURCE_COORDINATE,SOURCE_BACKED
UTR_NODE_5772493617,UTraffic node 5772493617,INTERSECTION_OR_GEOMETRY,10.8739318,106.7628114,UTRAFFIC-HCM-V6,SOURCE_COORDINATE,SOURCE_BACKED
UTR_NODE_5772493618,UTraffic node 5772493618,INTERSECTION_OR_GEOMETRY,10.8740404,106.7624194,UTRAFFIC-HCM-V6,SOURCE_COORDINATE,SOURCE_BACKED
UTR_NODE_5772493620,UTraffic node 5772493620,INTERSECTION_OR_GEOMETRY,10.8742231,106.7619072,UTRAFFIC-HCM-V6,SOURCE_COORDINATE,SOURCE_BACKED
UTR_NODE_5772493621,UTraffic node 5772493621,INTERSECTION_OR_GEOMETRY,10.8742815,106.7617462,UTRAFFIC-HCM-V6,SOURCE_COORDINATE,SOURCE_BACKED
UTR_NODE_5772493622,UTraffic node 5772493622,INTERSECTION_OR_GEOMETRY,10.8743196,106.7616150,UTRAFFIC-HCM-V6,SOURCE_COORDINATE,SOURCE_BACKED
UTR_NODE_5772493623,UTraffic node 5772493623,INTERSECTION_OR_GEOMETRY,10.8747507,106.7602102,UTRAFFIC-HCM-V6,SOURCE_COORDINATE,SOURCE_BACKED
UTR_NODE_5772493624,UTraffic node 5772493624,INTERSECTION_OR_GEOMETRY,10.8747871,106.7600754,UTRAFFIC-HCM-V6,SOURCE_COORDINATE,SOURCE_BACKED
UTR_NODE_5772493625,UTraffic node 5772493625,INTERSECTION_OR_GEOMETRY,10.8751068,106.7587767,UTRAFFIC-HCM-V6,SOURCE_COORDINATE,SOURCE_BACKED
UTR_NODE_5772493626,UTraffic node 5772493626,INTERSECTION_OR_GEOMETRY,10.8754486,106.7570332,UTRAFFIC-HCM-V6,SOURCE_COORDINATE,SOURCE_BACKED
UTR_NODE_5772493628,UTraffic node 5772493628,INTERSECTION_OR_GEOMETRY,10.8756579,106.7560195,UTRAFFIC-HCM-V6,SOURCE_COORDINATE,SOURCE_BACKED
UTR_NODE_5772493629,UTraffic node 5772493629,INTERSECTION_OR_GEOMETRY,10.8757248,106.7556967,UTRAFFIC-HCM-V6,SOURCE_COORDINATE,SOURCE_BACKED
UTR_NODE_5772493630,UTraffic node 5772493630,INTERSECTION_OR_GEOMETRY,10.8758095,106.7554502,UTRAFFIC-HCM-V6,SOURCE_COORDINATE,SOURCE_BACKED
UTR_NODE_5772493631,UTraffic node 5772493631,INTERSECTION_OR_GEOMETRY,10.8741549,106.7629012,UTRAFFIC-HCM-V6,SOURCE_COORDINATE,SOURCE_BACKED
UTR_NODE_5772493632,UTraffic node 5772493632,INTERSECTION_OR_GEOMETRY,10.8742737,106.7625792,UTRAFFIC-HCM-V6,SOURCE_COORDINATE,SOURCE_BACKED
UTR_NODE_5772493633,UTraffic node 5772493633,INTERSECTION_OR_GEOMETRY,10.8746847,106.7612824,UTRAFFIC-HCM-V6,SOURCE_COORDINATE,SOURCE_BACKED
UTR_NODE_5772493634,UTraffic node 5772493634,INTERSECTION_OR_GEOMETRY,10.8749521,106.7604168,UTRAFFIC-HCM-V6,SOURCE_COORDINATE,SOURCE_BACKED
UTR_NODE_5772493635,UTraffic node 5772493635,INTERSECTION_OR_GEOMETRY,10.8753260,106.7590784,UTRAFFIC-HCM-V6,SOURCE_COORDINATE,SOURCE_BACKED
UTR_NODE_5772493636,UTraffic node 5772493636,INTERSECTION_OR_GEOMETRY,10.8753861,106.7588382,UTRAFFIC-HCM-V6,SOURCE_COORDINATE,SOURCE_BACKED
UTR_NODE_5772493637,UTraffic node 5772493637,INTERSECTION_OR_GEOMETRY,10.8756478,106.7574285,UTRAFFIC-HCM-V6,SOURCE_COORDINATE,SOURCE_BACKED
UTR_NODE_5772493638,UTraffic node 5772493638,INTERSECTION_OR_GEOMETRY,10.8756723,106.7573130,UTRAFFIC-HCM-V6,SOURCE_COORDINATE,SOURCE_BACKED
UTR_NODE_5772493640,UTraffic node 5772493640,INTERSECTION_OR_GEOMETRY,10.8759948,106.7555827,UTRAFFIC-HCM-V6,SOURCE_COORDINATE,SOURCE_BACKED
UTR_NODE_5772493641,UTraffic node 5772493641,INTERSECTION_OR_GEOMETRY,10.8717563,106.7376729,UTRAFFIC-HCM-V6,SOURCE_COORDINATE,SOURCE_BACKED
UTR_NODE_5772493642,UTraffic node 5772493642,INTERSECTION_OR_GEOMETRY,10.8718194,106.7377276,UTRAFFIC-HCM-V6,SOURCE_COORDINATE,SOURCE_BACKED
UTR_NODE_5772493643,UTraffic node 5772493643,INTERSECTION_OR_GEOMETRY,10.8719304,106.7403699,UTRAFFIC-HCM-V6,SOURCE_COORDINATE,SOURCE_BACKED
UTR_NODE_5772493644,UTraffic node 5772493644,INTERSECTION_OR_GEOMETRY,10.8719724,106.7406117,UTRAFFIC-HCM-V6,SOURCE_COORDINATE,SOURCE_BACKED
UTR_NODE_5772493645,UTraffic node 5772493645,INTERSECTION_OR_GEOMETRY,10.8728066,106.7435135,UTRAFFIC-HCM-V6,SOURCE_COORDINATE,SOURCE_BACKED
UTR_NODE_5772493646,UTraffic node 5772493646,INTERSECTION_OR_GEOMETRY,10.8728880,106.7435733,UTRAFFIC-HCM-V6,SOURCE_COORDINATE,SOURCE_BACKED
UTR_NODE_5772493647,UTraffic node 5772493647,INTERSECTION_OR_GEOMETRY,10.8722384,106.7417721,UTRAFFIC-HCM-V6,SOURCE_COORDINATE,SOURCE_BACKED
UTR_NODE_5772493648,UTraffic node 5772493648,INTERSECTION_OR_GEOMETRY,10.8721508,106.7414585,UTRAFFIC-HCM-V6,SOURCE_COORDINATE,SOURCE_BACKED
UTR_NODE_5772493649,UTraffic node 5772493649,INTERSECTION_OR_GEOMETRY,10.8741203,106.7476300,UTRAFFIC-HCM-V6,SOURCE_COORDINATE,SOURCE_BACKED
UTR_NODE_5772493650,UTraffic node 5772493650,INTERSECTION_OR_GEOMETRY,10.8740635,106.7474677,UTRAFFIC-HCM-V6,SOURCE_COORDINATE,SOURCE_BACKED
UTR_NODE_5772493651,UTraffic node 5772493651,INTERSECTION_OR_GEOMETRY,10.8738381,106.7467439,UTRAFFIC-HCM-V6,SOURCE_COORDINATE,SOURCE_BACKED
UTR_NODE_5772493652,UTraffic node 5772493652,INTERSECTION_OR_GEOMETRY,10.8737603,106.7465092,UTRAFFIC-HCM-V6,SOURCE_COORDINATE,SOURCE_BACKED
UTR_NODE_5772493653,UTraffic node 5772493653,INTERSECTION_OR_GEOMETRY,10.8733044,106.7450639,UTRAFFIC-HCM-V6,SOURCE_COORDINATE,SOURCE_BACKED
UTR_NODE_5772493654,UTraffic node 5772493654,INTERSECTION_OR_GEOMETRY,10.8731111,106.7445029,UTRAFFIC-HCM-V6,SOURCE_COORDINATE,SOURCE_BACKED
UTR_NODE_5772493655,UTraffic node 5772493655,INTERSECTION_OR_GEOMETRY,10.8730605,106.7443389,UTRAFFIC-HCM-V6,SOURCE_COORDINATE,SOURCE_BACKED
UTR_NODE_5772493656,UTraffic node 5772493656,INTERSECTION_OR_GEOMETRY,10.8726522,106.7430528,UTRAFFIC-HCM-V6,SOURCE_COORDINATE,SOURCE_BACKED
UTR_NODE_5772493661,UTraffic node 5772493661,INTERSECTION_OR_GEOMETRY,10.8718156,106.7396611,UTRAFFIC-HCM-V6,SOURCE_COORDINATE,SOURCE_BACKED
UTR_NODE_5772493662,UTraffic node 5772493662,INTERSECTION_OR_GEOMETRY,10.8717194,106.7388921,UTRAFFIC-HCM-V6,SOURCE_COORDINATE,SOURCE_BACKED
UTR_NODE_5772493664,UTraffic node 5772493664,INTERSECTION_OR_GEOMETRY,10.8714787,106.7373061,UTRAFFIC-HCM-V6,SOURCE_COORDINATE,SOURCE_BACKED
UTR_NODE_5772493666,UTraffic node 5772493666,INTERSECTION_OR_GEOMETRY,10.8709993,106.7356099,UTRAFFIC-HCM-V6,SOURCE_COORDINATE,SOURCE_BACKED
UTR_NODE_5772493667,UTraffic node 5772493667,INTERSECTION_OR_GEOMETRY,10.8707499,106.7350147,UTRAFFIC-HCM-V6,SOURCE_COORDINATE,SOURCE_BACKED
UTR_NODE_5772493668,UTraffic node 5772493668,INTERSECTION_OR_GEOMETRY,10.8707333,106.7349806,UTRAFFIC-HCM-V6,SOURCE_COORDINATE,SOURCE_BACKED
UTR_NODE_5772493669,UTraffic node 5772493669,INTERSECTION_OR_GEOMETRY,10.8704094,106.7343208,UTRAFFIC-HCM-V6,SOURCE_COORDINATE,SOURCE_BACKED
UTR_NODE_5772493670,UTraffic node 5772493670,INTERSECTION_OR_GEOMETRY,10.8724617,106.7416017,UTRAFFIC-HCM-V6,SOURCE_COORDINATE,SOURCE_BACKED
UTR_NODE_5772493671,UTraffic node 5772493671,INTERSECTION_OR_GEOMETRY,10.8726448,106.7422419,UTRAFFIC-HCM-V6,SOURCE_COORDINATE,SOURCE_BACKED
UTR_NODE_5772493672,UTraffic node 5772493672,INTERSECTION_OR_GEOMETRY,10.8730206,106.7434139,UTRAFFIC-HCM-V6,SOURCE_COORDINATE,SOURCE_BACKED
UTR_NODE_5772493673,UTraffic node 5772493673,INTERSECTION_OR_GEOMETRY,10.8732299,106.7440494,UTRAFFIC-HCM-V6,SOURCE_COORDINATE,SOURCE_BACKED
UTR_NODE_5772493674,UTraffic node 5772493674,INTERSECTION_OR_GEOMETRY,10.8734900,106.7448550,UTRAFFIC-HCM-V6,SOURCE_COORDINATE,SOURCE_BACKED
UTR_NODE_5772493675,UTraffic node 5772493675,INTERSECTION_OR_GEOMETRY,10.8737743,106.7457336,UTRAFFIC-HCM-V6,SOURCE_COORDINATE,SOURCE_BACKED
UTR_NODE_5772493676,UTraffic node 5772493676,INTERSECTION_OR_GEOMETRY,10.8736940,106.7454788,UTRAFFIC-HCM-V6,SOURCE_COORDINATE,SOURCE_BACKED
UTR_NODE_5772493677,UTraffic node 5772493677,INTERSECTION_OR_GEOMETRY,10.8740889,106.7467561,UTRAFFIC-HCM-V6,SOURCE_COORDINATE,SOURCE_BACKED
UTR_NODE_5772493678,UTraffic node 5772493678,INTERSECTION_OR_GEOMETRY,10.8740640,106.7466509,UTRAFFIC-HCM-V6,SOURCE_COORDINATE,SOURCE_BACKED
UTR_NODE_5772493679,UTraffic node 5772493679,INTERSECTION_OR_GEOMETRY,10.8740390,106.7465705,UTRAFFIC-HCM-V6,SOURCE_COORDINATE,SOURCE_BACKED
UTR_NODE_5772493680,UTraffic node 5772493680,INTERSECTION_OR_GEOMETRY,10.8738757,106.7460474,UTRAFFIC-HCM-V6,SOURCE_COORDINATE,SOURCE_BACKED
UTR_NODE_5772493681,UTraffic node 5772493681,INTERSECTION_OR_GEOMETRY,10.8735373,106.7450067,UTRAFFIC-HCM-V6,SOURCE_COORDINATE,SOURCE_BACKED
UTR_NODE_5772493682,UTraffic node 5772493682,INTERSECTION_OR_GEOMETRY,10.8733160,106.7443335,UTRAFFIC-HCM-V6,SOURCE_COORDINATE,SOURCE_BACKED
UTR_NODE_5772493683,UTraffic node 5772493683,INTERSECTION_OR_GEOMETRY,10.8731211,106.7437193,UTRAFFIC-HCM-V6,SOURCE_COORDINATE,SOURCE_BACKED
UTR_NODE_5772493684,UTraffic node 5772493684,INTERSECTION_OR_GEOMETRY,10.8727612,106.7426216,UTRAFFIC-HCM-V6,SOURCE_COORDINATE,SOURCE_BACKED
UTR_NODE_5772493685,UTraffic node 5772493685,INTERSECTION_OR_GEOMETRY,10.8727464,106.7425753,UTRAFFIC-HCM-V6,SOURCE_COORDINATE,SOURCE_BACKED
UTR_NODE_5772493686,UTraffic node 5772493686,INTERSECTION_OR_GEOMETRY,10.8724823,106.7416982,UTRAFFIC-HCM-V6,SOURCE_COORDINATE,SOURCE_BACKED
UTR_NODE_5772493687,UTraffic node 5772493687,INTERSECTION_OR_GEOMETRY,10.8723743,106.7412463,UTRAFFIC-HCM-V6,SOURCE_COORDINATE,SOURCE_BACKED
UTR_NODE_5772493688,UTraffic node 5772493688,INTERSECTION_OR_GEOMETRY,10.8722414,106.7406096,UTRAFFIC-HCM-V6,SOURCE_COORDINATE,SOURCE_BACKED
UTR_NODE_5772493689,UTraffic node 5772493689,INTERSECTION_OR_GEOMETRY,10.8721479,106.7400721,UTRAFFIC-HCM-V6,SOURCE_COORDINATE,SOURCE_BACKED
UTR_NODE_5772493690,UTraffic node 5772493690,INTERSECTION_OR_GEOMETRY,10.8720754,106.7396088,UTRAFFIC-HCM-V6,SOURCE_COORDINATE,SOURCE_BACKED
UTR_NODE_5772493691,UTraffic node 5772493691,INTERSECTION_OR_GEOMETRY,10.8719433,106.7384865,UTRAFFIC-HCM-V6,SOURCE_COORDINATE,SOURCE_BACKED
UTR_NODE_5772493692,UTraffic node 5772493692,INTERSECTION_OR_GEOMETRY,10.8719306,106.7383953,UTRAFFIC-HCM-V6,SOURCE_COORDINATE,SOURCE_BACKED
UTR_NODE_5772493693,UTraffic node 5772493693,INTERSECTION_OR_GEOMETRY,10.8718738,106.7380518,UTRAFFIC-HCM-V6,SOURCE_COORDINATE,SOURCE_BACKED
UTR_NODE_5772493694,UTraffic node 5772493694,INTERSECTION_OR_GEOMETRY,10.8717672,106.7374161,UTRAFFIC-HCM-V6,SOURCE_COORDINATE,SOURCE_BACKED
UTR_NODE_5772493695,UTraffic node 5772493695,INTERSECTION_OR_GEOMETRY,10.8716672,106.7369178,UTRAFFIC-HCM-V6,SOURCE_COORDINATE,SOURCE_BACKED
UTR_NODE_5772493696,UTraffic node 5772493696,INTERSECTION_OR_GEOMETRY,10.8714950,106.7362592,UTRAFFIC-HCM-V6,SOURCE_COORDINATE,SOURCE_BACKED
UTR_NODE_5772493697,UTraffic node 5772493697,INTERSECTION_OR_GEOMETRY,10.8704064,106.7341861,UTRAFFIC-HCM-V6,SOURCE_COORDINATE,SOURCE_BACKED
UTR_NODE_5772493698,UTraffic node 5772493698,INTERSECTION_OR_GEOMETRY,10.8714226,106.7362599,UTRAFFIC-HCM-V6,SOURCE_COORDINATE,SOURCE_BACKED
UTR_NODE_5772493699,UTraffic node 5772493699,INTERSECTION_OR_GEOMETRY,10.8714603,106.7361635,UTRAFFIC-HCM-V6,SOURCE_COORDINATE,SOURCE_BACKED
UTR_NODE_5772493700,UTraffic node 5772493700,INTERSECTION_OR_GEOMETRY,10.8712852,106.7356472,UTRAFFIC-HCM-V6,SOURCE_COORDINATE,SOURCE_BACKED
UTR_NODE_5772493701,UTraffic node 5772493701,INTERSECTION_OR_GEOMETRY,10.8711522,106.7353280,UTRAFFIC-HCM-V6,SOURCE_COORDINATE,SOURCE_BACKED
UTR_NODE_5772493702,UTraffic node 5772493702,INTERSECTION_OR_GEOMETRY,10.8708439,106.7346306,UTRAFFIC-HCM-V6,SOURCE_COORDINATE,SOURCE_BACKED
UTR_NODE_5772493703,UTraffic node 5772493703,INTERSECTION_OR_GEOMETRY,10.8707346,106.7344281,UTRAFFIC-HCM-V6,SOURCE_COORDINATE,SOURCE_BACKED
UTR_NODE_5772493704,UTraffic node 5772493704,INTERSECTION_OR_GEOMETRY,10.8706451,106.7343725,UTRAFFIC-HCM-V6,SOURCE_COORDINATE,SOURCE_BACKED
UTR_NODE_5772493706,UTraffic node 5772493706,INTERSECTION_OR_GEOMETRY,10.8712144,106.7354666,UTRAFFIC-HCM-V6,SOURCE_COORDINATE,SOURCE_BACKED
UTR_NODE_5772508535,UTraffic node 5772508535,INTERSECTION_OR_GEOMETRY,10.8618642,106.7541234,UTRAFFIC-HCM-V6,SOURCE_COORDINATE,SOURCE_BACKED
UTR_NODE_5772511366,UTraffic node 5772511366,INTERSECTION_OR_GEOMETRY,10.8606867,106.7530898,UTRAFFIC-HCM-V6,SOURCE_COORDINATE,SOURCE_BACKED
UTR_NODE_5772511384,UTraffic node 5772511384,INTERSECTION_OR_GEOMETRY,10.8615602,106.7538472,UTRAFFIC-HCM-V6,SOURCE_COORDINATE,SOURCE_BACKED
UTR_NODE_5772511408,UTraffic node 5772511408,INTERSECTION_OR_GEOMETRY,10.8598924,106.7525296,UTRAFFIC-HCM-V6,SOURCE_COORDINATE,SOURCE_BACKED
UTR_NODE_5772687761,UTraffic node 5772687761,INTERSECTION_OR_GEOMETRY,10.8676185,106.7831008,UTRAFFIC-HCM-V6,SOURCE_COORDINATE,SOURCE_BACKED
UTR_NODE_5772687767,UTraffic node 5772687767,INTERSECTION_OR_GEOMETRY,10.8713551,106.7364553,UTRAFFIC-HCM-V6,SOURCE_COORDINATE,SOURCE_BACKED
UTR_NODE_5772687768,UTraffic node 5772687768,INTERSECTION_OR_GEOMETRY,10.8757885,106.7553107,UTRAFFIC-HCM-V6,SOURCE_COORDINATE,SOURCE_BACKED
UTR_NODE_5772687770,UTraffic node 5772687770,INTERSECTION_OR_GEOMETRY,10.8725161,106.7672850,UTRAFFIC-HCM-V6,SOURCE_COORDINATE,SOURCE_BACKED
UTR_NODE_5772687771,UTraffic node 5772687771,INTERSECTION_OR_GEOMETRY,10.8697929,106.7760494,UTRAFFIC-HCM-V6,SOURCE_COORDINATE,SOURCE_BACKED
UTR_NODE_5772687772,UTraffic node 5772687772,INTERSECTION_OR_GEOMETRY,10.8695121,106.7760602,UTRAFFIC-HCM-V6,SOURCE_COORDINATE,SOURCE_BACKED
UTR_NODE_5772687773,UTraffic node 5772687773,INTERSECTION_OR_GEOMETRY,10.8696608,106.7756525,UTRAFFIC-HCM-V6,SOURCE_COORDINATE,SOURCE_BACKED
UTR_NODE_5772687774,UTraffic node 5772687774,INTERSECTION_OR_GEOMETRY,10.8698404,106.7758860,UTRAFFIC-HCM-V6,SOURCE_COORDINATE,SOURCE_BACKED
UTR_NODE_5772687775,UTraffic node 5772687775,INTERSECTION_OR_GEOMETRY,10.8724231,106.7673863,UTRAFFIC-HCM-V6,SOURCE_COORDINATE,SOURCE_BACKED
UTR_NODE_5772687776,UTraffic node 5772687776,INTERSECTION_OR_GEOMETRY,10.8728839,106.7667505,UTRAFFIC-HCM-V6,SOURCE_COORDINATE,SOURCE_BACKED
UTR_NODE_5772687777,UTraffic node 5772687777,INTERSECTION_OR_GEOMETRY,10.8728261,106.7669177,UTRAFFIC-HCM-V6,SOURCE_COORDINATE,SOURCE_BACKED
UTR_NODE_5772687778,UTraffic node 5772687778,INTERSECTION_OR_GEOMETRY,10.8727247,106.7672235,UTRAFFIC-HCM-V6,SOURCE_COORDINATE,SOURCE_BACKED
UTR_NODE_5772687779,UTraffic node 5772687779,INTERSECTION_OR_GEOMETRY,10.8725613,106.7677063,UTRAFFIC-HCM-V6,SOURCE_COORDINATE,SOURCE_BACKED
UTR_NODE_5772687780,UTraffic node 5772687780,INTERSECTION_OR_GEOMETRY,10.8723487,106.7683619,UTRAFFIC-HCM-V6,SOURCE_COORDINATE,SOURCE_BACKED
UTR_NODE_5772687781,UTraffic node 5772687781,INTERSECTION_OR_GEOMETRY,10.8720741,106.7691627,UTRAFFIC-HCM-V6,SOURCE_COORDINATE,SOURCE_BACKED
UTR_NODE_5772687782,UTraffic node 5772687782,INTERSECTION_OR_GEOMETRY,10.8724732,106.7674077,UTRAFFIC-HCM-V6,SOURCE_COORDINATE,SOURCE_BACKED
UTR_NODE_5772687783,UTraffic node 5772687783,INTERSECTION_OR_GEOMETRY,10.8723546,106.7675601,UTRAFFIC-HCM-V6,SOURCE_COORDINATE,SOURCE_BACKED
UTR_NODE_5772687784,UTraffic node 5772687784,INTERSECTION_OR_GEOMETRY,10.8718684,106.7689644,UTRAFFIC-HCM-V6,SOURCE_COORDINATE,SOURCE_BACKED
UTR_NODE_5772687785,UTraffic node 5772687785,INTERSECTION_OR_GEOMETRY,10.8718010,106.7692137,UTRAFFIC-HCM-V6,SOURCE_COORDINATE,SOURCE_BACKED
UTR_NODE_5772687786,UTraffic node 5772687786,INTERSECTION_OR_GEOMETRY,10.8720210,106.7692882,UTRAFFIC-HCM-V6,SOURCE_COORDINATE,SOURCE_BACKED
UTR_NODE_5772687787,UTraffic node 5772687787,INTERSECTION_OR_GEOMETRY,10.8760633,106.7529058,UTRAFFIC-HCM-V6,SOURCE_COORDINATE,SOURCE_BACKED
UTR_NODE_5772687788,UTraffic node 5772687788,INTERSECTION_OR_GEOMETRY,10.8758315,106.7548283,UTRAFFIC-HCM-V6,SOURCE_COORDINATE,SOURCE_BACKED
UTR_NODE_5772687789,UTraffic node 5772687789,INTERSECTION_OR_GEOMETRY,10.8758684,106.7545031,UTRAFFIC-HCM-V6,SOURCE_COORDINATE,SOURCE_BACKED
UTR_NODE_5772687790,UTraffic node 5772687790,INTERSECTION_OR_GEOMETRY,10.8761634,106.7534865,UTRAFFIC-HCM-V6,SOURCE_COORDINATE,SOURCE_BACKED
UTR_NODE_5772687791,UTraffic node 5772687791,INTERSECTION_OR_GEOMETRY,10.8761950,106.7543006,UTRAFFIC-HCM-V6,SOURCE_COORDINATE,SOURCE_BACKED
UTR_NODE_5772687792,UTraffic node 5772687792,INTERSECTION_OR_GEOMETRY,10.8756234,106.7522635,UTRAFFIC-HCM-V6,SOURCE_COORDINATE,SOURCE_BACKED
UTR_NODE_5772687793,UTraffic node 5772687793,INTERSECTION_OR_GEOMETRY,10.8753245,106.7505375,UTRAFFIC-HCM-V6,SOURCE_COORDINATE,SOURCE_BACKED
UTR_NODE_5772687795,UTraffic node 5772687795,INTERSECTION_OR_GEOMETRY,10.8758696,106.7549332,UTRAFFIC-HCM-V6,SOURCE_COORDINATE,SOURCE_BACKED
UTR_NODE_5772687796,UTraffic node 5772687796,INTERSECTION_OR_GEOMETRY,10.8758749,106.7548761,UTRAFFIC-HCM-V6,SOURCE_COORDINATE,SOURCE_BACKED
UTR_NODE_5772687797,UTraffic node 5772687797,INTERSECTION_OR_GEOMETRY,10.8760277,106.7554164,UTRAFFIC-HCM-V6,SOURCE_COORDINATE,SOURCE_BACKED
UTR_NODE_5772687798,UTraffic node 5772687798,INTERSECTION_OR_GEOMETRY,10.8761761,106.7544497,UTRAFFIC-HCM-V6,SOURCE_COORDINATE,SOURCE_BACKED
UTR_NODE_5772687799,UTraffic node 5772687799,INTERSECTION_OR_GEOMETRY,10.8762016,106.7541558,UTRAFFIC-HCM-V6,SOURCE_COORDINATE,SOURCE_BACKED
UTR_NODE_5772687800,UTraffic node 5772687800,INTERSECTION_OR_GEOMETRY,10.8761963,106.7538124,UTRAFFIC-HCM-V6,SOURCE_COORDINATE,SOURCE_BACKED
UTR_NODE_5772687801,UTraffic node 5772687801,INTERSECTION_OR_GEOMETRY,10.8761160,106.7531875,UTRAFFIC-HCM-V6,SOURCE_COORDINATE,SOURCE_BACKED
UTR_NODE_5772687802,UTraffic node 5772687802,INTERSECTION_OR_GEOMETRY,10.8760014,106.7526537,UTRAFFIC-HCM-V6,SOURCE_COORDINATE,SOURCE_BACKED
UTR_NODE_5772687803,UTraffic node 5772687803,INTERSECTION_OR_GEOMETRY,10.8757933,106.7519671,UTRAFFIC-HCM-V6,SOURCE_COORDINATE,SOURCE_BACKED
UTR_NODE_5772687804,UTraffic node 5772687804,INTERSECTION_OR_GEOMETRY,10.8756458,106.7515272,UTRAFFIC-HCM-V6,SOURCE_COORDINATE,SOURCE_BACKED
UTR_NODE_5772687805,UTraffic node 5772687805,INTERSECTION_OR_GEOMETRY,10.8759605,106.7546608,UTRAFFIC-HCM-V6,SOURCE_COORDINATE,SOURCE_BACKED
UTR_NODE_5772687806,UTraffic node 5772687806,INTERSECTION_OR_GEOMETRY,10.8759132,106.7545742,UTRAFFIC-HCM-V6,SOURCE_COORDINATE,SOURCE_BACKED
UTR_NODE_5772687807,UTraffic node 5772687807,INTERSECTION_OR_GEOMETRY,10.8759487,106.7543113,UTRAFFIC-HCM-V6,SOURCE_COORDINATE,SOURCE_BACKED
UTR_NODE_5772687808,UTraffic node 5772687808,INTERSECTION_OR_GEOMETRY,10.8759540,106.7538956,UTRAFFIC-HCM-V6,SOURCE_COORDINATE,SOURCE_BACKED
UTR_NODE_5772687809,UTraffic node 5772687809,INTERSECTION_OR_GEOMETRY,10.8759382,106.7536569,UTRAFFIC-HCM-V6,SOURCE_COORDINATE,SOURCE_BACKED
UTR_NODE_5772687810,UTraffic node 5772687810,INTERSECTION_OR_GEOMETRY,10.8758644,106.7530923,UTRAFFIC-HCM-V6,SOURCE_COORDINATE,SOURCE_BACKED
UTR_NODE_5772687811,UTraffic node 5772687811,INTERSECTION_OR_GEOMETRY,10.8757815,106.7527758,UTRAFFIC-HCM-V6,SOURCE_COORDINATE,SOURCE_BACKED
UTR_NODE_5772687812,UTraffic node 5772687812,INTERSECTION_OR_GEOMETRY,10.8754167,106.7516519,UTRAFFIC-HCM-V6,SOURCE_COORDINATE,SOURCE_BACKED
UTR_NODE_5772687813,UTraffic node 5772687813,INTERSECTION_OR_GEOMETRY,10.8750874,106.7505911,UTRAFFIC-HCM-V6,SOURCE_COORDINATE,SOURCE_BACKED
UTR_NODE_5772687814,UTraffic node 5772687814,INTERSECTION_OR_GEOMETRY,10.8748648,106.7498937,UTRAFFIC-HCM-V6,SOURCE_COORDINATE,SOURCE_BACKED
UTR_NODE_5772687815,UTraffic node 5772687815,INTERSECTION_OR_GEOMETRY,10.8745061,106.7487715,UTRAFFIC-HCM-V6,SOURCE_COORDINATE,SOURCE_BACKED
UTR_NODE_5772687816,UTraffic node 5772687816,INTERSECTION_OR_GEOMETRY,10.8741732,106.7477614,UTRAFFIC-HCM-V6,SOURCE_COORDINATE,SOURCE_BACKED
UTR_NODE_5772687817,UTraffic node 5772687817,INTERSECTION_OR_GEOMETRY,10.8755115,106.7511597,UTRAFFIC-HCM-V6,SOURCE_COORDINATE,SOURCE_BACKED
UTR_NODE_5772687818,UTraffic node 5772687818,INTERSECTION_OR_GEOMETRY,10.8752310,106.7501874,UTRAFFIC-HCM-V6,SOURCE_COORDINATE,SOURCE_BACKED
UTR_NODE_5772687819,UTraffic node 5772687819,INTERSECTION_OR_GEOMETRY,10.8747574,106.7486592,UTRAFFIC-HCM-V6,SOURCE_COORDINATE,SOURCE_BACKED
UTR_NODE_5772687820,UTraffic node 5772687820,INTERSECTION_OR_GEOMETRY,10.8744829,106.7478432,UTRAFFIC-HCM-V6,SOURCE_COORDINATE,SOURCE_BACKED
UTR_NODE_5772687821,UTraffic node 5772687821,INTERSECTION_OR_GEOMETRY,10.8741314,106.7468780,UTRAFFIC-HCM-V6,SOURCE_COORDINATE,SOURCE_BACKED
UTR_NODE_5772687822,UTraffic node 5772687822,INTERSECTION_OR_GEOMETRY,10.8673985,106.7846136,UTRAFFIC-HCM-V6,SOURCE_COORDINATE,SOURCE_BACKED
UTR_NODE_5772687823,UTraffic node 5772687823,INTERSECTION_OR_GEOMETRY,10.8674539,106.7838223,UTRAFFIC-HCM-V6,SOURCE_COORDINATE,SOURCE_BACKED
UTR_NODE_5772687828,UTraffic node 5772687828,INTERSECTION_OR_GEOMETRY,10.8739577,106.7628524,UTRAFFIC-HCM-V6,SOURCE_COORDINATE,SOURCE_BACKED
UTR_NODE_5772687829,UTraffic node 5772687829,INTERSECTION_OR_GEOMETRY,10.8740600,106.7629855,UTRAFFIC-HCM-V6,SOURCE_COORDINATE,SOURCE_BACKED
UTR_NODE_5772687832,UTraffic node 5772687832,INTERSECTION_OR_GEOMETRY,10.8716333,106.7381607,UTRAFFIC-HCM-V6,SOURCE_COORDINATE,SOURCE_BACKED
UTR_NODE_5772687833,UTraffic node 5772687833,INTERSECTION_OR_GEOMETRY,10.8724718,106.7419061,UTRAFFIC-HCM-V6,SOURCE_COORDINATE,SOURCE_BACKED
UTR_NODE_5778111873,UTraffic node 5778111873,INTERSECTION_OR_GEOMETRY,10.8634590,106.7608732,UTRAFFIC-HCM-V6,SOURCE_COORDINATE,SOURCE_BACKED
UTR_NODE_5778111874,UTraffic node 5778111874,INTERSECTION_OR_GEOMETRY,10.8606660,106.7608021,UTRAFFIC-HCM-V6,SOURCE_COORDINATE,SOURCE_BACKED
UTR_NODE_5778111875,UTraffic node 5778111875,INTERSECTION_OR_GEOMETRY,10.8606005,106.7607676,UTRAFFIC-HCM-V6,SOURCE_COORDINATE,SOURCE_BACKED
UTR_NODE_5778111876,UTraffic node 5778111876,INTERSECTION_OR_GEOMETRY,10.8604128,106.7606506,UTRAFFIC-HCM-V6,SOURCE_COORDINATE,SOURCE_BACKED
UTR_NODE_5778111877,UTraffic node 5778111877,INTERSECTION_OR_GEOMETRY,10.8601307,106.7604184,UTRAFFIC-HCM-V6,SOURCE_COORDINATE,SOURCE_BACKED
UTR_NODE_5778111878,UTraffic node 5778111878,INTERSECTION_OR_GEOMETRY,10.8596607,106.7598341,UTRAFFIC-HCM-V6,SOURCE_COORDINATE,SOURCE_BACKED
UTR_NODE_5778111891,UTraffic node 5778111891,INTERSECTION_OR_GEOMETRY,10.8620044,106.7610600,UTRAFFIC-HCM-V6,SOURCE_COORDINATE,SOURCE_BACKED
UTR_NODE_5778111900,UTraffic node 5778111900,INTERSECTION_OR_GEOMETRY,10.8599426,106.7602095,UTRAFFIC-HCM-V6,SOURCE_COORDINATE,SOURCE_BACKED
UTR_NODE_5778132532,UTraffic node 5778132532,INTERSECTION_OR_GEOMETRY,10.8622765,106.7610142,UTRAFFIC-HCM-V6,SOURCE_COORDINATE,SOURCE_BACKED
UTR_NODE_5778164481,UTraffic node 5778164481,INTERSECTION_OR_GEOMETRY,10.8703461,106.7336000,UTRAFFIC-HCM-V6,SOURCE_COORDINATE,SOURCE_BACKED
UTR_NODE_5778164482,UTraffic node 5778164482,INTERSECTION_OR_GEOMETRY,10.8704356,106.7337991,UTRAFFIC-HCM-V6,SOURCE_COORDINATE,SOURCE_BACKED
UTR_NODE_5778164483,UTraffic node 5778164483,INTERSECTION_OR_GEOMETRY,10.8700603,106.7335644,UTRAFFIC-HCM-V6,SOURCE_COORDINATE,SOURCE_BACKED
UTR_NODE_5778164484,UTraffic node 5778164484,INTERSECTION_OR_GEOMETRY,10.8702758,106.7340413,UTRAFFIC-HCM-V6,SOURCE_COORDINATE,SOURCE_BACKED
UTR_NODE_5778164485,UTraffic node 5778164485,INTERSECTION_OR_GEOMETRY,10.8705573,106.7340748,UTRAFFIC-HCM-V6,SOURCE_COORDINATE,SOURCE_BACKED
UTR_NODE_5778164486,UTraffic node 5778164486,INTERSECTION_OR_GEOMETRY,10.8703392,106.7341834,UTRAFFIC-HCM-V6,SOURCE_COORDINATE,SOURCE_BACKED
UTR_NODE_5778164487,UTraffic node 5778164487,INTERSECTION_OR_GEOMETRY,10.8706688,106.7342934,UTRAFFIC-HCM-V6,SOURCE_COORDINATE,SOURCE_BACKED
UTR_NODE_5778166559,UTraffic node 5778166559,INTERSECTION_OR_GEOMETRY,10.8604181,106.7741483,UTRAFFIC-HCM-V6,SOURCE_COORDINATE,SOURCE_BACKED
UTR_NODE_5778166604,UTraffic node 5778166604,INTERSECTION_OR_GEOMETRY,10.8601415,106.7785895,UTRAFFIC-HCM-V6,SOURCE_COORDINATE,SOURCE_BACKED
UTR_NODE_5778166609,UTraffic node 5778166609,INTERSECTION_OR_GEOMETRY,10.8603235,106.7745078,UTRAFFIC-HCM-V6,SOURCE_COORDINATE,SOURCE_BACKED
UTR_NODE_5778258683,UTraffic node 5778258683,INTERSECTION_OR_GEOMETRY,10.8602109,106.7786294,UTRAFFIC-HCM-V6,SOURCE_COORDINATE,SOURCE_BACKED
UTR_NODE_5778258719,UTraffic node 5778258719,INTERSECTION_OR_GEOMETRY,10.8616314,106.7794416,UTRAFFIC-HCM-V6,SOURCE_COORDINATE,SOURCE_BACKED
UTR_NODE_5778258728,UTraffic node 5778258728,INTERSECTION_OR_GEOMETRY,10.8623511,106.7798417,UTRAFFIC-HCM-V6,SOURCE_COORDINATE,SOURCE_BACKED
UTR_NODE_5778258855,UTraffic node 5778258855,INTERSECTION_OR_GEOMETRY,10.8613029,106.7792544,UTRAFFIC-HCM-V6,SOURCE_COORDINATE,SOURCE_BACKED
UTR_NODE_5778615985,UTraffic node 5778615985,INTERSECTION_OR_GEOMETRY,10.8495308,106.7741870,UTRAFFIC-HCM-V6,SOURCE_COORDINATE,SOURCE_BACKED
UTR_NODE_5778616000,UTraffic node 5778616000,INTERSECTION_OR_GEOMETRY,10.8579183,106.7880235,UTRAFFIC-HCM-V6,SOURCE_COORDINATE,SOURCE_BACKED
UTR_NODE_5778616002,UTraffic node 5778616002,INTERSECTION_OR_GEOMETRY,10.8489328,106.7740681,UTRAFFIC-HCM-V6,SOURCE_COORDINATE,SOURCE_BACKED
UTR_NODE_5778616003,UTraffic node 5778616003,INTERSECTION_OR_GEOMETRY,10.8519859,106.7779817,UTRAFFIC-HCM-V6,SOURCE_COORDINATE,SOURCE_BACKED
UTR_NODE_5778616012,UTraffic node 5778616012,INTERSECTION_OR_GEOMETRY,10.8577911,106.7876495,UTRAFFIC-HCM-V6,SOURCE_COORDINATE,SOURCE_BACKED
UTR_NODE_5778616014,UTraffic node 5778616014,INTERSECTION_OR_GEOMETRY,10.8578264,106.7878674,UTRAFFIC-HCM-V6,SOURCE_COORDINATE,SOURCE_BACKED
UTR_NODE_5778616015,UTraffic node 5778616015,INTERSECTION_OR_GEOMETRY,10.8577239,106.7876497,UTRAFFIC-HCM-V6,SOURCE_COORDINATE,SOURCE_BACKED
UTR_NODE_5778616016,UTraffic node 5778616016,INTERSECTION_OR_GEOMETRY,10.8572978,106.7869139,UTRAFFIC-HCM-V6,SOURCE_COORDINATE,SOURCE_BACKED
UTR_NODE_5778616017,UTraffic node 5778616017,INTERSECTION_OR_GEOMETRY,10.8569640,106.7863960,UTRAFFIC-HCM-V6,SOURCE_COORDINATE,SOURCE_BACKED
UTR_NODE_5778616018,UTraffic node 5778616018,INTERSECTION_OR_GEOMETRY,10.8565322,106.7857177,UTRAFFIC-HCM-V6,SOURCE_COORDINATE,SOURCE_BACKED
UTR_NODE_5778616019,UTraffic node 5778616019,INTERSECTION_OR_GEOMETRY,10.8561981,106.7851244,UTRAFFIC-HCM-V6,SOURCE_COORDINATE,SOURCE_BACKED
UTR_NODE_5778616020,UTraffic node 5778616020,INTERSECTION_OR_GEOMETRY,10.8558820,106.7845665,UTRAFFIC-HCM-V6,SOURCE_COORDINATE,SOURCE_BACKED
UTR_NODE_5778616021,UTraffic node 5778616021,INTERSECTION_OR_GEOMETRY,10.8555776,106.7840307,UTRAFFIC-HCM-V6,SOURCE_COORDINATE,SOURCE_BACKED
UTR_NODE_5778616022,UTraffic node 5778616022,INTERSECTION_OR_GEOMETRY,10.8550474,106.7831289,UTRAFFIC-HCM-V6,SOURCE_COORDINATE,SOURCE_BACKED
UTR_NODE_5778616023,UTraffic node 5778616023,INTERSECTION_OR_GEOMETRY,10.8546154,106.7824231,UTRAFFIC-HCM-V6,SOURCE_COORDINATE,SOURCE_BACKED
UTR_NODE_5778616024,UTraffic node 5778616024,INTERSECTION_OR_GEOMETRY,10.8542088,106.7817217,UTRAFFIC-HCM-V6,SOURCE_COORDINATE,SOURCE_BACKED
UTR_NODE_5778616025,UTraffic node 5778616025,INTERSECTION_OR_GEOMETRY,10.8541578,106.7816513,UTRAFFIC-HCM-V6,SOURCE_COORDINATE,SOURCE_BACKED
UTR_NODE_5778616026,UTraffic node 5778616026,INTERSECTION_OR_GEOMETRY,10.8538672,106.7811534,UTRAFFIC-HCM-V6,SOURCE_COORDINATE,SOURCE_BACKED
UTR_NODE_5778616027,UTraffic node 5778616027,INTERSECTION_OR_GEOMETRY,10.8535059,106.7805456,UTRAFFIC-HCM-V6,SOURCE_COORDINATE,SOURCE_BACKED
UTR_NODE_5778616028,UTraffic node 5778616028,INTERSECTION_OR_GEOMETRY,10.8531768,106.7799869,UTRAFFIC-HCM-V6,SOURCE_COORDINATE,SOURCE_BACKED
UTR_NODE_5778616030,UTraffic node 5778616030,INTERSECTION_OR_GEOMETRY,10.8530483,106.7797818,UTRAFFIC-HCM-V6,SOURCE_COORDINATE,SOURCE_BACKED
UTR_NODE_5778616031,UTraffic node 5778616031,INTERSECTION_OR_GEOMETRY,10.8524573,106.7787900,UTRAFFIC-HCM-V6,SOURCE_COORDINATE,SOURCE_BACKED
UTR_NODE_5778616032,UTraffic node 5778616032,INTERSECTION_OR_GEOMETRY,10.8520135,106.7780262,UTRAFFIC-HCM-V6,SOURCE_COORDINATE,SOURCE_BACKED
UTR_NODE_5778616033,UTraffic node 5778616033,INTERSECTION_OR_GEOMETRY,10.8515481,106.7772744,UTRAFFIC-HCM-V6,SOURCE_COORDINATE,SOURCE_BACKED
UTR_NODE_5778616034,UTraffic node 5778616034,INTERSECTION_OR_GEOMETRY,10.8510552,106.7765166,UTRAFFIC-HCM-V6,SOURCE_COORDINATE,SOURCE_BACKED
UTR_NODE_5778616035,UTraffic node 5778616035,INTERSECTION_OR_GEOMETRY,10.8508860,106.7762943,UTRAFFIC-HCM-V6,SOURCE_COORDINATE,SOURCE_BACKED
UTR_NODE_5778630653,UTraffic node 5778630653,INTERSECTION_OR_GEOMETRY,10.8581937,106.7878367,UTRAFFIC-HCM-V6,SOURCE_COORDINATE,SOURCE_BACKED
UTR_NODE_5778630654,UTraffic node 5778630654,INTERSECTION_OR_GEOMETRY,10.8581167,106.7877131,UTRAFFIC-HCM-V6,SOURCE_COORDINATE,SOURCE_BACKED
UTR_NODE_5778630655,UTraffic node 5778630655,INTERSECTION_OR_GEOMETRY,10.8578934,106.7873207,UTRAFFIC-HCM-V6,SOURCE_COORDINATE,SOURCE_BACKED
UTR_NODE_5778630656,UTraffic node 5778630656,INTERSECTION_OR_GEOMETRY,10.8575631,106.7867473,UTRAFFIC-HCM-V6,SOURCE_COORDINATE,SOURCE_BACKED
UTR_NODE_5778630657,UTraffic node 5778630657,INTERSECTION_OR_GEOMETRY,10.8574204,106.7865142,UTRAFFIC-HCM-V6,SOURCE_COORDINATE,SOURCE_BACKED
UTR_NODE_5778630658,UTraffic node 5778630658,INTERSECTION_OR_GEOMETRY,10.8573228,106.7863345,UTRAFFIC-HCM-V6,SOURCE_COORDINATE,SOURCE_BACKED
UTR_NODE_5778630659,UTraffic node 5778630659,INTERSECTION_OR_GEOMETRY,10.8571840,106.7861109,UTRAFFIC-HCM-V6,SOURCE_COORDINATE,SOURCE_BACKED
UTR_NODE_5778630660,UTraffic node 5778630660,INTERSECTION_OR_GEOMETRY,10.8568386,106.7855299,UTRAFFIC-HCM-V6,SOURCE_COORDINATE,SOURCE_BACKED
UTR_NODE_5778630661,UTraffic node 5778630661,INTERSECTION_OR_GEOMETRY,10.8566628,106.7852265,UTRAFFIC-HCM-V6,SOURCE_COORDINATE,SOURCE_BACKED
UTR_NODE_5778630662,UTraffic node 5778630662,INTERSECTION_OR_GEOMETRY,10.8564144,106.7848151,UTRAFFIC-HCM-V6,SOURCE_COORDINATE,SOURCE_BACKED
UTR_NODE_5778630663,UTraffic node 5778630663,INTERSECTION_OR_GEOMETRY,10.8559883,106.7841195,UTRAFFIC-HCM-V6,SOURCE_COORDINATE,SOURCE_BACKED
UTR_NODE_5778630664,UTraffic node 5778630664,INTERSECTION_OR_GEOMETRY,10.8557012,106.7836016,UTRAFFIC-HCM-V6,SOURCE_COORDINATE,SOURCE_BACKED
UTR_NODE_5778630665,UTraffic node 5778630665,INTERSECTION_OR_GEOMETRY,10.8550987,106.7825944,UTRAFFIC-HCM-V6,SOURCE_COORDINATE,SOURCE_BACKED
UTR_NODE_5778630666,UTraffic node 5778630666,INTERSECTION_OR_GEOMETRY,10.8545412,106.7816522,UTRAFFIC-HCM-V6,SOURCE_COORDINATE,SOURCE_BACKED
UTR_NODE_5778630667,UTraffic node 5778630667,INTERSECTION_OR_GEOMETRY,10.8542663,106.7811788,UTRAFFIC-HCM-V6,SOURCE_COORDINATE,SOURCE_BACKED
UTR_NODE_5778630669,UTraffic node 5778630669,INTERSECTION_OR_GEOMETRY,10.8538111,106.7804138,UTRAFFIC-HCM-V6,SOURCE_COORDINATE,SOURCE_BACKED
UTR_NODE_5778630670,UTraffic node 5778630670,INTERSECTION_OR_GEOMETRY,10.8533982,106.7796914,UTRAFFIC-HCM-V6,SOURCE_COORDINATE,SOURCE_BACKED
UTR_NODE_5778630671,UTraffic node 5778630671,INTERSECTION_OR_GEOMETRY,10.8528557,106.7787855,UTRAFFIC-HCM-V6,SOURCE_COORDINATE,SOURCE_BACKED
UTR_NODE_5778630672,UTraffic node 5778630672,INTERSECTION_OR_GEOMETRY,10.8524211,106.7780777,UTRAFFIC-HCM-V6,SOURCE_COORDINATE,SOURCE_BACKED
UTR_NODE_5778630673,UTraffic node 5778630673,INTERSECTION_OR_GEOMETRY,10.8523546,106.7779599,UTRAFFIC-HCM-V6,SOURCE_COORDINATE,SOURCE_BACKED
UTR_NODE_5778630674,UTraffic node 5778630674,INTERSECTION_OR_GEOMETRY,10.8519642,106.7773502,UTRAFFIC-HCM-V6,SOURCE_COORDINATE,SOURCE_BACKED
UTR_NODE_5778630675,UTraffic node 5778630675,INTERSECTION_OR_GEOMETRY,10.8516826,106.7768629,UTRAFFIC-HCM-V6,SOURCE_COORDINATE,SOURCE_BACKED
UTR_NODE_5778630676,UTraffic node 5778630676,INTERSECTION_OR_GEOMETRY,10.8513842,106.7763889,UTRAFFIC-HCM-V6,SOURCE_COORDINATE,SOURCE_BACKED
UTR_NODE_5778630677,UTraffic node 5778630677,INTERSECTION_OR_GEOMETRY,10.8510764,106.7759016,UTRAFFIC-HCM-V6,SOURCE_COORDINATE,SOURCE_BACKED
UTR_NODE_5778630678,UTraffic node 5778630678,INTERSECTION_OR_GEOMETRY,10.8504607,106.7750874,UTRAFFIC-HCM-V6,SOURCE_COORDINATE,SOURCE_BACKED
UTR_NODE_5778630679,UTraffic node 5778630679,INTERSECTION_OR_GEOMETRY,10.8501228,106.7747281,UTRAFFIC-HCM-V6,SOURCE_COORDINATE,SOURCE_BACKED
UTR_NODE_5778630680,UTraffic node 5778630680,INTERSECTION_OR_GEOMETRY,10.8499906,106.7746266,UTRAFFIC-HCM-V6,SOURCE_COORDINATE,SOURCE_BACKED
UTR_NODE_5778630681,UTraffic node 5778630681,INTERSECTION_OR_GEOMETRY,10.8525773,106.7784911,UTRAFFIC-HCM-V6,SOURCE_COORDINATE,SOURCE_BACKED
UTR_NODE_5778630687,UTraffic node 5778630687,INTERSECTION_OR_GEOMETRY,10.8568124,106.7864121,UTRAFFIC-HCM-V6,SOURCE_COORDINATE,SOURCE_BACKED
UTR_NODE_5778630688,UTraffic node 5778630688,INTERSECTION_OR_GEOMETRY,10.8572056,106.7870890,UTRAFFIC-HCM-V6,SOURCE_COORDINATE,SOURCE_BACKED
UTR_NODE_5778630695,UTraffic node 5778630695,INTERSECTION_OR_GEOMETRY,10.8500296,106.7753669,UTRAFFIC-HCM-V6,SOURCE_COORDINATE,SOURCE_BACKED
UTR_NODE_5778630718,UTraffic node 5778630718,INTERSECTION_OR_GEOMETRY,10.8495997,106.7748985,UTRAFFIC-HCM-V6,SOURCE_COORDINATE,SOURCE_BACKED
UTR_NODE_5778758535,UTraffic node 5778758535,INTERSECTION_OR_GEOMETRY,10.8453128,106.7715728,UTRAFFIC-HCM-V6,SOURCE_COORDINATE,SOURCE_BACKED
UTR_NODE_5778758536,UTraffic node 5778758536,INTERSECTION_OR_GEOMETRY,10.8460989,106.7720581,UTRAFFIC-HCM-V6,SOURCE_COORDINATE,SOURCE_BACKED
UTR_NODE_5778903810,UTraffic node 5778903810,INTERSECTION_OR_GEOMETRY,10.8291840,106.7225355,UTRAFFIC-HCM-V6,SOURCE_COORDINATE,SOURCE_BACKED
UTR_NODE_5778903811,UTraffic node 5778903811,INTERSECTION_OR_GEOMETRY,10.8290287,106.7226177,UTRAFFIC-HCM-V6,SOURCE_COORDINATE,SOURCE_BACKED
UTR_NODE_5778903812,UTraffic node 5778903812,INTERSECTION_OR_GEOMETRY,10.8290023,106.7227048,UTRAFFIC-HCM-V6,SOURCE_COORDINATE,SOURCE_BACKED
UTR_NODE_5811572061,UTraffic node 5811572061,INTERSECTION_OR_GEOMETRY,10.8447629,106.7809208,UTRAFFIC-HCM-V6,SOURCE_COORDINATE,SOURCE_BACKED
UTR_NODE_5811572062,UTraffic node 5811572062,INTERSECTION_OR_GEOMETRY,10.8445262,106.7812632,UTRAFFIC-HCM-V6,SOURCE_COORDINATE,SOURCE_BACKED
UTR_NODE_5811572064,UTraffic node 5811572064,INTERSECTION_OR_GEOMETRY,10.8408851,106.7693451,UTRAFFIC-HCM-V6,SOURCE_COORDINATE,SOURCE_BACKED
UTR_NODE_5880199423,UTraffic node 5880199423,INTERSECTION_OR_GEOMETRY,10.8662618,106.7342021,UTRAFFIC-HCM-V6,SOURCE_COORDINATE,SOURCE_BACKED
UTR_NODE_5880199424,UTraffic node 5880199424,INTERSECTION_OR_GEOMETRY,10.8662398,106.7342721,UTRAFFIC-HCM-V6,SOURCE_COORDINATE,SOURCE_BACKED
UTR_NODE_5880199425,UTraffic node 5880199425,INTERSECTION_OR_GEOMETRY,10.8662704,106.7343376,UTRAFFIC-HCM-V6,SOURCE_COORDINATE,SOURCE_BACKED
UTR_NODE_5880199426,UTraffic node 5880199426,INTERSECTION_OR_GEOMETRY,10.8663640,106.7343606,UTRAFFIC-HCM-V6,SOURCE_COORDINATE,SOURCE_BACKED
UTR_NODE_5880199427,UTraffic node 5880199427,INTERSECTION_OR_GEOMETRY,10.8664275,106.7342283,UTRAFFIC-HCM-V6,SOURCE_COORDINATE,SOURCE_BACKED
UTR_NODE_5880199428,UTraffic node 5880199428,INTERSECTION_OR_GEOMETRY,10.8663913,106.7341829,UTRAFFIC-HCM-V6,SOURCE_COORDINATE,SOURCE_BACKED
UTR_NODE_5880199429,UTraffic node 5880199429,INTERSECTION_OR_GEOMETRY,10.8663016,106.7341728,UTRAFFIC-HCM-V6,SOURCE_COORDINATE,SOURCE_BACKED
UTR_NODE_5880199430,UTraffic node 5880199430,INTERSECTION_OR_GEOMETRY,10.8664080,106.7343332,UTRAFFIC-HCM-V6,SOURCE_COORDINATE,SOURCE_BACKED
UTR_NODE_5880199431,UTraffic node 5880199431,INTERSECTION_OR_GEOMETRY,10.8663125,106.7343613,UTRAFFIC-HCM-V6,SOURCE_COORDINATE,SOURCE_BACKED
UTR_NODE_5880324065,UTraffic node 5880324065,INTERSECTION_OR_GEOMETRY,10.8728123,106.7453745,UTRAFFIC-HCM-V6,SOURCE_COORDINATE,SOURCE_BACKED
UTR_NODE_5880487201,UTraffic node 5880487201,INTERSECTION_OR_GEOMETRY,10.8665930,106.7268198,UTRAFFIC-HCM-V6,SOURCE_COORDINATE,SOURCE_BACKED
