edge_id,from_node_id,to_node_id,road_name,road_type,direction,distance_m,free_flow_time_min,congestion_level_1_5,flood_risk_0_1,flood_observation_status,path_coordinates_json,source_path_edge_count,connector_distance_m,connector_speed_assumption_kph,source_segment_ids,source_id,data_status
LM_EDGE_0001,LM_001,LM_036,Đường số 9 → Kha Vạn Cân → Võ Văn Ngân,AGGREGATED_PATH,SOURCE_DIRECTED_PATH,2172.011,4.743034,1,0,NO_RECORD_IN_SELECTED_SOURCES,"[[106.7553555,10.8588452],[106.7565231,10.8603368],[106.7567479,10.8602575],[106.7569383,10.8602228],[106.7572073,10.8601925],[106.7574238,10.8601545],[106.7574952,10.8601382],[106.7575149,10.860135],[106.7577419,10.8600128],[106.7579311,10.8598928],[106.7580635,10.8597298],[106.7580978,10.8596785],[106.7581431,10.8595863],[106.7582122,10.8594473],[106.758351,10.8590864],[106.7584728,10.8589007],[106.7585583,10.8587769],[106.758731,10.8585954],[106.7588271,10.8584684],[106.7586137,10.85831],[106.7584467,10.8581716],[106.7583188,10.8580864],[106.7581904,10.8580389],[106.7579891,10.8579811],[106.7577094,10.8579008],[106.7574227,10.8577443],[106.7572736,10.857624],[106.7572314,10.85754],[106.7572295,10.8575297],[106.7571971,10.8574595],[106.757101,10.8572676],[106.7570109,10.8570876],[106.7570019,10.8570633],[106.756909,10.8568477],[106.7568205,10.8567185],[106.75667,10.8565353],[106.7565436,10.8563652],[106.7564014,10.8561967],[106.7558166,10.8555416],[106.7557523,10.8554494],[106.7556289,10.8553138],[106.7554963,10.8551755],[106.7554152,10.8550659],[106.7552689,10.8548322],[106.75523,10.8547565],[106.7551533,10.8546069],[106.7551245,10.8545664],[106.7549533,10.8542363],[106.7548836,10.8541006],[106.7547142,10.8537752],[106.7546452,10.8535916],[106.7546184,10.8534493],[106.7545984,10.853307],[106.7546167,10.852873],[106.7547035,10.8524285],[106.7547245,10.8523042],[106.7547307,10.8522678],[106.7548926,10.8515211],[106.7549537,10.8512321],[106.7549115,10.8512184],[106.7548899,10.8512045],[106.7548724,10.8511834],[106.7548624,10.8511581],[106.7548609,10.851131],[106.7548708,10.8510993],[106.754892,10.8510736],[106.7549216,10.8510576],[106.7549551,10.8510537],[106.7549877,10.8510625],[106.7550089,10.8510771],[106.755025,10.8510971],[106.7550343,10.8511208],[106.7550363,10.8511462],[106.7550306,10.851171],[106.7551817,10.8511813],[106.7554506,10.8511579],[106.7554761,10.8511526],[106.7556645,10.8511418],[106.7557775,10.8511369],[106.7558304,10.8511277],[106.7559262,10.8511306],[106.7559921,10.8511326],[106.7560336,10.8511346],[106.7561144,10.8511402],[106.7565153,10.8512042],[106.7566862,10.851227],[106.7567647,10.8512375],[106.7568863,10.8512421],[106.7570876,10.8512498],[106.7573208,10.8512115],[106.7575574,10.8511374],[106.7580574,10.8509701],[106.7583912,10.8508014],[106.7586699,10.8505984],[106.7588251,10.8506322],[106.759378,10.850597],[106.7597097,10.8505759],[106.7598726,10.8505703],[106.7599916,10.8505632],[106.7602131,10.8509752]]",97,261.011,20,3252;3250;3248;3246;3244;3242;3240;3238;3236;3234;3232;3230;3228;3226;3224;3222;3220;37604;37602;37600;37598;37596;37594;37592;37590;37588;37586;37584;37582;37580;37578;37576;37574;37572;37570;37568;37566;37564;37562;37560;37558;37556;37554;37552;37550;37548;37546;37544;37542;37540;37538;37536;37534;37532;37530;37528;37526;37514;37515;37516;37498;37499;37500;37501;37502;37503;37504;37505;37506;37507;37508;37509;10317;10319;10321;10323;10325;10327;10329;10331;10333;10335;10337;10339;10341;10343;10345;10347;10349;10351;10353;10355;52090;52092;52094;52096;52098,UTRAFFIC-HCM-V6,DERIVED
LM_EDGE_0002,LM_001,LM_060,Đường số 9 → Kha Vạn Cân,AGGREGATED_PATH,SOURCE_DIRECTED_PATH,1373.410,3.158231,1,0,NO_RECORD_IN_SELECTED_SOURCES,"[[106.7553555,10.8588452],[106.7565231,10.8603368],[106.7567479,10.8602575],[106.7569383,10.8602228],[106.7572073,10.8601925],[106.7574238,10.8601545],[106.7574952,10.8601382],[106.7575149,10.860135],[106.7577419,10.8600128],[106.7579311,10.8598928],[106.7580635,10.8597298],[106.7580978,10.8596785],[106.7581431,10.8595863],[106.7582122,10.8594473],[106.758351,10.8590864],[106.7584728,10.8589007],[106.7585583,10.8587769],[106.758731,10.8585954],[106.7588271,10.8584684],[106.7588963,10.8585202],[106.7589351,10.8585717],[106.7589768,10.8586347],[106.7590408,10.8587029],[106.759222,10.8589471],[106.7595237,10.8593189],[106.7596016,10.8594222],[106.7597075,10.8595444],[106.7598341,10.8596607],[106.7600311,10.8597984],[106.7602095,10.8599426],[106.7604184,10.8601307],[106.7605687,10.8603155],[106.7606213,10.8603851],[106.7606506,10.8604128],[106.7607676,10.8606005],[106.7608021,10.860666],[106.7608653,10.8607843],[106.7609187,10.8609068],[106.7610056,10.8613822],[106.7610549,10.861742],[106.76106,10.8620044],[106.7610511,10.8621226],[106.7610142,10.8622765],[106.7609449,10.8625105],[106.760887,10.8628648],[106.7608619,10.8630327],[106.7608544,10.8632064],[106.7608583,10.8633273],[106.7608732,10.863459],[106.7608745,10.8634801],[106.7609277,10.863612],[106.761007,10.8637727],[106.7610409,10.8638433],[106.7612175,10.8641461],[106.7612607,10.8642209],[106.7612747,10.864248],[106.7614063,10.8645021],[106.7619545,10.8642934]]",55,273.410,20,3252;3250;3248;3246;3244;3242;3240;3238;3236;3234;3232;3230;3228;3226;3224;3222;3220;37605;37607;37609;37611;37613;37615;37617;37619;37621;37623;37625;37627;37629;37631;37633;37635;37637;37639;37641;37643;37645;37647;37649;37651;37653;37655;37657;37659;37661;37663;37665;37667;37669;37671;37673;37675;37677;37679,UTRAFFIC-HCM-V6,DERIVED
LM_EDGE_0003,LM_002,LM_033,Cầu vượt Trạm 2 → Cầu vượt Thủ Đức → Xa Lộ Hà Nội → Xa lộ Hà Nội → Đường D1,AGGREGATED_PATH,SOURCE_DIRECTED_PATH,1979.464,3.392487,1,0,NO_RECORD_IN_SELECTED_SOURCES,"[[106.8012008,10.8662985],[106.7963923,10.8640996],[106.7964124,10.8640457],[106.7964261,10.8639768],[106.7964391,10.8638879],[106.7964415,10.8638097],[106.7964376,10.8637379],[106.7964231,10.8636521],[106.7964012,10.8635527],[106.7963801,10.8635067],[106.7963341,10.8633964],[106.7962773,10.8632986],[106.7962152,10.8631877],[106.796194,10.8631499],[106.796101,10.8630232],[106.7960261,10.8629774],[106.7954677,10.8626358],[106.7950119,10.862383],[106.7948467,10.8622914],[106.7942659,10.8619363],[106.7929898,10.8611665],[106.7924744,10.8608841],[106.7917439,10.8604461],[106.7912816,10.8601701],[106.790512,10.8597106],[106.7896246,10.8591793],[106.7882037,10.8583287],[106.7879109,10.8581759],[106.7878724,10.8581456],[106.7878177,10.8581167],[106.7877405,10.8580734],[106.7878255,10.8578972],[106.7878674,10.8578264],[106.7880235,10.8579183],[106.7883514,10.8581292],[106.788657,10.8583436],[106.7887514,10.8584028],[106.788925,10.8585095],[106.7888364,10.8589894]]",36,633.464,20,28808;28809;28810;28811;28812;28813;28814;28815;28816;28817;46078;46079;46080;45939;45940;17304;17305;17306;17307;17308;52215;52216;52217;52218;52219;52220;52221;52222;52223;29780;29781;82023;82024;81993;81994;81995,UTRAFFIC-HCM-V6,DERIVED
LM_EDGE_0004,LM_002,LM_034,Cầu vượt Trạm 2 → Cầu vượt Thủ Đức → Xa Lộ Hà Nội → Quốc lộ 1,AGGREGATED_PATH,SOURCE_DIRECTED_PATH,2470.138,5.250813,1,0,NO_RECORD_IN_SELECTED_SOURCES,"[[106.8012008,10.8662985],[106.7963923,10.8640996],[106.7964124,10.8640457],[106.7964261,10.8639768],[106.7964391,10.8638879],[106.7964415,10.8638097],[106.7964376,10.8637379],[106.7964231,10.8636521],[106.7964012,10.8635527],[106.7963801,10.8635067],[106.7963341,10.8633964],[106.7962773,10.8632986],[106.7962152,10.8631877],[106.796194,10.8631499],[106.796101,10.8630232],[106.7960261,10.8629774],[106.7954677,10.8626358],[106.7950119,10.862383],[106.7948467,10.8622914],[106.7946722,10.8622575],[106.7946474,10.8622534],[106.7945633,10.8622393],[106.7944202,10.8622147],[106.7942868,10.8622228],[106.7941773,10.862239],[106.7940708,10.8622634],[106.7939714,10.8623],[106.7938689,10.8623631],[106.7937705,10.8624444],[106.7937076,10.8625327],[106.7936704,10.8626091],[106.7936368,10.8626994],[106.7936142,10.8628103],[106.7936021,10.8629246],[106.7936092,10.8630131],[106.7936342,10.8631102],[106.7936706,10.8631975],[106.793713,10.8632793],[106.7937726,10.8633488],[106.7938209,10.8633951],[106.7939143,10.8634657],[106.7940031,10.8635091],[106.7940917,10.8635495],[106.7942087,10.8635794],[106.7943,10.8635824],[106.7943928,10.8635731],[106.794472,10.8635565],[106.7945465,10.8635296],[106.7946299,10.8634875],[106.794712,10.8634324],[106.7947984,10.863363],[106.7949558,10.8632015],[106.7950973,10.8630626],[106.7951622,10.8629675],[106.7957769,10.8619893],[106.7958668,10.8618381],[106.7961088,10.8614947],[106.7964496,10.8609842],[106.7966111,10.8607657],[106.7968994,10.8604288],[106.7971053,10.8602062],[106.7972502,10.8600621],[106.7977406,10.8596206],[106.7978686,10.8595033],[106.7981672,10.8592311],[106.7982379,10.8592315],[106.7982768,10.8592538],[106.7983062,10.8593077],[106.7983097,10.8593692],[106.8037899,10.8619124]]",67,1241.138,20,28808;28809;28810;28811;28812;28813;28814;28815;28816;28817;46078;46079;46080;45939;45940;17304;17305;28756;28757;81988;81989;46081;46082;46083;46084;46085;46086;46087;46088;46089;46090;46091;46092;46093;46094;46095;46096;46097;46098;46099;46100;46101;46102;46103;46104;46105;46106;46107;46108;46109;46110;59401;21787;21786;21735;21736;21737;21738;21739;21740;21741;21742;21743;21744;21745;21746;21747,UTRAFFIC-HCM-V6,DERIVED
LM_EDGE_0005,LM_003,LM_046,Xa Lộ Hà Nội,AGGREGATED_PATH,SOURCE_DIRECTED_PATH,1008.584,1.301351,1,0,NO_RECORD_IN_SELECTED_SOURCES,"[[106.7422498,10.8021337],[106.7423319,10.8019117],[106.7417866,10.8018103],[106.7412177,10.801705],[106.7410918,10.8016817],[106.7400689,10.8014895],[106.7381342,10.8011238],[106.7364156,10.8007995],[106.7363577,10.8007886],[106.7360829,10.8007379],[106.734223,10.8003988],[106.7336756,10.8002697],[106.7336512,10.8004871]]",10,50.584,20,30052;30053;30054;30055;30056;30057;30058;30059;30060;30061,UTRAFFIC-HCM-V6,DERIVED
LM_EDGE_0006,LM_003,LM_064,Xa Lộ Hà Nội,AGGREGATED_PATH,SOURCE_DIRECTED_PATH,241.921,0.480962,1,0,NO_RECORD_IN_SELECTED_SOURCES,"[[106.7422498,10.8021337],[106.7423319,10.8019117],[106.7417866,10.8018103],[106.7412177,10.801705],[106.7410918,10.8016817],[106.740878,10.8023666]]",3,105.921,20,30052;30053;30054,UTRAFFIC-HCM-V6,DERIVED
LM_EDGE_0007,LM_004,LM_012,Hoàng Hữu Nam,AGGREGATED_PATH,SOURCE_DIRECTED_PATH,1599.018,3.629627,1,0,NO_RECORD_IN_SELECTED_SOURCES,"[[106.8161871,10.8795527],[106.8161168,10.8779659],[106.8158581,10.8776386],[106.8157355,10.8770994],[106.8156078,10.8766994],[106.8155501,10.8764255],[106.8150848,10.8744842],[106.8149743,10.874025],[106.8149658,10.8739925],[106.8148355,10.8734917],[106.8147995,10.8733535],[106.8147359,10.8731093],[106.8147103,10.8730108],[106.8145147,10.8720895],[106.8144206,10.8716676],[106.8144011,10.8716072],[106.8143029,10.8712357],[106.8142781,10.8711308],[106.8142237,10.8709475],[106.8141487,10.8706194],[106.8140462,10.8700976],[106.814031,10.870019],[106.8093249,10.8702234]]",20,691.018,20,69204;16188;16186;7326;7324;7322;7320;7318;7316;7314;7312;7310;7308;7306;7304;7302;7300;7298;7296;7294,UTRAFFIC-HCM-V6,DERIVED
LM_EDGE_0008,LM_004,LM_050,Hoàng Hữu Nam,AGGREGATED_PATH,SOURCE_DIRECTED_PATH,2011.524,4.953285,1,0,NO_RECORD_IN_SELECTED_SOURCES,"[[106.8161871,10.8795527],[106.8161168,10.8779659],[106.8158581,10.8776386],[106.8157355,10.8770994],[106.8156078,10.8766994],[106.8155501,10.8764255],[106.8150848,10.8744842],[106.8149743,10.874025],[106.8149658,10.8739925],[106.8148355,10.8734917],[106.8147995,10.8733535],[106.8147359,10.8731093],[106.8147103,10.8730108],[106.8145147,10.8720895],[106.8144206,10.8716676],[106.8144011,10.8716072],[106.8143029,10.8712357],[106.8142781,10.8711308],[106.8142237,10.8709475],[106.8141487,10.8706194],[106.805223,10.8723693]]",18,1170.524,20,69204;16188;16186;7326;7324;7322;7320;7318;7316;7314;7312;7310;7308;7306;7304;7302;7300;7298,UTRAFFIC-HCM-V6,DERIVED
LM_EDGE_0009,LM_005,LM_023,Lê Văn Chí → Linh Trung,AGGREGATED_PATH,SOURCE_DIRECTED_PATH,1077.656,2.309969,1,0,NO_RECORD_IN_SELECTED_SOURCES,"[[106.7805429,10.8622334],[106.7798417,10.8623511],[106.779752,10.8621761],[106.7794416,10.8616314],[106.7792544,10.8613029],[106.7790174,10.860887],[106.7786294,10.8602109],[106.7785895,10.8601415],[106.7785104,10.8600037],[106.7783306,10.8596904],[106.7780856,10.8592804],[106.7779324,10.859024],[106.7778234,10.8589411],[106.7772333,10.8592134],[106.7763998,10.8595812],[106.7761831,10.8596661],[106.7752188,10.8600436],[106.7745078,10.8603235],[106.7744412,10.8603482],[106.7741483,10.8604181],[106.7740542,10.8604406],[106.7735974,10.8605158],[106.7731619,10.8599715]]",20,154.656,20,17329;17331;17333;17335;17337;17339;17341;17343;17345;17347;17349;81303;81305;81307;81309;81311;81313;81315;81317;81319,UTRAFFIC-HCM-V6,DERIVED
LM_EDGE_0010,LM_005,LM_052,Lê Văn Chí → Hoàng Diệu 2,AGGREGATED_PATH,SOURCE_DIRECTED_PATH,1608.390,3.506169,1,0,NO_RECORD_IN_SELECTED_SOURCES,"[[106.7805429,10.8622334],[106.7798417,10.8623511],[106.779752,10.8621761],[106.7794416,10.8616314],[106.7792544,10.8613029],[106.7790174,10.860887],[106.7786294,10.8602109],[106.7785895,10.8601415],[106.7785104,10.8600037],[106.7783306,10.8596904],[106.7780856,10.8592804],[106.7779324,10.859024],[106.7778234,10.8589411],[106.7774425,10.8582465],[106.7773236,10.8580186],[106.7771151,10.8576608],[106.7768972,10.8573164],[106.7768335,10.8572156],[106.776738,10.8571009],[106.7766016,10.8569564],[106.7762561,10.8567442],[106.7756944,10.8564273],[106.7742859,10.8555741],[106.774098,10.8554639],[106.7738625,10.8553258],[106.7735859,10.8551826],[106.7733764,10.8550434],[106.7732593,10.8549708],[106.7731114,10.8547892],[106.7730838,10.8547408],[106.7730251,10.8546379],[106.772986,10.8544859],[106.7727701,10.8544067],[106.7722873,10.8542224],[106.7719011,10.8540432],[106.7717841,10.8539941],[106.7717055,10.8539761],[106.7717145,10.8520722]]",35,289.390,20,17329;17331;17333;17335;17337;17339;17341;17343;17345;17347;17349;17351;17353;17355;17357;17359;17361;17363;17365;17367;17369;17371;17373;17375;17377;17379;17381;17383;17385;17387;2306;2308;2310;2312;2314,UTRAFFIC-HCM-V6,DERIVED
LM_EDGE_0011,LM_006,LM_025,Phú Châu → Tô Ngọc Vân → Cầu vượt Ngã tư Gò Dưa → Phường Tam Bình → Phường An Bình,AGGREGATED_PATH,SOURCE_DIRECTED_PATH,2144.710,4.401559,1,0,NO_RECORD_IN_SELECTED_SOURCES,"[[106.7455723,10.8643971],[106.746033,10.8640879],[106.7459861,10.8640284],[106.7455507,10.8634757],[106.7454883,10.8634184],[106.7448654,10.8628859],[106.7440598,10.8622103],[106.7437813,10.8623844],[106.743489,10.8625757],[106.7428922,10.8629315],[106.7428263,10.8629833],[106.7426357,10.8631155],[106.7425084,10.8632331],[106.7423735,10.863398],[106.7423313,10.8634559],[106.7421988,10.863722],[106.7420599,10.8641695],[106.7420101,10.864324],[106.7419747,10.8644685],[106.7419258,10.864662],[106.7417965,10.8651244],[106.7417337,10.8652968],[106.7417093,10.8653474],[106.7416331,10.8655102],[106.741542,10.8656945],[106.7414148,10.8658106],[106.7412853,10.8658957],[106.7411616,10.8659537],[106.7410889,10.8659778],[106.7408856,10.8660036],[106.7407389,10.8660235],[106.740674,10.8660323],[106.7403861,10.8660714],[106.740332,10.8660787],[106.7402027,10.8660869],[106.7396064,10.866125],[106.7394124,10.8661229],[106.7392333,10.8661645],[106.7390324,10.8661988],[106.7389981,10.8662141],[106.7389136,10.8662518],[106.738835,10.8662869],[106.7387414,10.8663403],[106.7386467,10.8664286],[106.7385813,10.8664793],[106.7383712,10.8666964],[106.7381134,10.8670022],[106.7379129,10.86724],[106.7378142,10.8673393],[106.7376953,10.8674241],[106.7375063,10.867529],[106.7373193,10.8676086],[106.7370661,10.8677],[106.7367525,10.8678228],[106.7364768,10.8679307],[106.736214,10.8680302],[106.7361943,10.8680376],[106.7358116,10.8681825],[106.7357311,10.8682183],[106.7356289,10.8682636],[106.7352291,10.8684412],[106.7351408,10.8684869],[106.7348303,10.8686477],[106.7345926,10.8688685],[106.734339,10.8691206],[106.7341494,10.8693592],[106.7340269,10.8695293],[106.7339246,10.8698305],[106.7339103,10.8699591],[106.7339349,10.8700612],[106.7339902,10.8701878],[106.7340413,10.8702758],[106.7341834,10.8703392],[106.7343208,10.8704094],[106.7349806,10.8707333],[106.7350147,10.8707499],[106.7356099,10.8709993],[106.735563,10.8703194]]",75,136.710,20,4536;4534;4532;4530;4528;56171;56169;56167;56165;56163;56161;56159;56157;56155;56153;56151;56149;56147;56145;56143;56141;56139;56137;56135;56133;56131;56129;56127;56125;56123;56121;56119;56117;56115;56113;56111;56109;56107;56105;56103;56101;56099;56097;56095;56093;56091;56089;56087;56085;56083;56081;56079;56077;56075;56073;56071;56069;56067;56065;56063;56061;56059;56057;56055;56053;56215;56216;56217;56218;56219;81662;81663;81664;81665;81666,UTRAFFIC-HCM-V6,DERIVED
LM_EDGE_0012,LM_006,LM_055,Phú Châu → Tô Ngọc Vân,AGGREGATED_PATH,SOURCE_DIRECTED_PATH,424.601,0.938803,1,0,NO_RECORD_IN_SELECTED_SOURCES,"[[106.7455723,10.8643971],[106.746033,10.8640879],[106.7459861,10.8640284],[106.7455507,10.8634757],[106.7454883,10.8634184],[106.7448654,10.8628859],[106.7440598,10.8622103],[106.7437813,10.8623844],[106.7437487,10.8626402]]",6,89.601,20,4536;4534;4532;4530;4528;56171,UTRAFFIC-HCM-V6,DERIVED
LM_EDGE_0013,LM_007,LM_001,Đường số 11 → Đường số 5 → Quốc lộ 1K → Phạm Văn Đồng → Đường số 9,AGGREGATED_PATH,SOURCE_DIRECTED_PATH,4632.504,8.184970,1,0,NO_RECORD_IN_SELECTED_SOURCES,"[[106.7737207,10.887672],[106.7683689,10.8881979],[106.768344,10.8878773],[106.7683141,10.8874915],[106.7683101,10.8874393],[106.7682699,10.8865874],[106.7682587,10.886349],[106.7681813,10.886038],[106.7680579,10.8854691],[106.7680158,10.8852379],[106.767963,10.8849475],[106.7679256,10.884742],[106.7679132,10.8846739],[106.7678326,10.8842311],[106.7677626,10.8836926],[106.7677128,10.8834501],[106.7676395,10.8830932],[106.7676305,10.8830554],[106.7675905,10.8828879],[106.7675564,10.8827448],[106.7675353,10.8826567],[106.7674605,10.8823432],[106.7674002,10.8820908],[106.7673767,10.8819923],[106.7673521,10.8818716],[106.7673329,10.8817774],[106.7673177,10.8817025],[106.7672401,10.8811944],[106.7671925,10.8808827],[106.7671503,10.8806062],[106.7671286,10.8804642],[106.7679117,10.8806584],[106.7680082,10.8806352],[106.7680431,10.8806102],[106.7680931,10.8805785],[106.7681393,10.880532],[106.7678843,10.8802312],[106.7674246,10.8796964],[106.7671262,10.8793684],[106.7669616,10.8791637],[106.7669194,10.8790976],[106.7668263,10.8789519],[106.7668082,10.8789168],[106.766715,10.8787551],[106.7666799,10.8786972],[106.7666118,10.8784802],[106.7665273,10.8781879],[106.7665197,10.8781309],[106.7664975,10.877964],[106.7664835,10.8778583],[106.7664621,10.8775854],[106.76644,10.8773035],[106.7664411,10.8771727],[106.7663965,10.8768423],[106.7663522,10.8766921],[106.7663294,10.876615],[106.7663094,10.8765701],[106.7659947,10.8758648],[106.7655561,10.8747417],[106.765511,10.8746157],[106.7652736,10.8740222],[106.7652158,10.8738822],[106.7651279,10.873674],[106.7650432,10.8734637],[106.7649374,10.8732098],[106.7649346,10.8730603],[106.7648541,10.8728996],[106.7648031,10.872818],[106.764768,10.8727252],[106.7646668,10.8725342],[106.7645247,10.8723171],[106.7642252,10.8718906],[106.7641195,10.8718419],[106.764074,10.8717785],[106.7639776,10.8716589],[106.7639621,10.8716364],[106.7638196,10.8714476],[106.763686,10.8712552],[106.7635227,10.8709342],[106.7634751,10.8708032],[106.7634378,10.8706708],[106.7634123,10.8705207],[106.7634002,10.8703244],[106.7633832,10.8701199],[106.7633779,10.8699087],[106.7633734,10.8698706],[106.7633658,10.8697362],[106.7633589,10.869613],[106.7633421,10.8693466],[106.7633016,10.8691505],[106.7632633,10.8690225],[106.7631868,10.8688414],[106.7630848,10.8686112],[106.7629341,10.8683752],[106.762655,10.8679426],[106.7623693,10.8674606],[106.7622402,10.8672419],[106.7621866,10.8671642],[106.7621329,10.8670854],[106.762095,10.8670182],[106.7620037,10.8668982],[106.7619004,10.8667978],[106.7617638,10.8666573],[106.761486,10.8664018],[106.761277,10.8662395],[106.7610321,10.8660878],[106.760591,10.8658361],[106.7601289,10.8655829],[106.7597264,10.8654033],[106.7590353,10.8650568],[106.758735,10.864879],[106.7582794,10.8646378],[106.757546,10.8642739],[106.7571974,10.8641108],[106.7566295,10.8638204],[106.7560758,10.8635318],[106.755891,10.8633914],[106.7555371,10.8631527],[106.7552357,10.8629524],[106.7549731,10.8627189],[106.7549861,10.8626681],[106.7549967,10.8626266],[106.7551034,10.8622663],[106.7551442,10.8621803],[106.7554114,10.8616172],[106.7555363,10.8614092],[106.7556273,10.8612933],[106.7558897,10.8609593],[106.7561196,10.8606745],[106.7563348,10.8604917],[106.7565231,10.8603368],[106.7553555,10.8588452]]",129,796.504,20,11117;11115;11113;11111;11109;11107;11105;11103;11101;11099;11097;11095;11093;11091;11089;11087;11085;11083;11081;11079;11077;11075;11073;11071;11069;11067;11065;11063;11061;63;46432;46434;46436;46438;69936;69937;69938;69939;69940;69941;69942;69943;69944;69945;69946;69947;69948;69949;69950;69951;78371;78372;78373;78374;78375;78376;78377;78378;51381;51382;51383;51384;69886;69887;50727;50729;50731;50733;50735;50737;57233;57227;57228;57229;57230;57231;50739;50740;50741;50742;50743;50744;50745;50746;50747;50748;50749;50750;50751;50752;50753;50754;50755;50756;50757;50758;51414;51415;51416;51417;51418;51419;51420;51421;51422;51423;51424;51425;51426;51427;51428;51429;51430;51431;51432;51433;51434;51435;3274;3272;3270;3268;3266;3264;3262;3260;3258;3256;3254,UTRAFFIC-HCM-V6,DERIVED
LM_EDGE_0014,LM_007,LM_060,Đường số 11 → Đường số 5 → Quốc lộ 1K → Phạm Văn Đồng → Kha Vạn Cân,AGGREGATED_PATH,SOURCE_DIRECTED_PATH,3558.504,6.701369,1,0,NO_RECORD_IN_SELECTED_SOURCES,"[[106.7737207,10.887672],[106.7683689,10.8881979],[106.768344,10.8878773],[106.7683141,10.8874915],[106.7683101,10.8874393],[106.7682699,10.8865874],[106.7682587,10.886349],[106.7681813,10.886038],[106.7680579,10.8854691],[106.7680158,10.8852379],[106.767963,10.8849475],[106.7679256,10.884742],[106.7679132,10.8846739],[106.7678326,10.8842311],[106.7677626,10.8836926],[106.7677128,10.8834501],[106.7676395,10.8830932],[106.7676305,10.8830554],[106.7675905,10.8828879],[106.7675564,10.8827448],[106.7675353,10.8826567],[106.7674605,10.8823432],[106.7674002,10.8820908],[106.7673767,10.8819923],[106.7673521,10.8818716],[106.7673329,10.8817774],[106.7673177,10.8817025],[106.7672401,10.8811944],[106.7671925,10.8808827],[106.7671503,10.8806062],[106.7671286,10.8804642],[106.7679117,10.8806584],[106.7680082,10.8806352],[106.7680431,10.8806102],[106.7680931,10.8805785],[106.7681393,10.880532],[106.7678843,10.8802312],[106.7674246,10.8796964],[106.7671262,10.8793684],[106.7669616,10.8791637],[106.7669194,10.8790976],[106.7668263,10.8789519],[106.7668082,10.8789168],[106.766715,10.8787551],[106.7666799,10.8786972],[106.7666118,10.8784802],[106.7665273,10.8781879],[106.7665197,10.8781309],[106.7664975,10.877964],[106.7664835,10.8778583],[106.7664621,10.8775854],[106.76644,10.8773035],[106.7664411,10.8771727],[106.7663965,10.8768423],[106.7663522,10.8766921],[106.7663294,10.876615],[106.7663094,10.8765701],[106.7659947,10.8758648],[106.7655561,10.8747417],[106.765511,10.8746157],[106.7652736,10.8740222],[106.7652158,10.8738822],[106.7651279,10.873674],[106.7650432,10.8734637],[106.7649374,10.8732098],[106.7649346,10.8730603],[106.7648541,10.8728996],[106.7648031,10.872818],[106.764768,10.8727252],[106.7646668,10.8725342],[106.7645247,10.8723171],[106.7642252,10.8718906],[106.7641195,10.8718419],[106.764074,10.8717785],[106.7639776,10.8716589],[106.7639621,10.8716364],[106.7638196,10.8714476],[106.763686,10.8712552],[106.7635227,10.8709342],[106.7634751,10.8708032],[106.7634378,10.8706708],[106.7634123,10.8705207],[106.7634002,10.8703244],[106.7633832,10.8701199],[106.7633779,10.8699087],[106.7633734,10.8698706],[106.7633658,10.8697362],[106.7633589,10.869613],[106.7633421,10.8693466],[106.7633016,10.8691505],[106.7632633,10.8690225],[106.7631868,10.8688414],[106.7630848,10.8686112],[106.7629341,10.8683752],[106.762655,10.8679426],[106.7623693,10.8674606],[106.7622402,10.8672419],[106.7622669,10.867196],[106.7622921,10.8671646],[106.7623268,10.8671266],[106.7623508,10.8670728],[106.7623486,10.8670258],[106.7623129,10.8667615],[106.7622112,10.8664043],[106.7622099,10.8663809],[106.7621763,10.8662294],[106.7621414,10.8661319],[106.7621006,10.8659852],[106.7620483,10.8658042],[106.7619575,10.8655633],[106.7619106,10.8654444],[106.7618321,10.8652658],[106.7616156,10.864888],[106.7614688,10.8646226],[106.7614063,10.8645021],[106.7619545,10.8642934]]",113,651.504,20,11117;11115;11113;11111;11109;11107;11105;11103;11101;11099;11097;11095;11093;11091;11089;11087;11085;11083;11081;11079;11077;11075;11073;11071;11069;11067;11065;11063;11061;63;46432;46434;46436;46438;69936;69937;69938;69939;69940;69941;69942;69943;69944;69945;69946;69947;69948;69949;69950;69951;78371;78372;78373;78374;78375;78376;78377;78378;51381;51382;51383;51384;69886;69887;50727;50729;50731;50733;50735;50737;57233;57227;57228;57229;57230;57231;50739;50740;50741;50742;50743;50744;50745;50746;50747;50748;50749;50750;50751;50752;50753;50754;50755;50756;50757;37716;37714;37712;37710;37708;37706;37704;37702;37700;37698;37696;37694;37692;37690;37688;37686;37684;37682,UTRAFFIC-HCM-V6,DERIVED
LM_EDGE_0015,LM_008,LM_021,Lê Văn Thịnh,AGGREGATED_PATH,SOURCE_DIRECTED_PATH,909.598,2.254795,1,0,NO_RECORD_IN_SELECTED_SOURCES,"[[106.7685006,10.7822228],[106.7694312,10.7821201],[106.769449,10.7819038],[106.7695447,10.7811987],[106.7694894,10.7809076],[106.7694395,10.7807997],[106.7689667,10.7802304],[106.7688637,10.7800344],[106.768807,10.7797359],[106.7687938,10.7794806],[106.7687916,10.7792722],[106.7688224,10.7788217],[106.7688436,10.7785113],[106.7688885,10.777854],[106.7688803,10.7776673],[106.7688157,10.7775783],[106.7686143,10.7775413],[106.7679118,10.7774112],[106.7676993,10.7773722],[106.7670225,10.7773305],[106.7668351,10.7773189],[106.7663968,10.7772928],[106.7664433,10.7774416]]",20,119.598,20,118;116;114;112;110;108;106;104;102;100;98;96;94;92;90;88;86;84;82;80,UTRAFFIC-HCM-V6,DERIVED
LM_EDGE_0016,LM_008,LM_057,Lê Văn Thịnh → Nguyễn Duy Trinh,AGGREGATED_PATH,SOURCE_DIRECTED_PATH,1185.800,2.842399,1,0,NO_RECORD_IN_SELECTED_SOURCES,"[[106.7685006,10.7822228],[106.7694312,10.7821201],[106.7693564,10.7826236],[106.7692971,10.7828399],[106.7692381,10.783268],[106.76917,10.7838095],[106.7690262,10.7843937],[106.7688602,10.7852642],[106.7689393,10.7857137],[106.7689879,10.7860467],[106.7690835,10.7867029],[106.7691133,10.7869073],[106.7691402,10.7870919],[106.7691656,10.7872662],[106.7691843,10.7873946],[106.7690723,10.7885026],[106.7691701,10.7885301],[106.7695536,10.7886241],[106.7700137,10.7886218],[106.7700851,10.7886151],[106.7704273,10.7885833],[106.7705858,10.7885685],[106.7709032,10.7885389],[106.7711851,10.7885126],[106.7713099,10.788501],[106.7716679,10.7884681],[106.7717415,10.7884579],[106.7720345,10.7891613]]",25,186.800,20,119;121;123;125;127;129;131;133;135;137;139;141;143;145;12369;12371;12373;12375;12377;12379;12381;12383;12385;12387;12389,UTRAFFIC-HCM-V6,DERIVED
LM_EDGE_0017,LM_009,LM_027,Lê Văn Việt,AGGREGATED_PATH,SOURCE_DIRECTED_PATH,302.401,0.713921,1,0,NO_RECORD_IN_SELECTED_SOURCES,"[[106.7902318,10.8449005],[106.7902328,10.8445007],[106.7902304,10.8444998],[106.7899957,10.8444366],[106.7897853,10.8444152],[106.7895455,10.8444313],[106.7893305,10.8444558],[106.7891083,10.8445199],[106.7889935,10.844556],[106.7887348,10.8446153],[106.7886125,10.8446244],[106.7884825,10.8446777],[106.787967,10.8443916]]",10,109.120,20,78672;78673;78869;78870;78871;78872;78873;78874;78875;78650,UTRAFFIC-HCM-V6,DERIVED
LM_EDGE_0018,LM_009,LM_032,Lê Văn Việt,AGGREGATED_PATH,SOURCE_DIRECTED_PATH,992.050,2.569869,1,0,NO_RECORD_IN_SELECTED_SOURCES,"[[106.7902318,10.8449005],[106.7902328,10.8445007],[106.7902304,10.8444998],[106.7899957,10.8444366],[106.7897853,10.8444152],[106.7895455,10.8444313],[106.7893305,10.8444558],[106.7891083,10.8445199],[106.7889935,10.844556],[106.7887348,10.8446153],[106.7886125,10.8446244],[106.7884825,10.8446777],[106.7877705,10.8450023],[106.7877191,10.8450257],[106.7874405,10.8451409],[106.7872875,10.8451668],[106.7871763,10.8451701],[106.7869542,10.8451766],[106.7866142,10.8451509],[106.7855939,10.8499148]]",17,585.769,20,78672;78673;78869;78870;78871;78872;78873;78874;78875;78650;78648;78646;78644;78642;78640;78638;78636,UTRAFFIC-HCM-V6,DERIVED
LM_EDGE_0019,LM_009,LM_035,Lê Văn Việt,AGGREGATED_PATH,SOURCE_DIRECTED_PATH,1398.420,3.188978,1,0,NO_RECORD_IN_SELECTED_SOURCES,"[[106.7902318,10.8449005],[106.7902328,10.8445007],[106.7902304,10.8444998],[106.7899957,10.8444366],[106.7897853,10.8444152],[106.7895455,10.8444313],[106.7893305,10.8444558],[106.7891083,10.8445199],[106.7889935,10.844556],[106.7887348,10.8446153],[106.7886125,10.8446244],[106.7887163,10.8445367],[106.78929,10.8443281],[106.7898245,10.8442891],[106.7899445,10.8443071],[106.7907283,10.8444866],[106.7914293,10.8446468],[106.7915839,10.844684],[106.7917739,10.8447424],[106.7922751,10.8448678],[106.7928171,10.8449905],[106.7930683,10.8450461],[106.7934757,10.8451449],[106.7936764,10.8452011],[106.7939532,10.8452755],[106.7942994,10.8453582],[106.7947945,10.8455078],[106.7953181,10.8456308],[106.7956268,10.845722],[106.796038,10.8458053],[106.7965034,10.8427121]]",28,392.139,20,78672;78673;78869;78870;78871;78872;78873;78874;78875;13330;13331;13332;13333;13334;13335;13336;13337;13338;13339;13340;13341;13342;13343;13344;13345;13346;13347;13348,UTRAFFIC-HCM-V6,DERIVED
LM_EDGE_0020,LM_010,LM_032,Lê Văn Việt,AGGREGATED_PATH,SOURCE_DIRECTED_PATH,1654.510,4.016530,1,0,NO_RECORD_IN_SELECTED_SOURCES,"[[106.7777477,10.8448592],[106.7785931,10.846102],[106.7787784,10.8459667],[106.7790108,10.8458632],[106.7792375,10.8457248],[106.7793953,10.84564],[106.7798078,10.8454226],[106.7799901,10.8453177],[106.7800606,10.8452798],[106.7801059,10.8452554],[106.7809208,10.8447629],[106.7812632,10.8445262],[106.7814183,10.8444289],[106.7816739,10.8443342],[106.7819771,10.8442149],[106.7823387,10.8440881],[106.7825179,10.8440417],[106.7826332,10.8440152],[106.7827235,10.8440192],[106.782997,10.8440093],[106.7831423,10.8440078],[106.7833361,10.8440428],[106.7845417,10.8442608],[106.7847409,10.8443107],[106.7848312,10.8443318],[106.7850597,10.8443748],[106.7853873,10.8444365],[106.7859683,10.8448134],[106.7861077,10.8448943],[106.7863662,10.8450399],[106.786543,10.8451244],[106.7866142,10.8451509],[106.7855939,10.8499148]]",30,707.510,20,29842;29844;29846;29848;29850;29852;29854;29856;29858;29860;29862;29864;29866;29868;29870;29872;29874;29876;29878;29880;29882;29884;29886;29888;29890;78625;78627;78629;78631;78633,UTRAFFIC-HCM-V6,DERIVED
LM_EDGE_0021,LM_010,LM_043,Lê Văn Việt → Võ Văn Ngân → Xa Lộ Hà Nội → Đường Song Hành Xa lộ Hà Nội,AGGREGATED_PATH,SOURCE_DIRECTED_PATH,1383.835,3.022306,1,0,NO_RECORD_IN_SELECTED_SOURCES,"[[106.7777477,10.8448592],[106.7785931,10.846102],[106.7784629,10.8461931],[106.7782644,10.84629],[106.7778906,10.8465102],[106.7778072,10.8465594],[106.777338,10.8468305],[106.7772278,10.8469007],[106.7766878,10.8471814],[106.7764473,10.8473287],[106.7761257,10.8475223],[106.77582,10.8476626],[106.7752265,10.8480742],[106.7748761,10.8483824],[106.774799,10.848498],[106.7747723,10.8485386],[106.7744451,10.848832],[106.774306,10.8489777],[106.7742035,10.8490852],[106.7741089,10.849167],[106.773966,10.8493081],[106.7738496,10.8491795],[106.7740011,10.8490444],[106.7740931,10.8489642],[106.7742039,10.8488622],[106.7737091,10.848298],[106.7734838,10.8480175],[106.7733054,10.8477712],[106.7730945,10.8474042],[106.7730734,10.8473918],[106.7723836,10.8462429],[106.772368,10.8462169],[106.7721905,10.8459052],[106.7721128,10.845786],[106.7720186,10.8456033],[106.7727016,10.8449562]]",33,269.835,20,29841;29839;29837;29835;29833;29831;29829;29827;29825;29823;29821;29819;29724;29725;29726;29727;29728;29729;29730;33674;29908;29892;29893;65640;65638;65636;65634;65632;65630;65628;65626;65624;65622,UTRAFFIC-HCM-V6,DERIVED
LM_EDGE_0022,LM_011,LM_015,Lương Định Của → Phường An Phú → Mai Chí Thọ → Xa Lộ Hà Nội → Đường Song Hành → Phường Thảo Điền,AGGREGATED_PATH,SOURCE_DIRECTED_PATH,3434.177,4.996559,1,0,NO_RECORD_IN_SELECTED_SOURCES,"[[106.7468051,10.79377],[106.7474819,10.7914725],[106.7478049,10.7915441],[106.7484963,10.7917093],[106.7486637,10.7917454],[106.7487215,10.7917631],[106.7487958,10.791784],[106.7492064,10.7918604],[106.7505619,10.7921629],[106.7510612,10.7922735],[106.7512226,10.7923093],[106.7513936,10.7923472],[106.7515448,10.7923744],[106.751868,10.7924212],[106.7519223,10.7927107],[106.7522864,10.7948062],[106.7524994,10.7958799],[106.7528379,10.7978539],[106.7530906,10.7992643],[106.7533771,10.8007957],[106.7534957,10.8014019],[106.7535419,10.8015804],[106.7536143,10.8020063],[106.7537098,10.8025208],[106.7538407,10.803238],[106.7538448,10.8034577],[106.753989,10.8041688],[106.7540115,10.8043083],[106.7542574,10.8054703],[106.754294,10.805654],[106.7543042,10.8057359],[106.7543083,10.8058717],[106.7543022,10.8059336],[106.7542818,10.8060174],[106.7542574,10.8060893],[106.7542392,10.8061292],[106.7541883,10.8062031],[106.7541375,10.8062471],[106.7540765,10.806297],[106.7540399,10.8063149],[106.7539769,10.8063449],[106.7538962,10.8063759],[106.7538448,10.8063828],[106.7537771,10.8063805],[106.753707,10.8063724],[106.7536545,10.806361],[106.7536125,10.8063438],[106.7535389,10.8063048],[106.7534227,10.8062181],[106.753268,10.8060695],[106.7531099,10.8058547],[106.7528475,10.8055309],[106.7527063,10.8053756],[106.7525616,10.8051873],[106.7523564,10.8049362],[106.7521714,10.8047544],[106.7519629,10.8045727],[106.7516401,10.8043176],[106.7514383,10.8041188],[106.7513195,10.8041264],[106.7508928,10.8038964],[106.7505061,10.8037133],[106.7500948,10.8035408],[106.7497282,10.8034046],[106.7494647,10.8033123],[106.7491736,10.8032185],[106.7489288,10.8031584],[106.7484636,10.8030495],[106.748236,10.8029632],[106.7480627,10.8029714],[106.7474369,10.8028545],[106.7469536,10.8027604],[106.7465263,10.8026847],[106.7464095,10.8025976],[106.7463628,10.8025035],[106.7463395,10.8024439],[106.7463208,10.8023728],[106.7463231,10.8023269],[106.7463348,10.8022834],[106.7463628,10.8022329],[106.7464142,10.802187],[106.7464508,10.8021541],[106.7465552,10.8020568],[106.7467428,10.8020602],[106.7469576,10.8014554]]",82,337.177,20,19958;19960;19962;19964;19966;22185;22088;22090;22092;22094;70489;70491;12479;35943;35944;35945;35946;35947;35948;35949;35950;35951;35952;73130;73131;73132;27632;27633;27634;27635;27636;27637;27638;27639;27640;27641;27642;27643;27644;27645;27646;27647;27648;27649;27650;27651;27652;27653;27654;27655;10150;10151;10152;10153;10154;10155;10156;56946;56947;56948;56949;56950;56951;56952;56953;72970;72971;56941;56942;56943;56944;56945;29739;29740;29741;29742;29743;29744;29745;29746;29747;56935,UTRAFFIC-HCM-V6,DERIVED
LM_EDGE_0023,LM_011,LM_020,Lương Định Của → Phường An Phú → Mai Chí Thọ → Đường cao tốc Thành phố Hồ Chí Minh – Long Thành – Dầu Giây → Nhánh B1 → Nguyễn Thị Định,AGGREGATED_PATH,SOURCE_DIRECTED_PATH,1499.885,3.076725,1,0,NO_RECORD_IN_SELECTED_SOURCES,"[[106.7468051,10.79377],[106.7474819,10.7914725],[106.7478049,10.7915441],[106.7484963,10.7917093],[106.7486637,10.7917454],[106.7487215,10.7917631],[106.7487958,10.791784],[106.7492064,10.7918604],[106.7505619,10.7921629],[106.7510612,10.7922735],[106.7512226,10.7923093],[106.7513936,10.7923472],[106.7515448,10.7923744],[106.751868,10.7924212],[106.7519,10.7924075],[106.7519524,10.7923918],[106.7519936,10.7923857],[106.7520759,10.7923834],[106.7526282,10.792481],[106.7527894,10.7922958],[106.7531619,10.7918954],[106.7532437,10.7917956],[106.7534933,10.7915162],[106.7538114,10.7911572],[106.7539353,10.790924],[106.7540418,10.7907285],[106.7542229,10.790357],[106.7544438,10.7899704],[106.7547309,10.7893979],[106.755072,10.7886839],[106.7560983,10.7887201],[106.7556147,10.7889551]]",29,324.885,20,19958;19960;19962;19964;19966;22185;22088;22090;22092;22094;70489;70491;84115;84116;84117;84160;84162;54309;54310;23641;23639;23637;23635;23633;23631;23629;23627;19822;12303,UTRAFFIC-HCM-V6,DERIVED
LM_EDGE_0024,LM_011,LM_056,Lương Định Của → Cầu Ông Tranh,AGGREGATED_PATH,SOURCE_DIRECTED_PATH,1917.074,4.205221,1,0,NO_RECORD_IN_SELECTED_SOURCES,"[[106.7468051,10.79377],[106.7474819,10.7914725],[106.7460317,10.7911512],[106.7457291,10.791075],[106.7454106,10.7910131],[106.7440527,10.7907035],[106.7424367,10.7903651],[106.7415582,10.7901812],[106.7405035,10.7899275],[106.7400195,10.7898298],[106.7396081,10.7897467],[106.7387481,10.7895624],[106.7380353,10.7894034],[106.7375483,10.7892947],[106.7373043,10.7892278],[106.7371031,10.7891594],[106.7366331,10.7889377],[106.7364547,10.7888427],[106.7358841,10.7885625],[106.7355363,10.7883701],[106.735492,10.7883421],[106.7349862,10.7880817],[106.7346373,10.7878947],[106.733899,10.787522],[106.7338681,10.7884669]]",22,371.074,20,19957;19955;19953;19951;19949;19947;19945;19943;19941;23109;23107;23105;23103;23101;23099;23097;23095;23093;23091;23089;23087;23085,UTRAFFIC-HCM-V6,DERIVED
LM_EDGE_0025,LM_012,LM_026,Hoàng Hữu Nam,AGGREGATED_PATH,SOURCE_DIRECTED_PATH,1425.159,3.981048,1,0,NO_RECORD_IN_SELECTED_SOURCES,"[[106.8093249,10.8702234],[106.814031,10.870019],[106.8139857,10.8695306],[106.8139559,10.8693361],[106.8139526,10.8692848],[106.8139274,10.8691037],[106.8138985,10.8688928],[106.8138923,10.8688649],[106.8138714,10.8686942],[106.8137729,10.8679375],[106.8076192,10.8689715]]",8,1196.159,20,7292;7290;7288;7286;7284;7282;7280;7278,UTRAFFIC-HCM-V6,DERIVED
LM_EDGE_0026,LM_012,LM_050,Hoàng Hữu Nam,AGGREGATED_PATH,SOURCE_DIRECTED_PATH,1575.320,4.639817,1,0,NO_RECORD_IN_SELECTED_SOURCES,"[[106.8093249,10.8702234],[106.814031,10.870019],[106.8140462,10.8700976],[106.8141487,10.8706194],[106.805223,10.8723693]]",2,1508.320,20,7293;7295,UTRAFFIC-HCM-V6,DERIVED
LM_EDGE_0027,LM_013,LM_036,Nguyễn Văn Bá → Đặng Văn Bi → Võ Văn Ngân,AGGREGATED_PATH,SOURCE_DIRECTED_PATH,2608.550,5.300649,1,0,NO_RECORD_IN_SELECTED_SOURCES,"[[106.7638944,10.832652],[106.763624,10.8325473],[106.7638921,10.8329785],[106.7641588,10.8334497],[106.764444,10.8339507],[106.7649231,10.8348329],[106.7650131,10.8349717],[106.7652216,10.8353062],[106.7654695,10.8357528],[106.7654889,10.8357953],[106.7659756,10.8366827],[106.7663876,10.8374319],[106.766766,10.838061],[106.766903,10.8382661],[106.7668273,10.8384267],[106.7667397,10.8386327],[106.7665312,10.8390317],[106.7664837,10.8391407],[106.7664286,10.8392715],[106.766397,10.8393455],[106.7662301,10.8397213],[106.7660415,10.8401132],[106.7659843,10.8402138],[106.7656211,10.8406385],[106.7653688,10.8407902],[106.7648166,10.8411347],[106.7646046,10.8412748],[106.7642873,10.8414943],[106.7642544,10.8415175],[106.7640059,10.8416933],[106.7637712,10.8418611],[106.7637629,10.8418752],[106.7636039,10.8420158],[106.7634728,10.8421583],[106.7634239,10.8422045],[106.7630703,10.8427839],[106.7630243,10.8428665],[106.7628362,10.8431973],[106.7626094,10.8435815],[106.7624988,10.843753],[106.7624558,10.8438196],[106.7622466,10.8441469],[106.762175,10.844258],[106.7618557,10.8447022],[106.761686,10.8449764],[106.7615684,10.8452851],[106.7615208,10.8454628],[106.7614935,10.8455406],[106.7614861,10.84558],[106.7614455,10.8457678],[106.7613529,10.8460567],[106.7611577,10.8464391],[106.7609349,10.8467675],[106.7605932,10.8471792],[106.7604761,10.8473099],[106.7602459,10.8475761],[106.760073,10.8477671],[106.7598713,10.8479903],[106.7597709,10.8481136],[106.7594927,10.8483814],[106.7593703,10.8485255],[106.759323,10.848572],[106.759102,10.8488212],[106.7589677,10.8489804],[106.7588569,10.8492447],[106.7588021,10.8494279],[106.7587516,10.849806],[106.758739,10.8498999],[106.7586811,10.8503333],[106.7586728,10.8505291],[106.7586699,10.8505984],[106.7588251,10.8506322],[106.759378,10.850597],[106.7597097,10.8505759],[106.7598726,10.8505703],[106.7599916,10.8505632],[106.7602131,10.8509752]]",74,83.550,20,76859;76861;76863;76865;76867;76869;76871;3665;3667;3669;3671;3673;58333;58331;58329;58327;58325;58323;58321;58319;58317;58315;58313;58311;58309;58307;58305;58303;58301;58299;58297;58295;58293;78108;78106;78104;78102;79681;79679;79677;79675;79673;79671;79669;79667;79665;79663;79661;79659;2061;2059;2057;2055;2053;2051;2049;2047;2045;2043;2041;2039;2037;2035;2033;2031;2029;2027;2025;2023;52090;52092;52094;52096;52098,UTRAFFIC-HCM-V6,DERIVED
LM_EDGE_0028,LM_013,LM_047,Nguyễn Văn Bá,AGGREGATED_PATH,SOURCE_DIRECTED_PATH,1798.661,3.667982,1,0,NO_RECORD_IN_SELECTED_SOURCES,"[[106.7638944,10.832652],[106.763624,10.8325473],[106.7638921,10.8329785],[106.7641588,10.8334497],[106.764444,10.8339507],[106.7649231,10.8348329],[106.7650131,10.8349717],[106.7652216,10.8353062],[106.7654695,10.8357528],[106.7654889,10.8357953],[106.7659756,10.8366827],[106.7663876,10.8374319],[106.766766,10.838061],[106.766903,10.8382661],[106.7669681,10.8383691],[106.7670712,10.8385824],[106.7672468,10.8389033],[106.7677324,10.8397378],[106.7682155,10.8406353],[106.7687324,10.8415062],[106.769254,10.8424219],[106.7697498,10.8433299],[106.7702408,10.8442367],[106.7707504,10.8451212],[106.7710376,10.8455968],[106.7710772,10.8456628],[106.7713523,10.8462169],[106.7716521,10.8464061]]",25,70.661,20,76859;76861;76863;76865;76867;76869;76871;3665;3667;3669;3671;3673;14;16;18;20;22;24;26;28;30;57934;57936;57938;57940,UTRAFFIC-HCM-V6,DERIVED
LM_EDGE_0029,LM_014,LM_019,Kha Vạn Cân → Quốc lộ 13,AGGREGATED_PATH,SOURCE_DIRECTED_PATH,563.334,1.043503,1,0,NO_RECORD_IN_SELECTED_SOURCES,"[[106.7159069,10.8273477],[106.7159791,10.8272547],[106.7153558,10.8270992],[106.7150365,10.8270283],[106.7143825,10.8269061],[106.7143823,10.8270756],[106.7143495,10.8275153],[106.7143376,10.8276741],[106.7142726,10.8288161],[106.7142203,10.8297337],[106.7146752,10.8300415]]",8,73.334,20,2702;2700;2698;27285;27286;27287;27288;27289,UTRAFFIC-HCM-V6,DERIVED
LM_EDGE_0030,LM_014,LM_031,Kha Vạn Cân → Quốc lộ 13 → Phường Hiệp Bình Chánh → Phạm Văn Đồng,AGGREGATED_PATH,SOURCE_DIRECTED_PATH,2174.789,3.080311,1,0,NO_RECORD_IN_SELECTED_SOURCES,"[[106.7159069,10.8273477],[106.7159791,10.8272547],[106.7153558,10.8270992],[106.7150365,10.8270283],[106.7143825,10.8269061],[106.7143823,10.8270756],[106.7143495,10.8275153],[106.7143376,10.8276741],[106.7142726,10.8288161],[106.7142203,10.8297337],[106.7141936,10.8303262],[106.7141843,10.830532],[106.7141734,10.8307739],[106.7141592,10.8310878],[106.7140649,10.8310828],[106.714081,10.8306773],[106.7140945,10.8303356],[106.7141009,10.830102],[106.714106,10.8299155],[106.7141154,10.8295735],[106.7141514,10.8287038],[106.7141568,10.8283943],[106.7142058,10.8275965],[106.7142065,10.8272335],[106.7142047,10.8270523],[106.7142068,10.8268814],[106.7141958,10.8266893],[106.7140352,10.8262112],[106.7139451,10.826162],[106.7138726,10.8260899],[106.7138234,10.8260009],[106.7138016,10.8259031],[106.7138081,10.8258032],[106.7138423,10.8257089],[106.7139018,10.8256276],[106.7139281,10.825603],[106.7139568,10.8255812],[106.7140647,10.8255305],[106.7141836,10.8255167],[106.7143007,10.8255413],[106.7143948,10.8255948],[106.7144688,10.8256731],[106.714516,10.8257693],[106.7150493,10.8259101],[106.7151057,10.8259311],[106.7154147,10.8260276],[106.7157306,10.8261261],[106.7167203,10.826345],[106.7174426,10.8265048],[106.7190201,10.8269406],[106.7195752,10.8271964],[106.7195803,10.8271984],[106.7200079,10.827367],[106.7201953,10.8274631],[106.7206753,10.8276844],[106.721025,10.8278577],[106.7213748,10.8280521],[106.7216284,10.8278719]]",55,47.190,20,2702;2700;2698;27285;27286;27287;27288;27289;27290;27291;27292;27293;40066;40075;40076;40077;40078;40079;40080;40081;40082;40083;40084;40085;40086;40087;69855;69856;69857;69858;69859;69860;69836;69837;69838;69839;69840;69841;69842;69843;69844;56018;56019;56020;56021;56022;56023;56024;56025;56026;56027;56028;56029;56030;56031,UTRAFFIC-HCM-V6,DERIVED
LM_EDGE_0031,LM_015,LM_003,Xa Lộ Hà Nội → Xa lộ Hà Nội → Song Hành → Nguyễn Hoàng,AGGREGATED_PATH,SOURCE_DIRECTED_PATH,1821.489,2.874139,1,0,NO_RECORD_IN_SELECTED_SOURCES,"[[106.7469576,10.8014554],[106.7467428,10.8020602],[106.7469392,10.8021558],[106.74724,10.8023227],[106.7474294,10.8024148],[106.7475036,10.8024539],[106.7476028,10.8025504],[106.747932,10.8026443],[106.7483741,10.8027445],[106.7484929,10.8027364],[106.7487389,10.8027851],[106.7489018,10.8028088],[106.7490489,10.8027767],[106.7491628,10.8027611],[106.7493985,10.802699],[106.7495803,10.8026491],[106.7497844,10.8026184],[106.7498798,10.8026205],[106.7498422,10.8025494],[106.7497941,10.802497],[106.7485095,10.8021502],[106.7476747,10.8020009],[106.7458936,10.8016819],[106.7441616,10.8013717],[106.7441176,10.8014899],[106.744076,10.801727],[106.7440707,10.801855],[106.7443061,10.8019073],[106.7445526,10.8019472],[106.7448938,10.8019661],[106.745089,10.8019723],[106.7452636,10.8019616],[106.7457465,10.8019073],[106.7458102,10.8019055],[106.7458686,10.8019055],[106.7460243,10.8019924],[106.746081,10.8020898],[106.7461087,10.8021349],[106.7461219,10.8021758],[106.746133,10.8022278],[106.74613,10.8022732],[106.7461164,10.8023137],[106.7460868,10.8023549],[106.746023,10.8024146],[106.7459122,10.8025081],[106.74573,10.8025311],[106.7452836,10.8024534],[106.7447505,10.8023542],[106.7438771,10.8021916],[106.743687,10.8021552],[106.7428742,10.8019994],[106.7423319,10.8019117],[106.7422498,10.8021337]]",50,97.489,20,56936;56937;56938;56939;56940;51964;51965;72967;72968;72969;23221;23222;23223;23224;23225;23226;23722;23720;23718;23716;23714;23712;72925;72926;72927;30023;30024;30025;30026;30027;30028;30029;30030;30031;29754;29755;29756;29757;29758;29759;29760;29761;29762;30045;30046;30047;30048;30049;30050;30051,UTRAFFIC-HCM-V6,DERIVED
LM_EDGE_0032,LM_015,LM_011,Xa Lộ Hà Nội → Xa lộ Hà Nội → Song Hành → Mai Chí Thọ → Lương Định Của,AGGREGATED_PATH,SOURCE_DIRECTED_PATH,2760.177,4.205431,1,0,NO_RECORD_IN_SELECTED_SOURCES,"[[106.7469576,10.8014554],[106.7467428,10.8020602],[106.7469392,10.8021558],[106.74724,10.8023227],[106.7474294,10.8024148],[106.7475036,10.8024539],[106.7476028,10.8025504],[106.747932,10.8026443],[106.7483741,10.8027445],[106.7484929,10.8027364],[106.7487389,10.8027851],[106.7489018,10.8028088],[106.7490489,10.8027767],[106.7491628,10.8027611],[106.7493985,10.802699],[106.7495803,10.8026491],[106.7497844,10.8026184],[106.7498798,10.8026205],[106.7499978,10.8026179],[106.750258,10.8026626],[106.750553,10.8027654],[106.7510251,10.8029604],[106.7513402,10.8031226],[106.751465,10.8031869],[106.7517811,10.8033647],[106.7521619,10.8035787],[106.7522117,10.8036068],[106.7524402,10.8037152],[106.7525154,10.8037352],[106.7526109,10.8037492],[106.7527575,10.8037366],[106.7528122,10.8037252],[106.752928,10.8036773],[106.7530318,10.8036094],[106.7531182,10.8035246],[106.7531696,10.8034489],[106.7532069,10.8033663],[106.753228,10.8032562],[106.7532373,10.8031438],[106.7532326,10.8029902],[106.7532023,10.8028411],[106.7529221,10.8012608],[106.7528917,10.8010268],[106.7526045,10.7992411],[106.7525848,10.7991305],[106.7525015,10.7986255],[106.7523874,10.7979335],[106.752309,10.797458],[106.7522506,10.7971293],[106.7521672,10.79666],[106.7518435,10.7948382],[106.7518357,10.7947949],[106.7514373,10.7925884],[106.7513936,10.7923472],[106.7512226,10.7923093],[106.7510612,10.7922735],[106.7505619,10.7921629],[106.7492064,10.7918604],[106.7487958,10.791784],[106.7487215,10.7917631],[106.7486637,10.7917454],[106.7484963,10.7917093],[106.7478049,10.7915441],[106.7474819,10.7914725],[106.7468051,10.79377]]",62,337.177,20,56936;56937;56938;56939;56940;51964;51965;72967;72968;72969;23221;23222;23223;23224;23225;23226;23227;23228;23229;23230;23231;23232;23233;23234;23235;23236;23237;23238;23239;23240;23241;23242;23243;23244;23245;23246;23247;23248;23249;35927;35928;35929;35930;35931;35932;35933;35934;35935;35936;35937;35938;35939;22095;22093;22091;22089;22186;19967;19965;19963;19961;19959,UTRAFFIC-HCM-V6,DERIVED
LM_EDGE_0033,LM_015,LM_041,Xa Lộ Hà Nội → Xa lộ Hà Nội → Cầu Rạch Chiếc 1,AGGREGATED_PATH,SOURCE_DIRECTED_PATH,4086.562,4.033737,1,0,NO_RECORD_IN_SELECTED_SOURCES,"[[106.7469576,10.8014554],[106.7467428,10.8020602],[106.7469392,10.8021558],[106.74724,10.8023227],[106.7474294,10.8024148],[106.7475036,10.8024539],[106.7476028,10.8025504],[106.747932,10.8026443],[106.7483741,10.8027445],[106.7484698,10.8028111],[106.748823,10.8028998],[106.7494885,10.803073],[106.7500151,10.8032569],[106.7505961,10.8034998],[106.7515427,10.803967],[106.7516548,10.8039762],[106.7517435,10.8040886],[106.7521358,10.8043409],[106.7524575,10.8045639],[106.753095,10.8050409],[106.7534452,10.8053529],[106.7538562,10.8057542],[106.7541551,10.8060662],[106.754566,10.8065662],[106.7548299,10.8069194],[106.7550375,10.8071421],[106.7556946,10.8083542],[106.7557955,10.8085538],[106.7561071,10.8092943],[106.7562974,10.8097664],[106.7563406,10.8099607],[106.7564854,10.81044],[106.7565881,10.8109033],[106.7567002,10.8115249],[106.7568917,10.8126189],[106.7571509,10.8139767],[106.7573704,10.8150179],[106.757537,10.8159074],[106.757768,10.8170567],[106.7579585,10.8177785],[106.7579707,10.817913],[106.7581999,10.8187919],[106.7583201,10.8196164],[106.7585383,10.8209553],[106.7586566,10.8214242],[106.758897,10.8223719],[106.7589698,10.8226636],[106.7592446,10.8233691],[106.7595207,10.823967],[106.7596233,10.824179],[106.7597179,10.8242966],[106.7598089,10.8244138],[106.7598969,10.8246001],[106.7600772,10.8249599],[106.7605407,10.8257673],[106.7606608,10.8259531],[106.7608,10.8262259],[106.7609534,10.8265207],[106.7609038,10.8265299],[106.7607926,10.8265715],[106.7606636,10.8262967],[106.7606148,10.8262044],[106.7603275,10.825732],[106.7599085,10.8249405],[106.7597602,10.824699],[106.7594562,10.8242042],[106.7593304,10.8239454],[106.759023,10.8232476],[106.7588363,10.8227968],[106.7586325,10.8222963],[106.7584635,10.821743],[106.758383,10.8213346],[106.758185,10.821435]]",70,95.562,20,56936;56937;56938;56939;56940;51964;51965;51966;51967;51968;51969;51970;51971;51972;51973;51974;51975;51976;51977;51978;51979;51980;51981;51982;52011;52012;52013;52014;52015;21799;21800;21801;21802;21803;21804;21805;30147;30148;30149;30150;30151;30152;30153;30154;29981;29982;29983;29984;29985;30140;30141;30142;30143;30144;30145;30146;74464;74462;40445;40446;40447;40448;40449;40450;40451;40452;40706;40707;40708;40709,UTRAFFIC-HCM-V6,DERIVED
LM_EDGE_0034,LM_015,LM_042,Xa Lộ Hà Nội → Xa lộ Hà Nội → Transfer between the Metro and the HSR → Mai Chí Thọ → Đường số 12 → Phường An Phú,AGGREGATED_PATH,SOURCE_DIRECTED_PATH,2418.363,3.076055,1,0,NO_RECORD_IN_SELECTED_SOURCES,"[[106.7469576,10.8014554],[106.7467428,10.8020602],[106.7469392,10.8021558],[106.74724,10.8023227],[106.7474294,10.8024148],[106.7475036,10.8024539],[106.7476028,10.8025504],[106.747932,10.8026443],[106.7483741,10.8027445],[106.7484698,10.8028111],[106.748823,10.8028998],[106.7494885,10.803073],[106.7500151,10.8032569],[106.7505961,10.8034998],[106.7515427,10.803967],[106.7516548,10.8039762],[106.7517435,10.8040886],[106.7521358,10.8043409],[106.7524575,10.8045639],[106.753095,10.8050409],[106.7534452,10.8053529],[106.7538562,10.8057542],[106.7541551,10.8060662],[106.754566,10.8065662],[106.7548299,10.8069194],[106.7550375,10.8071421],[106.7552407,10.807294],[106.7554557,10.8076643],[106.7557179,10.8081678],[106.7559278,10.8085665],[106.7566474,10.8088213],[106.7568349,10.8092534],[106.7568597,10.8093794],[106.7571823,10.8106305],[106.7572817,10.8110158],[106.7573231,10.8111764],[106.7575162,10.812155],[106.7575158,10.8123733],[106.7574613,10.8124542],[106.7573956,10.8125189],[106.7572941,10.8125433],[106.7570784,10.812522],[106.7566136,10.8124799],[106.7565519,10.8124483],[106.756509,10.8123772],[106.756466,10.8121849],[106.7564231,10.8117633],[106.7562488,10.810641],[106.7561963,10.8104823],[106.7560837,10.8099683],[106.7560287,10.8097169],[106.7559093,10.8093743],[106.7557267,10.8089548],[106.7555087,10.8084947],[106.755277,10.8085535]]",52,97.363,20,56936;56937;56938;56939;56940;51964;51965;51966;51967;51968;51969;51970;51971;51972;51973;51974;51975;51976;51977;51978;51979;51980;51981;51982;69470;69471;69472;69473;55034;69236;69446;69447;69448;69449;69450;69451;69452;69453;69454;69455;69456;69457;69458;69459;69460;69461;69462;69468;69469;69494;69495;69496,UTRAFFIC-HCM-V6,DERIVED
LM_EDGE_0035,LM_015,LM_049,Xa Lộ Hà Nội → Xa lộ Hà Nội → Song Hành,AGGREGATED_PATH,SOURCE_DIRECTED_PATH,631.105,1.032416,1,0,NO_RECORD_IN_SELECTED_SOURCES,"[[106.7469576,10.8014554],[106.7467428,10.8020602],[106.7469392,10.8021558],[106.74724,10.8023227],[106.7474294,10.8024148],[106.7475036,10.8024539],[106.7476028,10.8025504],[106.747932,10.8026443],[106.7483741,10.8027445],[106.7484929,10.8027364],[106.7487389,10.8027851],[106.7489018,10.8028088],[106.7490489,10.8027767],[106.7491628,10.8027611],[106.7493985,10.802699],[106.7495803,10.8026491],[106.7497844,10.8026184],[106.7498798,10.8026205],[106.7498422,10.8025494],[106.7497941,10.802497],[106.7485095,10.8021502],[106.7485681,10.8017598]]",19,115.105,20,56936;56937;56938;56939;56940;51964;51965;72967;72968;72969;23221;23222;23223;23224;23225;23226;23722;23720;23718,UTRAFFIC-HCM-V6,DERIVED
LM_EDGE_0036,LM_016,LM_035,Nguyễn Văn Tăng → Lê Văn Việt,AGGREGATED_PATH,SOURCE_DIRECTED_PATH,5153.746,10.520957,1,0,NO_RECORD_IN_SELECTED_SOURCES,"[[106.8187339,10.841778],[106.8195506,10.8429485],[106.8192502,10.8431543],[106.8191302,10.8432366],[106.8190388,10.8433013],[106.8188762,10.8434162],[106.8187622,10.8435191],[106.8187271,10.8435569],[106.8186929,10.8435936],[106.8186637,10.843625],[106.8185558,10.8437551],[106.8184264,10.8439185],[106.8182001,10.8442372],[106.8177794,10.8448294],[106.8172162,10.8455677],[106.8167499,10.8461789],[106.8166058,10.8463678],[106.8161752,10.8468972],[106.8153061,10.8479957],[106.8150061,10.8484434],[106.814456,10.8491885],[106.8141247,10.84961],[106.8140378,10.8497206],[106.8138141,10.8500052],[106.8136961,10.8502158],[106.8135758,10.850188],[106.8134227,10.8502038],[106.8133861,10.8502034],[106.8124926,10.8499714],[106.8124522,10.849961],[106.8124066,10.8499538],[106.8123671,10.849941],[106.8122693,10.8499263],[106.8116647,10.8497721],[106.8113211,10.8496909],[106.8102737,10.8494435],[106.8102106,10.8494264],[106.8100983,10.8494005],[106.8096769,10.8492936],[106.8086646,10.8490368],[106.8080977,10.8489144],[106.8078666,10.8488562],[106.8063229,10.8484783],[106.8055673,10.848304],[106.8048683,10.8481268],[106.8042967,10.8480013],[106.8038624,10.847895],[106.8020493,10.8474472],[106.800806,10.8472009],[106.8001395,10.8469941],[106.7994787,10.8468416],[106.7977371,10.8464195],[106.7974294,10.8463375],[106.7959807,10.8459516],[106.7955966,10.8458494],[106.7940583,10.8454386],[106.7936366,10.845326],[106.7927714,10.8451321],[106.7922214,10.8449942],[106.7921144,10.844963],[106.7915753,10.8448208],[106.7914051,10.8447812],[106.7902328,10.8445007],[106.7902304,10.8444998],[106.7899957,10.8444366],[106.7897853,10.8444152],[106.7895455,10.8444313],[106.7893305,10.8444558],[106.7891083,10.8445199],[106.7889935,10.844556],[106.7887348,10.8446153],[106.7886125,10.8446244],[106.7887163,10.8445367],[106.78929,10.8443281],[106.7898245,10.8442891],[106.7899445,10.8443071],[106.7907283,10.8444866],[106.7914293,10.8446468],[106.7915839,10.844684],[106.7917739,10.8447424],[106.7922751,10.8448678],[106.7928171,10.8449905],[106.7930683,10.8450461],[106.7934757,10.8451449],[106.7936764,10.8452011],[106.7939532,10.8452755],[106.7942994,10.8453582],[106.7947945,10.8455078],[106.7953181,10.8456308],[106.7956268,10.845722],[106.796038,10.8458053],[106.7965034,10.8427121]]",89,505.465,20,10433;10435;10437;10439;10441;10443;10445;10447;10449;10451;10453;10455;10457;10459;10461;10463;10465;10467;10469;10471;10473;10475;10477;78652;78674;78675;78676;78677;78678;78679;78680;78681;78682;78683;78684;78685;78686;78687;78688;78689;78690;78691;78653;78654;78655;78656;78657;78658;78659;78660;78661;78662;78663;78664;78665;78666;78667;78668;78669;78670;78671;78672;78673;78869;78870;78871;78872;78873;78874;78875;13330;13331;13332;13333;13334;13335;13336;13337;13338;13339;13340;13341;13342;13343;13344;13345;13346;13347;13348,UTRAFFIC-HCM-V6,DERIVED
LM_EDGE_0037,LM_016,LM_037,Nguyễn Văn Tăng → Hoàng Hữu Nam,AGGREGATED_PATH,SOURCE_DIRECTED_PATH,2685.015,4.950045,1,0,NO_RECORD_IN_SELECTED_SOURCES,"[[106.8187339,10.841778],[106.8195506,10.8429485],[106.8192502,10.8431543],[106.8191302,10.8432366],[106.8190388,10.8433013],[106.8188762,10.8434162],[106.8187622,10.8435191],[106.8187271,10.8435569],[106.8186929,10.8435936],[106.8186637,10.843625],[106.8185558,10.8437551],[106.8184264,10.8439185],[106.8182001,10.8442372],[106.8177794,10.8448294],[106.8172162,10.8455677],[106.8167499,10.8461789],[106.8166058,10.8463678],[106.8161752,10.8468972],[106.8153061,10.8479957],[106.8150061,10.8484434],[106.814456,10.8491885],[106.8141247,10.84961],[106.8140378,10.8497206],[106.8138141,10.8500052],[106.8136961,10.8502158],[106.8136875,10.8503396],[106.8137051,10.8505319],[106.8137039,10.8507292],[106.8136872,10.8509963],[106.8136864,10.851309],[106.8136547,10.8520518],[106.8136553,10.8520835],[106.8136564,10.852207],[106.8136433,10.8525253],[106.8136323,10.8527893],[106.8136275,10.8529054],[106.8136199,10.8530897],[106.8136056,10.8537687],[106.8136058,10.8541446],[106.8135969,10.8543041],[106.8135958,10.8544834],[106.8135964,10.8545438],[106.8135994,10.8548362],[106.8136015,10.8550417],[106.8136061,10.8554974],[106.8135858,10.8558474],[106.8135832,10.8568105],[106.8135708,10.8575177],[106.8135571,10.8576367],[106.8135395,10.8581696],[106.8135272,10.8583789],[106.8135267,10.8584666],[106.8135237,10.8590166],[106.8134934,10.8601168],[106.8134736,10.8606048],[106.8134772,10.8608144],[106.8134772,10.8610029],[106.8134741,10.8613571],[106.8134773,10.8620541],[106.8134782,10.8624833],[106.8134813,10.8629269],[106.812483,10.8631668]]",59,270.015,20,10433;10435;10437;10439;10441;10443;10445;10447;10449;10451;10453;10455;10457;10459;10461;10463;10465;10467;10469;10471;10473;10475;10477;7187;7189;7191;7193;7195;7197;7199;7201;7203;7205;7207;7209;7211;7213;7215;7217;7219;7221;7223;7225;7227;7229;7231;7233;7235;7237;7239;7241;7243;7245;7247;7249;7251;7253;7255;7257,UTRAFFIC-HCM-V6,DERIVED
LM_EDGE_0038,LM_016,LM_061,Nguyễn Văn Tăng,AGGREGATED_PATH,SOURCE_DIRECTED_PATH,802.473,1.788245,1,0,NO_RECORD_IN_SELECTED_SOURCES,"[[106.8187339,10.841778],[106.8195506,10.8429485],[106.8201013,10.842571],[106.8201348,10.8425481],[106.8206078,10.8422239],[106.8209221,10.842],[106.8209934,10.8419508],[106.8210922,10.8418825],[106.8213164,10.8417277],[106.8214609,10.8416331],[106.8215788,10.8415592],[106.8217536,10.8414674],[106.8218755,10.8414454],[106.8220077,10.8414254],[106.8224999,10.8413974],[106.8225687,10.8413935],[106.8231114,10.8413755],[106.8234841,10.8413193],[106.8235592,10.8413114],[106.8235645,10.8413114],[106.8237297,10.8427693]]",18,320.894,20,10432;10430;10428;10426;10424;10422;10420;10418;10416;10414;10412;10410;10408;10406;10404;10402;10400;10398,UTRAFFIC-HCM-V6,DERIVED
LM_EDGE_0039,LM_017,LM_024,Đại Lộ III → Đỗ Xuân Hợp,AGGREGATED_PATH,SOURCE_DIRECTED_PATH,1191.545,2.432507,1,0,NO_RECORD_IN_SELECTED_SOURCES,"[[106.7711737,10.8122524],[106.7712711,10.812672],[106.7713375,10.812674],[106.771471,10.812678],[106.7718952,10.8126907],[106.7719401,10.8126963],[106.7728644,10.8128116],[106.7734783,10.8129306],[106.7739714,10.8130585],[106.7744085,10.8131979],[106.7754045,10.8135155],[106.7753601,10.8136383],[106.7753513,10.8136663],[106.7752034,10.814137],[106.7751892,10.8141765],[106.7749454,10.8147173],[106.7747681,10.8152043],[106.7747679,10.8152057],[106.7746834,10.8154757],[106.7746349,10.8155992],[106.7743765,10.8163706],[106.7743516,10.8164675],[106.7742586,10.8167286],[106.7742593,10.8167299],[106.7741184,10.8169624],[106.7740343,10.8170653],[106.7737067,10.8174274],[106.773631,10.8175409],[106.7734992,10.8177026],[106.7733661,10.8178701],[106.7721339,10.8172086]]",28,201.224,20,40717;40718;40719;40720;40721;40722;40723;40724;40725;51929;51927;51925;51923;51921;51919;51917;51915;51913;51911;51909;51907;51905;51903;51901;51899;51897;51895;51893,UTRAFFIC-HCM-V6,DERIVED
LM_EDGE_0040,LM_017,LM_040,Đại Lộ III → Đỗ Xuân Hợp,AGGREGATED_PATH,SOURCE_DIRECTED_PATH,687.343,1.423028,1,0,NO_RECORD_IN_SELECTED_SOURCES,"[[106.7711737,10.8122524],[106.7712711,10.812672],[106.7713375,10.812674],[106.771471,10.812678],[106.7718952,10.8126907],[106.7719401,10.8126963],[106.7728644,10.8128116],[106.7734783,10.8129306],[106.7739714,10.8130585],[106.7744085,10.8131979],[106.7754045,10.8135155],[106.7753601,10.8136383],[106.7753513,10.8136663],[106.7752034,10.814137],[106.7751892,10.8141765],[106.7749454,10.8147173],[106.7745794,10.8146595]]",14,88.343,20,40717;40718;40719;40720;40721;40722;40723;40724;40725;51929;51927;51925;51923;51921,UTRAFFIC-HCM-V6,DERIVED
LM_EDGE_0041,LM_018,LM_025,Đường số 6 → Phường Tam Bình → Quốc lộ 1 → Vòng xoay Ngã tư Bình Phước → Quốc lộ 1A → Phường An Bình,AGGREGATED_PATH,SOURCE_DIRECTED_PATH,2481.429,5.085286,1,0,NO_RECORD_IN_SELECTED_SOURCES,"[[106.7275743,10.8699654],[106.7272126,10.8697421],[106.7273184,10.869549],[106.727836,10.8685497],[106.7280483,10.8681327],[106.7281634,10.8679065],[106.728281,10.867663],[106.7271278,10.8670673],[106.7268919,10.8669569],[106.7268307,10.8669323],[106.7267676,10.8668944],[106.7267073,10.8668642],[106.7260034,10.8665108],[106.7257949,10.8664117],[106.7256137,10.8663256],[106.7248428,10.8659557],[106.7242993,10.8657102],[106.724008,10.8655707],[106.7239404,10.8656123],[106.7238676,10.8656355],[106.7237742,10.8656415],[106.7236993,10.8656208],[106.7236325,10.8655895],[106.7235545,10.8655228],[106.7235335,10.865462],[106.723515,10.865411],[106.7235049,10.8653659],[106.7235082,10.8653075],[106.723513,10.8652703],[106.7235441,10.8651808],[106.723574,10.8651237],[106.723638,10.8650347],[106.7236978,10.8649726],[106.723791,10.8649263],[106.7238548,10.8649089],[106.7239187,10.864902],[106.7240044,10.8649142],[106.7240628,10.8649402],[106.7241027,10.8649739],[106.7241426,10.8650378],[106.7241687,10.8651115],[106.7241686,10.8652327],[106.7242476,10.8652969],[106.7243354,10.8653491],[106.7244853,10.865417],[106.7245325,10.8654404],[106.7246642,10.8655058],[106.7252649,10.8658036],[106.725489,10.8659148],[106.7257144,10.86603],[106.7262973,10.8663277],[106.7264146,10.8663876],[106.7264752,10.8664186],[106.7267175,10.8665418],[106.7267906,10.8665765],[106.7268198,10.866593],[106.727038,10.8667077],[106.7274602,10.8669622],[106.7292375,10.8678805],[106.7298815,10.8682132],[106.7310667,10.8688256],[106.7312574,10.8689224],[106.7320479,10.8693233],[106.7326765,10.8696293],[106.7334538,10.870007],[106.7335644,10.8700603],[106.7340413,10.8702758],[106.7341834,10.8703392],[106.7343208,10.8704094],[106.7349806,10.8707333],[106.7350147,10.8707499],[106.7356099,10.8709993],[106.735563,10.8703194]]",70,122.429,20,79183;79181;79179;79177;79175;64138;64139;64140;64141;64142;37949;37950;37951;37952;37953;37954;27328;27329;27301;27302;27303;27304;27305;27306;27307;27308;27309;27310;27311;27312;27313;27314;27315;27316;27317;27318;27319;27320;27321;27322;51578;51579;51580;51581;51582;51583;51584;51585;51586;51587;51588;51589;51590;64124;64125;64126;64127;64128;64129;64130;64131;64132;64133;81660;81661;81662;81663;81664;81665;81666,UTRAFFIC-HCM-V6,DERIVED
LM_EDGE_0042,LM_018,LM_059,Đường số 6 → Phường Tam Bình → Quốc lộ 1 → Vòng xoay Ngã tư Bình Phước → Quốc lộ 13,AGGREGATED_PATH,SOURCE_DIRECTED_PATH,1561.482,2.928946,1,0,NO_RECORD_IN_SELECTED_SOURCES,"[[106.7275743,10.8699654],[106.7272126,10.8697421],[106.7273184,10.869549],[106.727836,10.8685497],[106.7280483,10.8681327],[106.7281634,10.8679065],[106.728281,10.867663],[106.7271278,10.8670673],[106.7268919,10.8669569],[106.7268307,10.8669323],[106.7267676,10.8668944],[106.7267073,10.8668642],[106.7260034,10.8665108],[106.7257949,10.8664117],[106.7256137,10.8663256],[106.7248428,10.8659557],[106.7242993,10.8657102],[106.724008,10.8655707],[106.7239404,10.8656123],[106.7238676,10.8656355],[106.7237742,10.8656415],[106.7236993,10.8656208],[106.7236325,10.8655895],[106.7235545,10.8655228],[106.7235335,10.865462],[106.723515,10.865411],[106.7235049,10.8653659],[106.7235082,10.8653075],[106.723513,10.8652703],[106.7235441,10.8651808],[106.723574,10.8651237],[106.723638,10.8650347],[106.7236978,10.8649726],[106.723791,10.8649263],[106.7238548,10.8649089],[106.7239187,10.864902],[106.724013,10.8647772],[106.7240596,10.864706],[106.7241285,10.8645813],[106.7242815,10.8643372],[106.7243431,10.8642389],[106.7244481,10.8640415],[106.7244964,10.8639483],[106.7245522,10.8638318],[106.7246774,10.8635794],[106.7247239,10.8634789],[106.7247748,10.8633208],[106.7248123,10.8631707],[106.7248365,10.8630047],[106.7248485,10.8628413],[106.7248422,10.862598],[106.7248204,10.8624515],[106.7247848,10.8622803],[106.7247268,10.8620972],[106.7246715,10.8619326],[106.7244932,10.8614374],[106.7242801,10.8609022],[106.7242019,10.8607089],[106.724113,10.8604912],[106.7239894,10.8601523],[106.7236342,10.860168]]",58,85.482,20,79183;79181;79179;79177;79175;64138;64139;64140;64141;64142;37949;37950;37951;37952;37953;37954;27328;27329;27301;27302;27303;27304;27305;27306;27307;27308;27309;27310;27311;27312;27313;27314;27315;27316;37959;37960;37961;40024;40025;40026;40027;40028;40029;40030;40031;40032;40033;40034;40035;40036;40037;40038;40039;40040;40041;40042;40043;40044,UTRAFFIC-HCM-V6,DERIVED
LM_EDGE_0043,LM_019,LM_014,Quốc lộ 13 → Phường Hiệp Bình Chánh → Kha Vạn Cân,AGGREGATED_PATH,SOURCE_DIRECTED_PATH,1229.334,2.047503,1,0,NO_RECORD_IN_SELECTED_SOURCES,"[[106.7146752,10.8300415],[106.7142203,10.8297337],[106.7141936,10.8303262],[106.7141843,10.830532],[106.7141734,10.8307739],[106.7141592,10.8310878],[106.7140649,10.8310828],[106.714081,10.8306773],[106.7140945,10.8303356],[106.7141009,10.830102],[106.714106,10.8299155],[106.7141154,10.8295735],[106.7141514,10.8287038],[106.7141568,10.8283943],[106.7142058,10.8275965],[106.7142065,10.8272335],[106.7142047,10.8270523],[106.7142068,10.8268814],[106.7141958,10.8266893],[106.7140352,10.8262112],[106.7139451,10.826162],[106.7138726,10.8260899],[106.7138234,10.8260009],[106.7138016,10.8259031],[106.7138081,10.8258032],[106.7138423,10.8257089],[106.7139018,10.8256276],[106.7139281,10.825603],[106.7139568,10.8255812],[106.7140647,10.8255305],[106.7141836,10.8255167],[106.7143007,10.8255413],[106.7143948,10.8255948],[106.7144688,10.8256731],[106.714516,10.8257693],[106.7145312,10.8258464],[106.714529,10.8259248],[106.7145095,10.8260009],[106.7144737,10.826071],[106.7144232,10.8261318],[106.7143508,10.8261862],[106.7143838,10.8267631],[106.7143825,10.8269061],[106.7150365,10.8270283],[106.7153558,10.8270992],[106.7159791,10.8272547],[106.7159069,10.8273477]]",44,73.334,20,27290;27291;27292;27293;40066;40075;40076;40077;40078;40079;40080;40081;40082;40083;40084;40085;40086;40087;69855;69856;69857;69858;69859;69860;69836;69837;69838;69839;69840;69841;69842;69843;69844;69845;69846;69847;69848;69849;69850;27283;27284;2697;2699;2701,UTRAFFIC-HCM-V6,DERIVED
LM_EDGE_0044,LM_019,LM_031,Quốc lộ 13 → Phường Hiệp Bình Chánh → Phạm Văn Đồng,AGGREGATED_PATH,SOURCE_DIRECTED_PATH,1732.114,2.398787,1,0,NO_RECORD_IN_SELECTED_SOURCES,"[[106.7146752,10.8300415],[106.7142203,10.8297337],[106.7141936,10.8303262],[106.7141843,10.830532],[106.7141734,10.8307739],[106.7141592,10.8310878],[106.7140649,10.8310828],[106.714081,10.8306773],[106.7140945,10.8303356],[106.7141009,10.830102],[106.714106,10.8299155],[106.7141154,10.8295735],[106.7141514,10.8287038],[106.7141568,10.8283943],[106.7142058,10.8275965],[106.7142065,10.8272335],[106.7142047,10.8270523],[106.7142068,10.8268814],[106.7141958,10.8266893],[106.7140352,10.8262112],[106.7139451,10.826162],[106.7138726,10.8260899],[106.7138234,10.8260009],[106.7138016,10.8259031],[106.7138081,10.8258032],[106.7138423,10.8257089],[106.7139018,10.8256276],[106.7139281,10.825603],[106.7139568,10.8255812],[106.7140647,10.8255305],[106.7141836,10.8255167],[106.7143007,10.8255413],[106.7143948,10.8255948],[106.7144688,10.8256731],[106.714516,10.8257693],[106.7150493,10.8259101],[106.7151057,10.8259311],[106.7154147,10.8260276],[106.7157306,10.8261261],[106.7167203,10.826345],[106.7174426,10.8265048],[106.7190201,10.8269406],[106.7195752,10.8271964],[106.7195803,10.8271984],[106.7200079,10.827367],[106.7201953,10.8274631],[106.7206753,10.8276844],[106.721025,10.8278577],[106.7213748,10.8280521],[106.7216284,10.8278719]]",47,94.515,20,27290;27291;27292;27293;40066;40075;40076;40077;40078;40079;40080;40081;40082;40083;40084;40085;40086;40087;69855;69856;69857;69858;69859;69860;69836;69837;69838;69839;69840;69841;69842;69843;69844;56018;56019;56020;56021;56022;56023;56024;56025;56026;56027;56028;56029;56030;56031,UTRAFFIC-HCM-V6,DERIVED
LM_EDGE_0045,LM_019,LM_059,Quốc lộ 13 → Cầu Ông Dầu → Cầu Đúc Nhỏ → Quốc lộ 13 cũ → Quốc lộ 1,AGGREGATED_PATH,SOURCE_DIRECTED_PATH,4999.158,8.247474,1,0,NO_RECORD_IN_SELECTED_SOURCES,"[[106.7146752,10.8300415],[106.7142203,10.8297337],[106.7141936,10.8303262],[106.7141843,10.830532],[106.7141734,10.8307739],[106.7141592,10.8310878],[106.7141627,10.8315096],[106.7141163,10.8323516],[106.7141147,10.8323921],[106.7140875,10.832787],[106.71407,10.8332062],[106.7140258,10.8342669],[106.7139796,10.8347246],[106.7139479,10.8350834],[106.713949,10.8351555],[106.7139334,10.8355425],[106.7139262,10.8357704],[106.7139246,10.8358213],[106.7139239,10.8358419],[106.7139238,10.8363291],[106.7139256,10.8364623],[106.7139285,10.8366772],[106.7139725,10.8369338],[106.7140571,10.837234],[106.7142128,10.8375829],[106.7144414,10.8378907],[106.7144628,10.8379195],[106.7147146,10.8382739],[106.7147499,10.838312],[106.7148558,10.8384264],[106.7154619,10.8391408],[106.715615,10.8393035],[106.715675,10.8393765],[106.7162597,10.8400916],[106.7163333,10.8401817],[106.7163787,10.8402372],[106.7164729,10.8403523],[106.716923,10.8409027],[106.7175613,10.8416487],[106.7178469,10.8420552],[106.7180374,10.8424057],[106.7181231,10.8426274],[106.7181444,10.8426825],[106.7182081,10.8429337],[106.7182443,10.8432428],[106.7182502,10.8434575],[106.7182468,10.8438222],[106.7182412,10.8444159],[106.7182331,10.845278],[106.7182322,10.8453765],[106.7182404,10.8457718],[106.7182283,10.8459267],[106.718227,10.8461878],[106.7182252,10.8465485],[106.718218,10.8472786],[106.7182164,10.8474444],[106.7182434,10.8477399],[106.7183058,10.8480486],[106.7183558,10.8482279],[106.7184613,10.8485913],[106.7185966,10.8488906],[106.7186669,10.849028],[106.7188521,10.8493901],[106.7190471,10.8497714],[106.7192167,10.8500775],[106.7194309,10.8504639],[106.7194459,10.8504874],[106.7195474,10.8506465],[106.7197195,10.85089],[106.7198283,10.8510375],[106.7200233,10.8513034],[106.7203779,10.8517936],[106.7205729,10.8520558],[106.7208424,10.8524183],[106.721034,10.8527252],[106.7211386,10.8528928],[106.7212085,10.8530048],[106.7216006,10.8537494],[106.7218629,10.854361],[106.7219774,10.8546583],[106.7222186,10.8552848],[106.7222313,10.8553178],[106.7225362,10.8560884],[106.722629,10.8562658],[106.7225279,10.8563261],[106.722476,10.8564317],[106.722427,10.8574366],[106.7224255,10.8575702],[106.7223574,10.8581673],[106.7223159,10.8585313],[106.7221727,10.8592399],[106.7221189,10.859506],[106.7220808,10.8596942],[106.7220138,10.8600019],[106.7219366,10.8603563],[106.7217804,10.8610151],[106.7217235,10.8612481],[106.7216696,10.8614687],[106.7216207,10.8616688],[106.7214701,10.8622854],[106.7214378,10.8624176],[106.7214273,10.8624645],[106.7214183,10.8625048],[106.7213705,10.8627181],[106.7213046,10.8630119],[106.7212716,10.863159],[106.7212617,10.8632034],[106.7212269,10.8633259],[106.721166,10.8635409],[106.7211033,10.8636942],[106.7212371,10.8637532],[106.7217566,10.8640098],[106.7218553,10.8640585],[106.7221791,10.8642368],[106.7226914,10.8645045],[106.7228553,10.8645902],[106.7234193,10.8648541],[106.7235673,10.8648309],[106.723678,10.8648154],[106.7238101,10.864783],[106.7239006,10.8647469],[106.7239904,10.864685],[106.7241285,10.8645813],[106.7242815,10.8643372],[106.7243431,10.8642389],[106.7244481,10.8640415],[106.7244964,10.8639483],[106.7245522,10.8638318],[106.7246774,10.8635794],[106.7247239,10.8634789],[106.7247748,10.8633208],[106.7248123,10.8631707],[106.7248365,10.8630047],[106.7248485,10.8628413],[106.7248422,10.862598],[106.7248204,10.8624515],[106.7247848,10.8622803],[106.7247268,10.8620972],[106.7246715,10.8619326],[106.7244932,10.8614374],[106.7242801,10.8609022],[106.7242019,10.8607089],[106.724113,10.8604912],[106.7239894,10.8601523],[106.7236342,10.860168]]",142,99.158,20,27290;27291;27292;27293;27294;27295;27296;27297;27298;27299;27300;18200;23161;23162;23163;23164;23165;23166;23167;23168;23169;23170;23171;23172;23173;23174;23175;23176;23177;23178;23179;23180;23181;23182;23183;23184;23185;23186;23187;23188;23189;23190;23191;23192;23193;23194;23195;23196;23197;23198;23199;23200;23201;23202;23203;23204;23205;23206;23207;23208;23209;23210;23211;23212;23213;23214;23215;23216;19821;9784;9785;9786;9787;9788;9789;9790;9791;9792;9793;9794;9795;9796;28047;28049;28051;28053;28055;28057;28059;28061;28063;28065;28067;28069;28071;28073;28075;28077;28079;28081;28083;28085;28087;28089;28091;28093;28095;28097;34128;34129;34130;34131;34132;34133;34134;70533;70534;70535;70536;70537;70538;40024;40025;40026;40027;40028;40029;40030;40031;40032;40033;40034;40035;40036;40037;40038;40039;40040;40041;40042;40043;40044,UTRAFFIC-HCM-V6,DERIVED
LM_EDGE_0046,LM_020,LM_011,Nguyễn Duy Trinh → Cầu Giồng Ông Tố 1 → Nguyễn Thị Định → X5 → Nhánh B2 → Nhánh B1,AGGREGATED_PATH,SOURCE_DIRECTED_PATH,1740.885,3.356382,1,0,NO_RECORD_IN_SELECTED_SOURCES,"[[106.7556147,10.7889551],[106.7560983,10.7887201],[106.755072,10.7886839],[106.7547309,10.7893979],[106.7544438,10.7899704],[106.7542229,10.790357],[106.7540418,10.7907285],[106.7539353,10.790924],[106.7538114,10.7911572],[106.7534933,10.7915162],[106.7532437,10.7917956],[106.7531619,10.7918954],[106.7531624,10.7920797],[106.7532187,10.7923009],[106.7532687,10.7924234],[106.7540678,10.7927901],[106.7536837,10.7926848],[106.7526282,10.792481],[106.7520759,10.7923834],[106.7519936,10.7923857],[106.7520125,10.7924703],[106.751868,10.7924212],[106.7515448,10.7923744],[106.7513936,10.7923472],[106.7512226,10.7923093],[106.7510612,10.7922735],[106.7505619,10.7921629],[106.7492064,10.7918604],[106.7487958,10.791784],[106.7487215,10.7917631],[106.7486637,10.7917454],[106.7484963,10.7917093],[106.7478049,10.7915441],[106.7474819,10.7914725],[106.7468051,10.79377]]",32,324.885,20,12304;19823;23626;23628;23630;23632;23634;23636;23638;23640;49301;49302;49303;49615;84167;84165;84163;84161;35896;84114;70492;70490;22095;22093;22091;22089;22186;19967;19965;19963;19961;19959,UTRAFFIC-HCM-V6,DERIVED
LM_EDGE_0047,LM_020,LM_057,Nguyễn Duy Trinh,AGGREGATED_PATH,SOURCE_DIRECTED_PATH,1858.442,3.860327,1,0,NO_RECORD_IN_SELECTED_SOURCES,"[[106.7556147,10.7889551],[106.7560983,10.7887201],[106.7563702,10.788692],[106.7568551,10.788642],[106.7571242,10.7886142],[106.7575743,10.788527],[106.7577319,10.7884964],[106.7583006,10.7882874],[106.7584397,10.7882363],[106.7588045,10.7881022],[106.7591467,10.7880732],[106.7592892,10.7880446],[106.7596168,10.7880334],[106.7605615,10.7879535],[106.7607861,10.7879345],[106.7612371,10.7878963],[106.7617248,10.787855],[106.7622459,10.787811],[106.7624429,10.7877943],[106.7632442,10.7877265],[106.7636522,10.787692],[106.7643233,10.7876458],[106.7650907,10.787593],[106.7657901,10.7879052],[106.7659387,10.7879715],[106.7660791,10.7879996],[106.7663832,10.7880552],[106.7671392,10.7881934],[106.7675228,10.7882636],[106.7677787,10.7883017],[106.7683786,10.7883935],[106.7686012,10.7884329],[106.7687727,10.7884765],[106.7690723,10.7885026],[106.7691701,10.7885301],[106.7695536,10.7886241],[106.7700137,10.7886218],[106.7700851,10.7886151],[106.7704273,10.7885833],[106.7705858,10.7885685],[106.7709032,10.7885389],[106.7711851,10.7885126],[106.7713099,10.788501],[106.7716679,10.7884681],[106.7717415,10.7884579],[106.7720345,10.7891613]]",43,143.442,20,12305;12307;12309;12311;12313;12315;12317;12319;12321;12323;12325;12327;12329;12331;12333;12335;12337;12339;12341;12343;12345;12347;12349;12351;12353;12355;12357;12359;12361;12363;12365;12367;12369;12371;12373;12375;12377;12379;12381;12383;12385;12387;12389,UTRAFFIC-HCM-V6,DERIVED
LM_EDGE_0048,LM_021,LM_008,Lê Văn Thịnh,AGGREGATED_PATH,SOURCE_DIRECTED_PATH,909.598,2.254795,1,0,NO_RECORD_IN_SELECTED_SOURCES,"[[106.7664433,10.7774416],[106.7663968,10.7772928],[106.7668351,10.7773189],[106.7670225,10.7773305],[106.7676993,10.7773722],[106.7679118,10.7774112],[106.7686143,10.7775413],[106.7688157,10.7775783],[106.7688803,10.7776673],[106.7688885,10.777854],[106.7688436,10.7785113],[106.7688224,10.7788217],[106.7687916,10.7792722],[106.7687938,10.7794806],[106.768807,10.7797359],[106.7688637,10.7800344],[106.7689667,10.7802304],[106.7694395,10.7807997],[106.7694894,10.7809076],[106.7695447,10.7811987],[106.769449,10.7819038],[106.7694312,10.7821201],[106.7685006,10.7822228]]",20,119.598,20,79;81;83;85;87;89;91;93;95;97;99;101;103;105;107;109;111;113;115;117,UTRAFFIC-HCM-V6,DERIVED
LM_EDGE_0049,LM_021,LM_058,Lê Văn Thịnh → Nguyễn Thị Định,AGGREGATED_PATH,SOURCE_DIRECTED_PATH,720.522,1.424852,1,0,NO_RECORD_IN_SELECTED_SOURCES,"[[106.7664433,10.7774416],[106.7663968,10.7772928],[106.7662617,10.7772249],[106.7661372,10.7771062],[106.7659642,10.7769125],[106.7657368,10.7765916],[106.7665671,10.7761079],[106.7671903,10.7757045],[106.767592,10.7754421],[106.7679888,10.7752303],[106.7689117,10.7745782],[106.769129,10.7744158],[106.769429,10.7742404],[106.7697693,10.7739886],[106.770305,10.7743991]]",12,91.522,20,78;76;74;72;19914;19916;19918;19920;19922;19924;19926;19928,UTRAFFIC-HCM-V6,DERIVED
LM_EDGE_0050,LM_022,LM_014,Phạm Văn Đồng → Phạm Văn Đồng → Phường Hiệp Bình Chánh → Hiệp Bình → Kha Vạn Cân,AGGREGATED_PATH,SOURCE_DIRECTED_PATH,3295.690,6.293284,1,0,NO_RECORD_IN_SELECTED_SOURCES,"[[106.7290708,10.8308263],[106.7274088,10.8328103],[106.7274492,10.8328425],[106.7278791,10.8332225],[106.727893,10.8332261],[106.7284492,10.8336705],[106.7289092,10.8340452],[106.7292301,10.8342919],[106.7294684,10.8344857],[106.7303006,10.8351625],[106.7309004,10.8356688],[106.7316152,10.8362529],[106.7320199,10.8365563],[106.7326328,10.8370237],[106.7326464,10.837129],[106.7327137,10.8372112],[106.7327268,10.8372033],[106.7327406,10.8371965],[106.7327551,10.8371914],[106.73277,10.8371877],[106.7327852,10.8371855],[106.7328006,10.8371849],[106.7328158,10.8371858],[106.7328311,10.8371884],[106.7328458,10.8371924],[106.7328602,10.8371979],[106.7328738,10.8372049],[106.7328866,10.8372133],[106.7328985,10.8372228],[106.7329093,10.8372335],[106.732919,10.8372453],[106.7329272,10.837258],[106.7329342,10.8372715],[106.7329397,10.8372856],[106.7329436,10.8373002],[106.7329461,10.8373151],[106.7329469,10.8373302],[106.7329461,10.8373453],[106.7329439,10.8373591],[106.7329405,10.8373726],[106.7329356,10.8373858],[106.7329295,10.8373984],[106.7329223,10.8374105],[106.7329139,10.8374218],[106.7329045,10.8374321],[106.732894,10.8374417],[106.7328827,10.8374501],[106.7328706,10.8374575],[106.732858,10.8374637],[106.7328446,10.8374686],[106.7328309,10.8374723],[106.7328169,10.8374746],[106.7328007,10.8374758],[106.7327845,10.8374751],[106.7327684,10.8374727],[106.7327528,10.8374686],[106.7327377,10.8374629],[106.7327082,10.8374857],[106.7326857,10.8375188],[106.7326591,10.8376057],[106.7326352,10.8376731],[106.7320501,10.837263],[106.7313905,10.8367207],[106.7305701,10.8360422],[106.7299059,10.8354936],[106.7290101,10.834751],[106.7281831,10.8340985],[106.7275178,10.8335624],[106.7270467,10.8331745],[106.7269674,10.8331081],[106.725621,10.8319797],[106.7245562,10.8311246],[106.7243356,10.8309514],[106.7237512,10.8304925],[106.7230401,10.8298828],[106.7222914,10.8293545],[106.7217648,10.8290541],[106.7213718,10.8288611],[106.7210453,10.8287007],[106.7200632,10.8283566],[106.7197217,10.8282751],[106.7191144,10.8281353],[106.7188969,10.8280852],[106.7185091,10.8279898],[106.7179483,10.8278461],[106.7174672,10.8277],[106.7165457,10.8274134],[106.7163341,10.8273487],[106.7159791,10.8272547],[106.7159069,10.8273477]]",87,298.690,20,57050;57051;57052;57053;57054;57055;57056;57057;57058;56014;56015;56016;56017;57191;77490;77491;77492;77493;77494;77495;77496;77497;77498;77499;77500;77501;77502;77503;77504;77505;77506;77507;77508;77509;77510;77511;77512;77513;77514;77515;77516;77517;77518;77519;77520;77521;77522;77523;77524;77525;77526;77527;77528;77529;77530;13563;13565;13567;13569;47510;47508;47506;47504;47502;47500;47498;47496;47494;47492;47490;47488;47486;47484;47482;2728;2726;2724;2722;2720;2718;2716;2714;2712;2710;2708;2706;2704,UTRAFFIC-HCM-V6,DERIVED
LM_EDGE_0051,LM_022,LM_019,Phạm Văn Đồng → Phạm Văn Đồng → Phường Hiệp Bình Chánh → Hiệp Bình → Kha Vạn Cân → Quốc lộ 13,AGGREGATED_PATH,SOURCE_DIRECTED_PATH,3833.015,7.258760,1,0,NO_RECORD_IN_SELECTED_SOURCES,"[[106.7290708,10.8308263],[106.7274088,10.8328103],[106.7274492,10.8328425],[106.7278791,10.8332225],[106.727893,10.8332261],[106.7284492,10.8336705],[106.7289092,10.8340452],[106.7292301,10.8342919],[106.7294684,10.8344857],[106.7303006,10.8351625],[106.7309004,10.8356688],[106.7316152,10.8362529],[106.7320199,10.8365563],[106.7326328,10.8370237],[106.7326464,10.837129],[106.7327137,10.8372112],[106.7327268,10.8372033],[106.7327406,10.8371965],[106.7327551,10.8371914],[106.73277,10.8371877],[106.7327852,10.8371855],[106.7328006,10.8371849],[106.7328158,10.8371858],[106.7328311,10.8371884],[106.7328458,10.8371924],[106.7328602,10.8371979],[106.7328738,10.8372049],[106.7328866,10.8372133],[106.7328985,10.8372228],[106.7329093,10.8372335],[106.732919,10.8372453],[106.7329272,10.837258],[106.7329342,10.8372715],[106.7329397,10.8372856],[106.7329436,10.8373002],[106.7329461,10.8373151],[106.7329469,10.8373302],[106.7329461,10.8373453],[106.7329439,10.8373591],[106.7329405,10.8373726],[106.7329356,10.8373858],[106.7329295,10.8373984],[106.7329223,10.8374105],[106.7329139,10.8374218],[106.7329045,10.8374321],[106.732894,10.8374417],[106.7328827,10.8374501],[106.7328706,10.8374575],[106.732858,10.8374637],[106.7328446,10.8374686],[106.7328309,10.8374723],[106.7328169,10.8374746],[106.7328007,10.8374758],[106.7327845,10.8374751],[106.7327684,10.8374727],[106.7327528,10.8374686],[106.7327377,10.8374629],[106.7327082,10.8374857],[106.7326857,10.8375188],[106.7326591,10.8376057],[106.7326352,10.8376731],[106.7320501,10.837263],[106.7313905,10.8367207],[106.7305701,10.8360422],[106.7299059,10.8354936],[106.7290101,10.834751],[106.7281831,10.8340985],[106.7275178,10.8335624],[106.7270467,10.8331745],[106.7269674,10.8331081],[106.725621,10.8319797],[106.7245562,10.8311246],[106.7243356,10.8309514],[106.7237512,10.8304925],[106.7230401,10.8298828],[106.7222914,10.8293545],[106.7217648,10.8290541],[106.7213718,10.8288611],[106.7210453,10.8287007],[106.7200632,10.8283566],[106.7197217,10.8282751],[106.7191144,10.8281353],[106.7188969,10.8280852],[106.7185091,10.8279898],[106.7179483,10.8278461],[106.7174672,10.8277],[106.7165457,10.8274134],[106.7163341,10.8273487],[106.7159791,10.8272547],[106.7153558,10.8270992],[106.7150365,10.8270283],[106.7143825,10.8269061],[106.7143823,10.8270756],[106.7143495,10.8275153],[106.7143376,10.8276741],[106.7142726,10.8288161],[106.7142203,10.8297337],[106.7146752,10.8300415]]",95,346.015,20,57050;57051;57052;57053;57054;57055;57056;57057;57058;56014;56015;56016;56017;57191;77490;77491;77492;77493;77494;77495;77496;77497;77498;77499;77500;77501;77502;77503;77504;77505;77506;77507;77508;77509;77510;77511;77512;77513;77514;77515;77516;77517;77518;77519;77520;77521;77522;77523;77524;77525;77526;77527;77528;77529;77530;13563;13565;13567;13569;47510;47508;47506;47504;47502;47500;47498;47496;47494;47492;47490;47488;47486;47484;47482;2728;2726;2724;2722;2720;2718;2716;2714;2712;2710;2708;2706;2704;2702;2700;2698;27285;27286;27287;27288;27289,UTRAFFIC-HCM-V6,DERIVED
LM_EDGE_0052,LM_022,LM_031,Phạm Văn Đồng → Phạm Văn Đồng → Phường Hiệp Bình Chánh,AGGREGATED_PATH,SOURCE_DIRECTED_PATH,4479.470,5.323783,1,0,NO_RECORD_IN_SELECTED_SOURCES,"[[106.7290708,10.8308263],[106.7274088,10.8328103],[106.7274492,10.8328425],[106.7278791,10.8332225],[106.727893,10.8332261],[106.7284492,10.8336705],[106.7289092,10.8340452],[106.7292301,10.8342919],[106.7294684,10.8344857],[106.7303006,10.8351625],[106.7309004,10.8356688],[106.7316152,10.8362529],[106.7320199,10.8365563],[106.7326328,10.8370237],[106.7326464,10.837129],[106.7327137,10.8372112],[106.7327268,10.8372033],[106.7327406,10.8371965],[106.7327551,10.8371914],[106.73277,10.8371877],[106.7327852,10.8371855],[106.7328006,10.8371849],[106.7328158,10.8371858],[106.7328311,10.8371884],[106.7328458,10.8371924],[106.7328602,10.8371979],[106.7328738,10.8372049],[106.7328866,10.8372133],[106.7328985,10.8372228],[106.7329093,10.8372335],[106.732919,10.8372453],[106.7329272,10.837258],[106.7329342,10.8372715],[106.7329397,10.8372856],[106.7329436,10.8373002],[106.7329461,10.8373151],[106.7329469,10.8373302],[106.7329461,10.8373453],[106.7329439,10.8373591],[106.7329405,10.8373726],[106.7329356,10.8373858],[106.7329295,10.8373984],[106.7329223,10.8374105],[106.7329139,10.8374218],[106.7329045,10.8374321],[106.732894,10.8374417],[106.7328827,10.8374501],[106.7328706,10.8374575],[106.732858,10.8374637],[106.7328446,10.8374686],[106.7328309,10.8374723],[106.7328169,10.8374746],[106.7328007,10.8374758],[106.7327845,10.8374751],[106.7327684,10.8374727],[106.7327528,10.8374686],[106.7327377,10.8374629],[106.7327256,10.8374568],[106.7327142,10.8374497],[106.7327034,10.8374416],[106.7326935,10.8374326],[106.7326844,10.8374227],[106.7326762,10.837412],[106.7326691,10.8374007],[106.7326631,10.8373887],[106.7326583,10.8373762],[106.7326546,10.8373634],[106.732652,10.8373504],[106.7325478,10.8372633],[106.7324875,10.8371983],[106.732383,10.8371193],[106.7321872,10.8369913],[106.7316328,10.8365724],[106.7309249,10.8359841],[106.7304366,10.8355829],[106.7301125,10.8353219],[106.7293731,10.8347139],[106.7284081,10.8339731],[106.7275543,10.8332584],[106.7272218,10.8329754],[106.7268246,10.8326375],[106.7254037,10.8314995],[106.7250114,10.831186],[106.7246434,10.8308885],[106.7244006,10.8306827],[106.7237328,10.8301278],[106.7232287,10.8297285],[106.7226006,10.8292263],[106.7225355,10.829184],[106.7225028,10.8291578],[106.7224622,10.8291667],[106.7224208,10.8291625],[106.7223829,10.8291458],[106.722353,10.829119],[106.7223329,10.8290845],[106.7223245,10.8290456],[106.7222594,10.8289838],[106.7221352,10.8290064],[106.7219737,10.8289362],[106.7214884,10.8285969],[106.7211712,10.8283987],[106.7207419,10.82815],[106.7201587,10.8278555],[106.719839,10.8277305],[106.7195179,10.8276002],[106.7194311,10.8275596],[106.7189763,10.8273972],[106.7187014,10.8273071],[106.7183456,10.8271928],[106.7174648,10.8269528],[106.7150274,10.8262938],[106.7144232,10.8261318],[106.7143508,10.8261862],[106.7142761,10.8262187],[106.7141959,10.826234],[106.7141142,10.8262315],[106.7140352,10.8262112],[106.7139451,10.826162],[106.7138726,10.8260899],[106.7138234,10.8260009],[106.7138016,10.8259031],[106.7138081,10.8258032],[106.7138423,10.8257089],[106.7139018,10.8256276],[106.7139281,10.825603],[106.7139568,10.8255812],[106.7140647,10.8255305],[106.7141836,10.8255167],[106.7143007,10.8255413],[106.7143948,10.8255948],[106.7144688,10.8256731],[106.714516,10.8257693],[106.7150493,10.8259101],[106.7151057,10.8259311],[106.7154147,10.8260276],[106.7157306,10.8261261],[106.7167203,10.826345],[106.7174426,10.8265048],[106.7190201,10.8269406],[106.7195752,10.8271964],[106.7195803,10.8271984],[106.7200079,10.827367],[106.7201953,10.8274631],[106.7206753,10.8276844],[106.721025,10.8278577],[106.7213748,10.8280521],[106.7216284,10.8278719]]",144,319.870,20,57050;57051;57052;57053;57054;57055;57056;57057;57058;56014;56015;56016;56017;57191;77490;77491;77492;77493;77494;77495;77496;77497;77498;77499;77500;77501;77502;77503;77504;77505;77506;77507;77508;77509;77510;77511;77512;77513;77514;77515;77516;77517;77518;77519;77520;77521;77522;77523;77524;77525;77526;77527;77528;77529;77530;77531;77532;77533;77534;77535;77536;77537;77538;77539;77540;77541;77560;77561;77562;77563;57205;57206;57207;57208;57209;57210;57211;57212;57213;57214;57215;57216;57217;57218;57219;57220;57221;57222;77359;77360;77361;77362;77363;77364;77378;41287;41288;41289;41290;41291;41292;41293;41294;41295;41296;41297;41298;41299;41300;69861;69850;69851;69852;69853;69854;69855;69856;69857;69858;69859;69860;69836;69837;69838;69839;69840;69841;69842;69843;69844;56018;56019;56020;56021;56022;56023;56024;56025;56026;56027;56028;56029;56030;56031,UTRAFFIC-HCM-V6,DERIVED
LM_EDGE_0053,LM_023,LM_005,Linh Trung → Lê Văn Chí,AGGREGATED_PATH,SOURCE_DIRECTED_PATH,1077.656,2.309969,1,0,NO_RECORD_IN_SELECTED_SOURCES,"[[106.7731619,10.8599715],[106.7735974,10.8605158],[106.7740542,10.8604406],[106.7741483,10.8604181],[106.7744412,10.8603482],[106.7745078,10.8603235],[106.7752188,10.8600436],[106.7761831,10.8596661],[106.7763998,10.8595812],[106.7772333,10.8592134],[106.7778234,10.8589411],[106.7779324,10.859024],[106.7780856,10.8592804],[106.7783306,10.8596904],[106.7785104,10.8600037],[106.7785895,10.8601415],[106.7786294,10.8602109],[106.7790174,10.860887],[106.7792544,10.8613029],[106.7794416,10.8616314],[106.779752,10.8621761],[106.7798417,10.8623511],[106.7805429,10.8622334]]",20,154.656,20,81320;81318;81316;81314;81312;81310;81308;81306;81304;17350;17348;17346;17344;17342;17340;17338;17336;17334;17332;17330,UTRAFFIC-HCM-V6,DERIVED
LM_EDGE_0054,LM_023,LM_052,Linh Trung → Lê Văn Chí → Hoàng Diệu 2,AGGREGATED_PATH,SOURCE_DIRECTED_PATH,1664.679,3.618038,1,0,NO_RECORD_IN_SELECTED_SOURCES,"[[106.7731619,10.8599715],[106.7735974,10.8605158],[106.7740542,10.8604406],[106.7741483,10.8604181],[106.7744412,10.8603482],[106.7745078,10.8603235],[106.7752188,10.8600436],[106.7761831,10.8596661],[106.7763998,10.8595812],[106.7772333,10.8592134],[106.7778234,10.8589411],[106.7774425,10.8582465],[106.7773236,10.8580186],[106.7771151,10.8576608],[106.7768972,10.8573164],[106.7768335,10.8572156],[106.776738,10.8571009],[106.7766016,10.8569564],[106.7762561,10.8567442],[106.7756944,10.8564273],[106.7742859,10.8555741],[106.774098,10.8554639],[106.7738625,10.8553258],[106.7735859,10.8551826],[106.7733764,10.8550434],[106.7732593,10.8549708],[106.7731114,10.8547892],[106.7730838,10.8547408],[106.7730251,10.8546379],[106.772986,10.8544859],[106.7727701,10.8544067],[106.7722873,10.8542224],[106.7719011,10.8540432],[106.7717841,10.8539941],[106.7717055,10.8539761],[106.7717145,10.8520722]]",33,288.679,20,81320;81318;81316;81314;81312;81310;81308;81306;81304;17351;17353;17355;17357;17359;17361;17363;17365;17367;17369;17371;17373;17375;17377;17379;17381;17383;17385;17387;2306;2308;2310;2312;2314,UTRAFFIC-HCM-V6,DERIVED
LM_EDGE_0055,LM_023,LM_060,Linh Trung → Kha Vạn Cân,AGGREGATED_PATH,SOURCE_DIRECTED_PATH,1762.178,4.182734,1,0,NO_RECORD_IN_SELECTED_SOURCES,"[[106.7731619,10.8599715],[106.7735974,10.8605158],[106.7722348,10.8607223],[106.7717506,10.8607826],[106.7712249,10.8608601],[106.7709078,10.8609069],[106.76996,10.8610495],[106.7698583,10.8610648],[106.7692921,10.8611242],[106.7688428,10.8611332],[106.7687134,10.861109],[106.7685818,10.8610203],[106.7682316,10.8607799],[106.7677335,10.860417],[106.7675734,10.8604007],[106.7674078,10.8604836],[106.7672166,10.8605556],[106.7669289,10.8606376],[106.7666799,10.8607519],[106.7664888,10.8608609],[106.766153,10.8611407],[106.7658891,10.8613995],[106.7656208,10.8616423],[106.7651975,10.8619567],[106.7649441,10.8621961],[106.7646786,10.8623783],[106.7643639,10.8625006],[106.7640435,10.8625944],[106.7638164,10.8626465],[106.7634258,10.862736],[106.7631685,10.8628038],[106.7631417,10.8628251],[106.7626362,10.8629836],[106.7622355,10.8630923],[106.7608732,10.863459],[106.7608745,10.8634801],[106.7609277,10.863612],[106.761007,10.8637727],[106.7610409,10.8638433],[106.7612175,10.8641461],[106.7612607,10.8642209],[106.7612747,10.864248],[106.7614063,10.8645021],[106.7619545,10.8642934]]",41,141.178,20,81321;81323;11822;11824;11826;11828;11830;11832;11834;11836;11838;11840;11842;11844;11846;11848;11850;11852;11854;11856;11858;11860;11862;11864;11866;11868;11870;11872;11874;11876;11878;11880;11882;37665;37667;37669;37671;37673;37675;37677;37679,UTRAFFIC-HCM-V6,DERIVED
LM_EDGE_0056,LM_024,LM_017,Đỗ Xuân Hợp → Đại Lộ III → Đại Lộ 3,AGGREGATED_PATH,SOURCE_DIRECTED_PATH,1760.055,3.573529,1,0,NO_RECORD_IN_SELECTED_SOURCES,"[[106.7721339,10.8172086],[106.7733661,10.8178701],[106.7734992,10.8177026],[106.773631,10.8175409],[106.7737067,10.8174274],[106.7740343,10.8170653],[106.7741184,10.8169624],[106.7742593,10.8167299],[106.7742586,10.8167286],[106.7743516,10.8164675],[106.7743765,10.8163706],[106.7746349,10.8155992],[106.7746834,10.8154757],[106.7747679,10.8152057],[106.7747681,10.8152043],[106.7749454,10.8147173],[106.7751892,10.8141765],[106.7752034,10.814137],[106.7753513,10.8136663],[106.7753601,10.8136383],[106.7743679,10.8133046],[106.7739388,10.8131603],[106.7733723,10.8130091],[106.7728488,10.8129217],[106.7718844,10.8128003],[106.7712759,10.812786],[106.7707035,10.8128574],[106.7700426,10.8129728],[106.7694941,10.8131081],[106.7691425,10.8132014],[106.7687194,10.813324],[106.7686829,10.8131945],[106.7686852,10.8131985],[106.7691385,10.8130646],[106.769467,10.8129798],[106.7700208,10.8128534],[106.7706874,10.8127388],[106.7712711,10.812672],[106.7711737,10.8122524]]",36,201.224,20,51892;51894;51896;51898;51900;51902;51904;51906;51908;51910;51912;51914;51916;51918;51920;51922;51924;51926;1341;1342;1343;1344;1345;1346;1347;1348;1349;1350;1351;40728;40711;40712;40713;40714;40715;40716,UTRAFFIC-HCM-V6,DERIVED
LM_EDGE_0057,LM_024,LM_040,Đỗ Xuân Hợp,AGGREGATED_PATH,SOURCE_DIRECTED_PATH,585.178,1.252406,1,0,NO_RECORD_IN_SELECTED_SOURCES,"[[106.7721339,10.8172086],[106.7733661,10.8178701],[106.7734992,10.8177026],[106.773631,10.8175409],[106.7737067,10.8174274],[106.7740343,10.8170653],[106.7741184,10.8169624],[106.7742593,10.8167299],[106.7742586,10.8167286],[106.7743516,10.8164675],[106.7743765,10.8163706],[106.7746349,10.8155992],[106.7746834,10.8154757],[106.7747679,10.8152057],[106.7747681,10.8152043],[106.7749454,10.8147173],[106.7745794,10.8146595]]",14,193.857,20,51892;51894;51896;51898;51900;51902;51904;51906;51908;51910;51912;51914;51916;51918,UTRAFFIC-HCM-V6,DERIVED
LM_EDGE_0058,LM_024,LM_043,Đỗ Xuân Hợp → Đường Song Hành Xa lộ Hà Nội,AGGREGATED_PATH,SOURCE_DIRECTED_PATH,3703.665,7.051865,1,0,NO_RECORD_IN_SELECTED_SOURCES,"[[106.7721339,10.8172086],[106.7733661,10.8178701],[106.7733599,10.8178815],[106.7733396,10.817916],[106.7733233,10.8179509],[106.7732888,10.8180427],[106.7732193,10.818315],[106.7731933,10.8184591],[106.7731091,10.8190458],[106.7729978,10.8195439],[106.7729633,10.8196263],[106.7727966,10.8200554],[106.7725986,10.8204433],[106.7725467,10.8205336],[106.7723203,10.8209405],[106.7723216,10.8209405],[106.77211,10.821223],[106.7720464,10.8213249],[106.7718056,10.8216706],[106.7716627,10.8219095],[106.7715432,10.8220601],[106.7714288,10.8221755],[106.7713723,10.8222362],[106.7713612,10.8222491],[106.7709316,10.8226671],[106.77089,10.822713],[106.7705138,10.8230038],[106.7703718,10.8230714],[106.7703677,10.8230727],[106.7702592,10.8231331],[106.7701732,10.8231624],[106.7700816,10.8232171],[106.7699032,10.8233172],[106.769677,10.8234568],[106.7695885,10.8235108],[106.7694899,10.8235651],[106.7694016,10.823834],[106.7693127,10.8240849],[106.769157,10.8244645],[106.7690576,10.8251425],[106.7688852,10.8262605],[106.7688636,10.8265896],[106.7688565,10.8266342],[106.7688033,10.8269695],[106.7687697,10.827184],[106.7687345,10.8274058],[106.7687186,10.8277403],[106.7687081,10.8281588],[106.7687081,10.8281592],[106.7687069,10.8281869],[106.7686595,10.8284507],[106.768582,10.8288555],[106.768389,10.829316],[106.7681635,10.8299364],[106.7680159,10.8303251],[106.7678915,10.830858],[106.7678124,10.8312392],[106.7677156,10.8315686],[106.7677016,10.8315854],[106.7674459,10.8319126],[106.767315,10.8321269],[106.7672026,10.8324177],[106.7671716,10.8326545],[106.7671545,10.8329048],[106.7671329,10.833098],[106.7671483,10.833317],[106.7671496,10.8333368],[106.7671712,10.8335787],[106.7671951,10.8338976],[106.7671879,10.833978],[106.7671699,10.8340767],[106.7670778,10.8343105],[106.766937,10.834521],[106.7668473,10.8346289],[106.7666788,10.8348297],[106.7664725,10.8350317],[106.7663108,10.8352034],[106.7662187,10.835264],[106.7664188,10.8356651],[106.7667863,10.836321],[106.7671188,10.8369041],[106.767481,10.8375394],[106.7676582,10.8378557],[106.768291,10.8389857],[106.7683847,10.8391534],[106.7685415,10.839434],[106.768961,10.8401846],[106.7691343,10.8404918],[106.769301,10.8408108],[106.7693451,10.8408851],[106.7694899,10.8411367],[106.769986,10.841933],[106.7701026,10.8421328],[106.7705937,10.843036],[106.7706587,10.8431635],[106.7710724,10.8438777],[106.7713916,10.844502],[106.7716472,10.8449213],[106.7720186,10.8456033],[106.7727016,10.8449562]]",97,257.008,20,51891;51889;51887;51885;51883;51881;51879;51877;51875;51873;51871;51869;51867;51865;51863;51861;51859;51857;51855;51853;51851;51849;51847;51845;51843;51841;51839;51837;51835;51833;51831;51829;51827;51825;51823;51821;51819;51817;51815;51813;51811;51809;51807;51805;51803;51801;51799;51797;51795;51793;51791;51789;51787;51785;51783;51781;51779;51777;51775;51773;51771;51769;51767;51765;51763;51761;51759;51757;51755;51753;51751;51749;51747;51745;51743;51741;65579;65581;65583;65585;65587;65589;65591;65593;65595;65597;65599;65601;65603;65605;65607;65609;65611;65613;65615;65617;65619,UTRAFFIC-HCM-V6,DERIVED
LM_EDGE_0059,LM_025,LM_006,Phường An Bình → Gò Dưa → Tam Châu → Phường Tam Phú → Phường Tam Bình → Phú Châu,AGGREGATED_PATH,SOURCE_DIRECTED_PATH,2542.710,5.288930,1,0,NO_RECORD_IN_SELECTED_SOURCES,"[[106.735563,10.8703194],[106.7356099,10.8709993],[106.7364934,10.8713036],[106.7373061,10.8714787],[106.7381607,10.8716333],[106.7388921,10.8717194],[106.7396611,10.8718156],[106.7403699,10.8719304],[106.7406117,10.8719724],[106.7414585,10.8721508],[106.7417721,10.8722384],[106.7430528,10.8726522],[106.7435135,10.8728066],[106.7443389,10.8730605],[106.7445029,10.8731111],[106.744545,10.8728895],[106.744538,10.8728483],[106.74451,10.8728185],[106.7444096,10.8727474],[106.7443115,10.8726809],[106.743987,10.8724837],[106.7438259,10.872369],[106.7432851,10.8720559],[106.7430833,10.8719379],[106.7430203,10.8719143],[106.7429729,10.8718927],[106.7428572,10.8718398],[106.7425493,10.8717061],[106.7427385,10.8713194],[106.7428821,10.8710353],[106.7430255,10.87081],[106.7431459,10.8705894],[106.7433375,10.8702174],[106.7433645,10.8701655],[106.7436192,10.8697237],[106.7437953,10.8693793],[106.7438244,10.8692998],[106.7440357,10.8688557],[106.7440578,10.8688025],[106.7442014,10.8684566],[106.7442581,10.86832],[106.7442796,10.8682681],[106.7443362,10.8681318],[106.744399,10.8680235],[106.7445547,10.8677554],[106.7446895,10.8676337],[106.7448773,10.8674654],[106.7449916,10.8673068],[106.7450121,10.8672379],[106.7449719,10.8670614],[106.7449527,10.8668295],[106.7449809,10.8667317],[106.745096,10.8660819],[106.7451543,10.8656811],[106.7451274,10.8654914],[106.7450318,10.8652893],[106.7449621,10.8651495],[106.7447169,10.864767],[106.7444898,10.8644335],[106.7444857,10.8643247],[106.7445665,10.8642407],[106.7447456,10.8641575],[106.7449683,10.8640822],[106.7451077,10.864035],[106.7452267,10.8639347],[106.7453401,10.8637932],[106.7454594,10.8636069],[106.7455177,10.8635251],[106.7455507,10.8634757],[106.7459861,10.8640284],[106.746033,10.8640879],[106.7455723,10.8643971]]",69,136.710,20,81667;81668;81669;81670;81671;81672;81673;81674;81675;81676;81677;81678;81679;2644;2642;2640;2638;2636;2634;2632;2630;2628;2626;2624;2622;2620;5697;5699;6449;6451;6453;5246;5248;7935;7937;7939;7941;7943;7945;7947;7949;7951;7953;7955;7957;7959;7961;7963;7965;7967;7969;7971;7973;7975;7977;7979;7981;7983;7985;7987;7989;7991;7993;7995;7997;7999;8001;4533;4535,UTRAFFIC-HCM-V6,DERIVED
LM_EDGE_0060,LM_025,LM_018,Phường An Bình → Gò Dưa → Cầu vượt Ngã tư Gò Dưa → Phường Tam Bình → Đường số 6,AGGREGATED_PATH,SOURCE_DIRECTED_PATH,3901.429,7.822714,1,0,NO_RECORD_IN_SELECTED_SOURCES,"[[106.735563,10.8703194],[106.7356099,10.8709993],[106.7364934,10.8713036],[106.7373061,10.8714787],[106.7381607,10.8716333],[106.7388921,10.8717194],[106.7396611,10.8718156],[106.7403699,10.8719304],[106.7406117,10.8719724],[106.7414585,10.8721508],[106.7417721,10.8722384],[106.7430528,10.8726522],[106.7435135,10.8728066],[106.7443389,10.8730605],[106.7445029,10.8731111],[106.744545,10.8728895],[106.744538,10.8728483],[106.74451,10.8728185],[106.7444096,10.8727474],[106.7443115,10.8726809],[106.743987,10.8724837],[106.7438259,10.872369],[106.7432851,10.8720559],[106.7430833,10.8719379],[106.7430203,10.8719143],[106.7429729,10.8718927],[106.7428572,10.8718398],[106.7425493,10.8717061],[106.7419618,10.8714198],[106.7417349,10.8713055],[106.7415034,10.8711889],[106.741456,10.871165],[106.7410019,10.8709623],[106.7402788,10.8706394],[106.7396963,10.8704319],[106.739242,10.87027],[106.7389023,10.8701657],[106.7385991,10.8700495],[106.7379666,10.8697656],[106.737928,10.8697912],[106.7375436,10.8696319],[106.7372118,10.8694915],[106.7371679,10.8694747],[106.7367308,10.869317],[106.7366583,10.8692965],[106.7362714,10.8691872],[106.73608,10.8691182],[106.7351929,10.8687842],[106.7348303,10.8686477],[106.7342166,10.8684089],[106.7336853,10.8682125],[106.7335737,10.8685783],[106.7334329,10.8691056],[106.7329016,10.8708511],[106.732763,10.8713286],[106.7327826,10.8714193],[106.7328111,10.8714907],[106.7328483,10.8715361],[106.732889,10.8715767],[106.7329394,10.8716074],[106.7330129,10.8716416],[106.7330714,10.8716518],[106.7331289,10.8716492],[106.7332095,10.8716274],[106.7332855,10.8715867],[106.7333465,10.8715334],[106.7335933,10.8707695],[106.7336216,10.8706581],[106.733605,10.8705476],[106.7335708,10.8704475],[106.7335001,10.8703378],[106.733457,10.8702864],[106.7325727,10.8698625],[106.7320586,10.8696086],[106.729851,10.86848],[106.728281,10.867663],[106.7281634,10.8679065],[106.7280483,10.8681327],[106.727836,10.8685497],[106.7273184,10.869549],[106.7272126,10.8697421],[106.7275743,10.8699654]]",79,122.429,20,81667;81668;81669;81670;81671;81672;81673;81674;81675;81676;81677;81678;81679;2644;2642;2640;2638;2636;2634;2632;2630;2628;2626;2624;2622;2620;2618;2616;2614;2612;2610;2608;2606;2604;2602;2600;2598;2596;2594;2592;2590;2588;2586;2584;2582;2580;2578;2576;64148;56304;56305;64199;11162;56034;56035;56036;56037;56038;56039;56040;56041;56042;56043;56044;56045;56046;56047;56048;56049;56050;64134;64135;64136;64137;79174;79176;79178;79180;79182,UTRAFFIC-HCM-V6,DERIVED
LM_EDGE_0061,LM_025,LM_048,Phường An Bình → Gò Dưa → Tam Châu → Phường Tam Phú → Phường Tam Bình,AGGREGATED_PATH,SOURCE_DIRECTED_PATH,2053.298,4.370494,1,0,NO_RECORD_IN_SELECTED_SOURCES,"[[106.735563,10.8703194],[106.7356099,10.8709993],[106.7364934,10.8713036],[106.7373061,10.8714787],[106.7381607,10.8716333],[106.7388921,10.8717194],[106.7396611,10.8718156],[106.7403699,10.8719304],[106.7406117,10.8719724],[106.7414585,10.8721508],[106.7417721,10.8722384],[106.7430528,10.8726522],[106.7435135,10.8728066],[106.7443389,10.8730605],[106.7445029,10.8731111],[106.744545,10.8728895],[106.744538,10.8728483],[106.74451,10.8728185],[106.7444096,10.8727474],[106.7443115,10.8726809],[106.743987,10.8724837],[106.7438259,10.872369],[106.7432851,10.8720559],[106.7430833,10.8719379],[106.7430203,10.8719143],[106.7429729,10.8718927],[106.7428572,10.8718398],[106.7425493,10.8717061],[106.7427385,10.8713194],[106.7428821,10.8710353],[106.7430255,10.87081],[106.7431459,10.8705894],[106.7433375,10.8702174],[106.7433645,10.8701655],[106.7436192,10.8697237],[106.7437953,10.8693793],[106.7438244,10.8692998],[106.7440357,10.8688557],[106.7440578,10.8688025],[106.7442014,10.8684566],[106.7442581,10.86832],[106.7442796,10.8682681],[106.7443362,10.8681318],[106.744399,10.8680235],[106.7445547,10.8677554],[106.7446895,10.8676337],[106.7448773,10.8674654],[106.7449916,10.8673068],[106.7450121,10.8672379],[106.7463839,10.8671055]]",47,226.298,20,81667;81668;81669;81670;81671;81672;81673;81674;81675;81676;81677;81678;81679;2644;2642;2640;2638;2636;2634;2632;2630;2628;2626;2624;2622;2620;5697;5699;6449;6451;6453;5246;5248;7935;7937;7939;7941;7943;7945;7947;7949;7951;7953;7955;7957;7959;7961,UTRAFFIC-HCM-V6,DERIVED
LM_EDGE_0062,LM_026,LM_012,Hoàng Hữu Nam,AGGREGATED_PATH,SOURCE_DIRECTED_PATH,1425.159,3.981048,1,0,NO_RECORD_IN_SELECTED_SOURCES,"[[106.8076192,10.8689715],[106.8137729,10.8679375],[106.8138714,10.8686942],[106.8138923,10.8688649],[106.8138985,10.8688928],[106.8139274,10.8691037],[106.8139526,10.8692848],[106.8139559,10.8693361],[106.8139857,10.8695306],[106.814031,10.870019],[106.8093249,10.8702234]]",8,1196.159,20,7277;7279;7281;7283;7285;7287;7289;7291,UTRAFFIC-HCM-V6,DERIVED
LM_EDGE_0063,LM_026,LM_037,Hoàng Hữu Nam,AGGREGATED_PATH,SOURCE_DIRECTED_PATH,1346.984,3.329953,1,0,NO_RECORD_IN_SELECTED_SOURCES,"[[106.8076192,10.8689715],[106.8137729,10.8679375],[106.8137059,10.8670742],[106.8136835,10.8667856],[106.8136516,10.8660956],[106.8136356,10.8657098],[106.8136285,10.8655386],[106.8135992,10.8648311],[106.8135705,10.8643686],[106.8135228,10.8635977],[106.8134813,10.8629269],[106.812483,10.8631668]]",9,793.984,20,7276;7274;7272;7270;7268;7266;7264;7262;7260,UTRAFFIC-HCM-V6,DERIVED
LM_EDGE_0064,LM_026,LM_050,Hoàng Hữu Nam,AGGREGATED_PATH,SOURCE_DIRECTED_PATH,1971.664,5.534421,1,0,NO_RECORD_IN_SELECTED_SOURCES,"[[106.8076192,10.8689715],[106.8137729,10.8679375],[106.8138714,10.8686942],[106.8138923,10.8688649],[106.8138985,10.8688928],[106.8139274,10.8691037],[106.8139526,10.8692848],[106.8139559,10.8693361],[106.8139857,10.8695306],[106.814031,10.870019],[106.8140462,10.8700976],[106.8141487,10.8706194],[106.805223,10.8723693]]",10,1675.664,20,7277;7279;7281;7283;7285;7287;7289;7291;7293;7295,UTRAFFIC-HCM-V6,DERIVED
LM_EDGE_0065,LM_027,LM_032,Lê Văn Việt,AGGREGATED_PATH,SOURCE_DIRECTED_PATH,818.978,2.243933,1,0,NO_RECORD_IN_SELECTED_SOURCES,"[[106.787967,10.8443916],[106.7884825,10.8446777],[106.7877705,10.8450023],[106.7877191,10.8450257],[106.7874405,10.8451409],[106.7872875,10.8451668],[106.7871763,10.8451701],[106.7869542,10.8451766],[106.7866142,10.8451509],[106.7855939,10.8499148]]",7,605.978,20,78648;78646;78644;78642;78640;78638;78636,UTRAFFIC-HCM-V6,DERIVED
LM_EDGE_0066,LM_027,LM_035,Lê Văn Việt,AGGREGATED_PATH,SOURCE_DIRECTED_PATH,1255.347,2.923042,1,0,NO_RECORD_IN_SELECTED_SOURCES,"[[106.787967,10.8443916],[106.7884825,10.8446777],[106.7886125,10.8446244],[106.7887163,10.8445367],[106.78929,10.8443281],[106.7898245,10.8442891],[106.7899445,10.8443071],[106.7907283,10.8444866],[106.7914293,10.8446468],[106.7915839,10.844684],[106.7917739,10.8447424],[106.7922751,10.8448678],[106.7928171,10.8449905],[106.7930683,10.8450461],[106.7934757,10.8451449],[106.7936764,10.8452011],[106.7939532,10.8452755],[106.7942994,10.8453582],[106.7947945,10.8455078],[106.7953181,10.8456308],[106.7956268,10.845722],[106.796038,10.8458053],[106.7965034,10.8427121]]",20,412.347,20,78649;13330;13331;13332;13333;13334;13335;13336;13337;13338;13339;13340;13341;13342;13343;13344;13345;13346;13347;13348,UTRAFFIC-HCM-V6,DERIVED
LM_EDGE_0067,LM_027,LM_038,Lê Văn Việt,AGGREGATED_PATH,SOURCE_DIRECTED_PATH,901.813,2.000440,1,0,NO_RECORD_IN_SELECTED_SOURCES,"[[106.787967,10.8443916],[106.7884825,10.8446777],[106.7886125,10.8446244],[106.7887163,10.8445367],[106.78929,10.8443281],[106.7898245,10.8442891],[106.7899445,10.8443071],[106.7907283,10.8444866],[106.7914293,10.8446468],[106.7915839,10.844684],[106.7917739,10.8447424],[106.7922751,10.8448678],[106.7928171,10.8449905],[106.7930683,10.8450461],[106.7934757,10.8451449],[106.7936764,10.8452011],[106.7939532,10.8452755],[106.7942994,10.8453582],[106.7947945,10.8455078],[106.7944796,10.8466553]]",17,196.813,20,78649;13330;13331;13332;13333;13334;13335;13336;13337;13338;13339;13340;13341;13342;13343;13344;13345,UTRAFFIC-HCM-V6,DERIVED
LM_EDGE_0068,LM_028,LM_021,Đồng Văn Cống → Đường Nguyễn Thị Đinh → Nguyễn Thị Định → Lê Văn Thịnh,AGGREGATED_PATH,SOURCE_DIRECTED_PATH,1097.318,2.381811,1,0,NO_RECORD_IN_SELECTED_SOURCES,"[[106.7697558,10.7702578],[106.7698702,10.7728545],[106.7700703,10.7729577],[106.7701843,10.7730999],[106.7702272,10.7731489],[106.7702386,10.7733128],[106.7702313,10.773432],[106.7702072,10.7735163],[106.7701629,10.773619],[106.7700682,10.7737687],[106.7697693,10.7739886],[106.769429,10.7742404],[106.769129,10.7744158],[106.7689117,10.7745782],[106.7679888,10.7752303],[106.767592,10.7754421],[106.7671903,10.7757045],[106.7665671,10.7761079],[106.7657368,10.7765916],[106.7659642,10.7769125],[106.7661372,10.7771062],[106.7662617,10.7772249],[106.7663968,10.7772928],[106.7664433,10.7774416]]",21,306.318,20,38948;38949;70246;70297;70298;70299;70300;70301;19931;19929;19927;19925;19923;19921;19919;19917;19915;71;73;75;77,UTRAFFIC-HCM-V6,DERIVED
LM_EDGE_0069,LM_028,LM_058,Đồng Văn Cống → Đường Nguyễn Thị Đinh → Nguyễn Thị Định,AGGREGATED_PATH,SOURCE_DIRECTED_PATH,525.224,1.402245,1,0,NO_RECORD_IN_SELECTED_SOURCES,"[[106.7697558,10.7702578],[106.7698702,10.7728545],[106.7700703,10.7729577],[106.7701843,10.7730999],[106.7702272,10.7731489],[106.7702386,10.7733128],[106.7702313,10.773432],[106.7702072,10.7735163],[106.7701629,10.773619],[106.7700682,10.7737687],[106.7697693,10.7739886],[106.770305,10.7743991]]",9,363.224,20,38948;38949;70246;70297;70298;70299;70300;70301;19931,UTRAFFIC-HCM-V6,DERIVED
LM_EDGE_0070,LM_029,LM_061,Phước Thiện → Nguyễn Xiển → Nguyễn Văn Tăng,AGGREGATED_PATH,SOURCE_DIRECTED_PATH,4014.342,8.137742,1,0,NO_RECORD_IN_SELECTED_SOURCES,"[[106.845603,10.8420891],[106.8484156,10.8423195],[106.8480442,10.844177],[106.847946,10.844731],[106.8478787,10.8448833],[106.847823,10.8450092],[106.8477108,10.845155],[106.8468998,10.8462811],[106.8462307,10.8471398],[106.8461233,10.8472776],[106.8457947,10.8476994],[106.8453742,10.8482477],[106.8452559,10.8482557],[106.8441766,10.8480954],[106.8428271,10.8478888],[106.8426024,10.8478637],[106.8423853,10.847838],[106.8419981,10.8477975],[106.8409798,10.8476818],[106.840585,10.8477055],[106.8404767,10.8477683],[106.8387089,10.8477785],[106.8381504,10.847783],[106.8366566,10.8478345],[106.8356815,10.8478564],[106.8355876,10.8478713],[106.8353516,10.8478765],[106.8352708,10.8478775],[106.8337813,10.8479434],[106.8337608,10.8479323],[106.8335614,10.8478775],[106.8332824,10.847894],[106.8330605,10.8479124],[106.8327726,10.8479437],[106.8326139,10.8479609],[106.8322855,10.8479821],[106.8320848,10.847995],[106.8313675,10.848069],[106.8312103,10.8478291],[106.8311442,10.8476559],[106.8310851,10.8475376],[106.8310628,10.8474872],[106.8309422,10.8472193],[106.8306617,10.8465958],[106.830517,10.8463124],[106.8303264,10.845939],[106.8301642,10.8456637],[106.8301351,10.8455754],[106.8300999,10.8455287],[106.8298934,10.8450308],[106.8295801,10.8443741],[106.8293197,10.8437618],[106.8291351,10.8434002],[106.8289599,10.8431453],[106.8286983,10.8428497],[106.8281916,10.8424012],[106.8278721,10.8421411],[106.8275207,10.8418238],[106.8268484,10.8412166],[106.8267977,10.8411903],[106.8267193,10.8411497],[106.826561,10.841098],[106.8264248,10.8410601],[106.8262784,10.8410401],[106.8261463,10.8410341],[106.8260203,10.8410461],[106.8258617,10.8410701],[106.8257718,10.8410822],[106.8257357,10.8410871],[106.825506,10.841118],[106.8250424,10.8411669],[106.8245964,10.8411996],[106.8244021,10.8412139],[106.8237975,10.8412768],[106.8235645,10.8413114],[106.8237297,10.8427693]]",73,471.342,20,2289;2287;2285;2283;2281;2279;2277;2275;2273;2271;2269;2267;2265;2263;2261;2259;2257;2255;25766;25767;25768;25769;25770;25771;78425;78426;78427;78428;78429;78414;78412;78410;78408;78406;78404;78402;17627;17629;17631;17633;17635;17637;17639;17641;17643;17645;17647;17649;17651;17653;17655;17657;17659;10357;10359;10361;10363;10365;10367;10369;10371;10373;10375;10377;10379;10381;10383;10385;10387;10389;10391;10393;10395,UTRAFFIC-HCM-V6,DERIVED
LM_EDGE_0071,LM_029,LM_063,Phước Thiện,AGGREGATED_PATH,SOURCE_DIRECTED_PATH,1886.179,4.579537,1,0,NO_RECORD_IN_SELECTED_SOURCES,"[[106.845603,10.8420891],[106.8484156,10.8423195],[106.8480442,10.844177],[106.847946,10.844731],[106.8478787,10.8448833],[106.847823,10.8450092],[106.8477108,10.845155],[106.8468998,10.8462811],[106.8462307,10.8471398],[106.8461233,10.8472776],[106.8457947,10.8476994],[106.8453742,10.8482477],[106.8452559,10.8482557],[106.8441766,10.8480954],[106.8428271,10.8478888],[106.8426024,10.8478637],[106.8423853,10.847838],[106.8428377,10.8433729]]",15,807.179,20,2289;2287;2285;2283;2281;2279;2277;2275;2273;2271;2269;2267;2265;2263;2261,UTRAFFIC-HCM-V6,DERIVED
LM_EDGE_0072,LM_030,LM_015,Thảo Điền → Xuân Thuỷ → Quốc Hương → Trần Não → Phường Thảo Điền → Cầu Đen 1,AGGREGATED_PATH,SOURCE_DIRECTED_PATH,4029.150,7.740357,1,0,NO_RECORD_IN_SELECTED_SOURCES,"[[106.733795,10.807607],[106.7337629,10.807838],[106.7343683,10.807075],[106.7345193,10.8069246],[106.7347935,10.8066465],[106.7350491,10.8064024],[106.7354482,10.8060213],[106.7356458,10.8058326],[106.7357638,10.8057115],[106.7358664,10.8055809],[106.7362389,10.805215],[106.7368877,10.8044947],[106.7369333,10.8044192],[106.7370966,10.8041878],[106.7360931,10.8040001],[106.735427,10.8038889],[106.7338101,10.8036188],[106.7336759,10.8035955],[106.7326875,10.8033949],[106.7323015,10.8033272],[106.732584,10.8022258],[106.7326019,10.8021756],[106.7326144,10.8021196],[106.7326419,10.801997],[106.7326573,10.8019219],[106.7326827,10.8017684],[106.7327089,10.8016097],[106.7327304,10.8013488],[106.7327411,10.8012039],[106.7327401,10.8011302],[106.7327396,10.8010907],[106.7327384,10.8010011],[106.7327036,10.8008438],[106.7324889,10.8008263],[106.7306201,10.8006739],[106.7305713,10.8006707],[106.7295323,10.800603],[106.7293575,10.8005193],[106.7292655,10.8003967],[106.7292475,10.8001505],[106.7292928,10.7998829],[106.7293008,10.7998391],[106.7294084,10.7992412],[106.7294263,10.7991414],[106.7294718,10.7989752],[106.7295149,10.7988791],[106.7295934,10.7987494],[106.7296872,10.7986072],[106.7298539,10.7984486],[106.7300776,10.798298],[106.7302227,10.7982453],[106.7302979,10.7982293],[106.7303915,10.7982115],[106.7306201,10.7981765],[106.7308427,10.7981486],[106.7310401,10.7981455],[106.7312976,10.7981521],[106.7313415,10.7981495],[106.7315174,10.7981203],[106.73153,10.7980971],[106.7315496,10.798079],[106.7315822,10.7980665],[106.7316171,10.7980684],[106.731648,10.7980845],[106.7316693,10.7981118],[106.7318819,10.7981949],[106.7319866,10.7982231],[106.7321678,10.7982618],[106.7323711,10.7983262],[106.7325989,10.7984101],[106.7330634,10.7986017],[106.7332392,10.7987252],[106.7333728,10.7988723],[106.73343,10.799006],[106.7334587,10.7992203],[106.7334658,10.7992821],[106.7357604,10.7997461],[106.7366366,10.799896],[106.7382665,10.8002095],[106.7383425,10.8002226],[106.7412541,10.8007665],[106.7415166,10.8008227],[106.7421062,10.8009488],[106.7424749,10.8010162],[106.7438451,10.8012669],[106.7439606,10.8013106],[106.744037,10.8013435],[106.7440987,10.8013607],[106.7441616,10.8013717],[106.7441176,10.8014899],[106.744076,10.801727],[106.7440707,10.801855],[106.7443061,10.8019073],[106.7445526,10.8019472],[106.7448938,10.8019661],[106.745089,10.8019723],[106.7452636,10.8019616],[106.7457465,10.8019073],[106.7458102,10.8019055],[106.7458686,10.8019055],[106.7460243,10.8019924],[106.7461836,10.8020011],[106.746334,10.802022],[106.7465552,10.8020568],[106.7467428,10.8020602],[106.7469576,10.8014554]]",103,97.150,20,43078;43080;43082;43084;43086;43088;43090;43092;43094;43096;43098;43100;7690;7688;7686;7684;7682;7680;72831;72829;72827;72833;8106;8104;8102;8100;8098;8096;8094;8092;8090;1547;1548;1549;1550;1551;1552;1553;1554;1555;20002;43555;43556;43557;43558;43559;43560;43561;43562;43563;43564;43565;43566;43567;43568;43569;43570;72802;72803;72788;72789;72790;72791;72814;72815;72816;69269;69270;69271;69272;69273;69274;69275;69276;23685;23687;23689;23691;23693;23695;23697;23699;23701;23703;23705;23707;23709;72925;72926;72927;30023;30024;30025;30026;30027;30028;30029;30030;30031;51956;51957;51958;56935,UTRAFFIC-HCM-V6,DERIVED
LM_EDGE_0073,LM_030,LM_046,Thảo Điền → Xa Lộ Hà Nội,AGGREGATED_PATH,SOURCE_DIRECTED_PATH,1452.244,2.559533,1,0,NO_RECORD_IN_SELECTED_SOURCES,"[[106.733795,10.807607],[106.7337629,10.807838],[106.7343683,10.807075],[106.7345193,10.8069246],[106.7347935,10.8066465],[106.7350491,10.8064024],[106.7354482,10.8060213],[106.7356458,10.8058326],[106.7357638,10.8057115],[106.7358664,10.8055809],[106.7362389,10.805215],[106.7368877,10.8044947],[106.7369333,10.8044192],[106.7370966,10.8041878],[106.7373132,10.803945],[106.7374013,10.8038164],[106.7374844,10.8036504],[106.7375735,10.8035236],[106.737624,10.8034183],[106.7377904,10.8030868],[106.737904,10.8028992],[106.7380405,10.8026564],[106.738132,10.8024879],[106.7382123,10.8023219],[106.7382382,10.8022383],[106.7382602,10.8020982],[106.7382548,10.801903],[106.7381925,10.8015062],[106.7381765,10.8013948],[106.7381342,10.8011238],[106.7364156,10.8007995],[106.7363577,10.8007886],[106.7360829,10.8007379],[106.734223,10.8003988],[106.7336756,10.8002697],[106.7336512,10.8004871]]",33,50.244,20,43078;43080;43082;43084;43086;43088;43090;43092;43094;43096;43098;43100;43102;43104;43106;43108;43110;43112;43114;43116;43118;43120;43122;43124;43126;43128;43130;43132;30057;30058;30059;30060;30061,UTRAFFIC-HCM-V6,DERIVED
LM_EDGE_0074,LM_031,LM_014,Phạm Văn Đồng → Phường Hiệp Bình Chánh → Quốc lộ 13 → Kha Vạn Cân,AGGREGATED_PATH,SOURCE_DIRECTED_PATH,1396.190,1.791497,1,0,NO_RECORD_IN_SELECTED_SOURCES,"[[106.7216284,10.8278719],[106.7213748,10.8280521],[106.7219553,10.8284372],[106.7223391,10.8287148],[106.7223605,10.8287556],[106.7223755,10.8288708],[106.722448,10.8289113],[106.7224882,10.8289155],[106.7225251,10.8289315],[106.7225553,10.828958],[106.7225757,10.8289922],[106.7225845,10.8290311],[106.7225806,10.8290708],[106.7225645,10.8291074],[106.7225377,10.8291374],[106.7225028,10.8291578],[106.7224622,10.8291667],[106.7224208,10.8291625],[106.7223829,10.8291458],[106.722353,10.829119],[106.7223329,10.8290845],[106.7223245,10.8290456],[106.7222594,10.8289838],[106.7221352,10.8290064],[106.7219737,10.8289362],[106.7214884,10.8285969],[106.7211712,10.8283987],[106.7207419,10.82815],[106.7201587,10.8278555],[106.719839,10.8277305],[106.7195179,10.8276002],[106.7194311,10.8275596],[106.7189763,10.8273972],[106.7187014,10.8273071],[106.7183456,10.8271928],[106.7174648,10.8269528],[106.7150274,10.8262938],[106.7148771,10.8263143],[106.7147324,10.8263616],[106.7145928,10.8264467],[106.7145202,10.8265252],[106.7144559,10.8266283],[106.7143838,10.8267631],[106.7143825,10.8269061],[106.7150365,10.8270283],[106.7153558,10.8270992],[106.7159791,10.8272547],[106.7159069,10.8273477]]",45,47.190,20,56032;56033;82178;77367;77377;77350;77351;77352;77353;77354;77355;77356;77357;77358;77359;77360;77361;77362;77363;77364;77378;41287;41288;41289;41290;41291;41292;41293;41294;41295;41296;41297;41298;41299;41300;46786;46787;46788;46789;46790;46791;27284;2697;2699;2701,UTRAFFIC-HCM-V6,DERIVED
LM_EDGE_0075,LM_031,LM_019,Phạm Văn Đồng → Phường Hiệp Bình Chánh → Quốc lộ 13,AGGREGATED_PATH,SOURCE_DIRECTED_PATH,1579.515,2.048973,1,0,NO_RECORD_IN_SELECTED_SOURCES,"[[106.7216284,10.8278719],[106.7213748,10.8280521],[106.7219553,10.8284372],[106.7223391,10.8287148],[106.7223605,10.8287556],[106.7223755,10.8288708],[106.722448,10.8289113],[106.7224882,10.8289155],[106.7225251,10.8289315],[106.7225553,10.828958],[106.7225757,10.8289922],[106.7225845,10.8290311],[106.7225806,10.8290708],[106.7225645,10.8291074],[106.7225377,10.8291374],[106.7225028,10.8291578],[106.7224622,10.8291667],[106.7224208,10.8291625],[106.7223829,10.8291458],[106.722353,10.829119],[106.7223329,10.8290845],[106.7223245,10.8290456],[106.7222594,10.8289838],[106.7221352,10.8290064],[106.7219737,10.8289362],[106.7214884,10.8285969],[106.7211712,10.8283987],[106.7207419,10.82815],[106.7201587,10.8278555],[106.719839,10.8277305],[106.7195179,10.8276002],[106.7194311,10.8275596],[106.7189763,10.8273972],[106.7187014,10.8273071],[106.7183456,10.8271928],[106.7174648,10.8269528],[106.7150274,10.8262938],[106.7148771,10.8263143],[106.7147324,10.8263616],[106.7145928,10.8264467],[106.7145202,10.8265252],[106.7144559,10.8266283],[106.7143838,10.8267631],[106.7143825,10.8269061],[106.7143823,10.8270756],[106.7143495,10.8275153],[106.7143376,10.8276741],[106.7142726,10.8288161],[106.7142203,10.8297337],[106.7146752,10.8300415]]",47,94.515,20,56032;56033;82178;77367;77377;77350;77351;77352;77353;77354;77355;77356;77357;77358;77359;77360;77361;77362;77363;77364;77378;41287;41288;41289;41290;41291;41292;41293;41294;41295;41296;41297;41298;41299;41300;46786;46787;46788;46789;46790;46791;27284;27285;27286;27287;27288;27289,UTRAFFIC-HCM-V6,DERIVED
LM_EDGE_0076,LM_031,LM_022,Phạm Văn Đồng → Phường Hiệp Bình Chánh,AGGREGATED_PATH,SOURCE_DIRECTED_PATH,1164.870,1.810469,1,0,NO_RECORD_IN_SELECTED_SOURCES,"[[106.7216284,10.8278719],[106.7213748,10.8280521],[106.7219553,10.8284372],[106.7223391,10.8287148],[106.7223605,10.8287556],[106.7223755,10.8288708],[106.722448,10.8289113],[106.7224882,10.8289155],[106.7225251,10.8289315],[106.7225553,10.828958],[106.7225757,10.8289922],[106.7226177,10.8290287],[106.7227048,10.8290023],[106.7232354,10.8293996],[106.7233614,10.8294998],[106.7238777,10.8299248],[106.7244662,10.8303811],[106.7254747,10.8312009],[106.7257106,10.8313926],[106.7264633,10.8319647],[106.7274088,10.8328103],[106.7290708,10.8308263]]",19,319.870,20,56032;56033;82178;77367;77377;77350;77351;77352;77353;57173;57041;57042;57043;57044;57045;57046;57047;57048;57049,UTRAFFIC-HCM-V6,DERIVED
LM_EDGE_0077,LM_032,LM_010,Lê Văn Việt,AGGREGATED_PATH,SOURCE_DIRECTED_PATH,1654.510,4.016530,1,0,NO_RECORD_IN_SELECTED_SOURCES,"[[106.7855939,10.8499148],[106.7866142,10.8451509],[106.786543,10.8451244],[106.7863662,10.8450399],[106.7861077,10.8448943],[106.7859683,10.8448134],[106.7853873,10.8444365],[106.7850597,10.8443748],[106.7848312,10.8443318],[106.7847409,10.8443107],[106.7845417,10.8442608],[106.7833361,10.8440428],[106.7831423,10.8440078],[106.782997,10.8440093],[106.7827235,10.8440192],[106.7826332,10.8440152],[106.7825179,10.8440417],[106.7823387,10.8440881],[106.7819771,10.8442149],[106.7816739,10.8443342],[106.7814183,10.8444289],[106.7812632,10.8445262],[106.7809208,10.8447629],[106.7801059,10.8452554],[106.7800606,10.8452798],[106.7799901,10.8453177],[106.7798078,10.8454226],[106.7793953,10.84564],[106.7792375,10.8457248],[106.7790108,10.8458632],[106.7787784,10.8459667],[106.7785931,10.846102],[106.7777477,10.8448592]]",30,707.510,20,78634;78632;78630;78628;78626;29891;29889;29887;29885;29883;29881;29879;29877;29875;29873;29871;29869;29867;29865;29863;29861;29859;29857;29855;29853;29851;29849;29847;29845;29843,UTRAFFIC-HCM-V6,DERIVED
LM_EDGE_0078,LM_032,LM_027,Lê Văn Việt,AGGREGATED_PATH,SOURCE_DIRECTED_PATH,818.978,2.243933,1,0,NO_RECORD_IN_SELECTED_SOURCES,"[[106.7855939,10.8499148],[106.7866142,10.8451509],[106.7869542,10.8451766],[106.7871763,10.8451701],[106.7872875,10.8451668],[106.7874405,10.8451409],[106.7877191,10.8450257],[106.7877705,10.8450023],[106.7884825,10.8446777],[106.787967,10.8443916]]",7,605.978,20,78635;78637;78639;78641;78643;78645;78647,UTRAFFIC-HCM-V6,DERIVED
LM_EDGE_0079,LM_032,LM_038,Lê Văn Việt,AGGREGATED_PATH,SOURCE_DIRECTED_PATH,1591.463,3.856389,1,0,NO_RECORD_IN_SELECTED_SOURCES,"[[106.7855939,10.8499148],[106.7866142,10.8451509],[106.7869542,10.8451766],[106.7871763,10.8451701],[106.7872875,10.8451668],[106.7874405,10.8451409],[106.7877191,10.8450257],[106.7877705,10.8450023],[106.7884825,10.8446777],[106.7886125,10.8446244],[106.7887163,10.8445367],[106.78929,10.8443281],[106.7898245,10.8442891],[106.7899445,10.8443071],[106.7907283,10.8444866],[106.7914293,10.8446468],[106.7915839,10.844684],[106.7917739,10.8447424],[106.7922751,10.8448678],[106.7928171,10.8449905],[106.7930683,10.8450461],[106.7934757,10.8451449],[106.7936764,10.8452011],[106.7939532,10.8452755],[106.7942994,10.8453582],[106.7947945,10.8455078],[106.7944796,10.8466553]]",24,673.463,20,78635;78637;78639;78641;78643;78645;78647;78649;13330;13331;13332;13333;13334;13335;13336;13337;13338;13339;13340;13341;13342;13343;13344;13345,UTRAFFIC-HCM-V6,DERIVED
LM_EDGE_0080,LM_033,LM_002,Xa Lộ Hà Nội → Cầu vượt Trạm 2 → Quốc lộ 1 → Cầu vượt Thủ Đức,AGGREGATED_PATH,SOURCE_DIRECTED_PATH,2365.464,4.119792,1,0,NO_RECORD_IN_SELECTED_SOURCES,"[[106.7888364,10.8589894],[106.788925,10.8585095],[106.7893072,10.8587333],[106.7904411,10.8594106],[106.7915729,10.8600755],[106.7919156,10.8602744],[106.792245,10.8604486],[106.7925556,10.8606401],[106.7926366,10.8607211],[106.7927371,10.8608456],[106.7930812,10.8610511],[106.7943669,10.8618171],[106.7947725,10.8620458],[106.7949551,10.8621355],[106.7950504,10.8621921],[106.7960344,10.862777],[106.796223,10.8628891],[106.7964276,10.8629455],[106.7966148,10.8629888],[106.7966946,10.8629907],[106.7968278,10.8629832],[106.7969484,10.8629515],[106.797061,10.8628978],[106.7971606,10.8628222],[106.7972141,10.8627813],[106.7972685,10.8627186],[106.7973142,10.8626461],[106.7973637,10.8625447],[106.7973883,10.8624624],[106.7974021,10.8623421],[106.7973951,10.8622309],[106.797378,10.8621416],[106.7973468,10.8620349],[106.7972956,10.8619268],[106.7972277,10.8618357],[106.7971422,10.8617446],[106.7970255,10.8616706],[106.7969062,10.8616205],[106.7967992,10.8615983],[106.7966995,10.8615906],[106.7965979,10.8616009],[106.7965016,10.861626],[106.796391,10.8616671],[106.7962608,10.8617433],[106.7960558,10.8618651],[106.7959178,10.8620872],[106.7952438,10.8631382],[106.7951619,10.863268],[106.79506,10.8636169],[106.7950416,10.8637422],[106.7950449,10.8638781],[106.7950602,10.8639672],[106.7950831,10.8640499],[106.795118,10.8641171],[106.7951647,10.8641857],[106.7952282,10.864273],[106.7952923,10.864333],[106.7953378,10.8643774],[106.7954029,10.8644124],[106.7954712,10.8644462],[106.795547,10.864469],[106.7956183,10.8644863],[106.795702,10.8644912],[106.7957889,10.8644889],[106.7958759,10.8644748],[106.7959418,10.8644562],[106.7960249,10.8644366],[106.7961032,10.8643976],[106.7961631,10.8643667],[106.7962323,10.8643121],[106.7962785,10.8642627],[106.7963402,10.8641933],[106.7963923,10.8640996],[106.8012008,10.8662985]]",71,633.464,20,81996;81997;81998;81999;82000;82001;57223;57224;24460;24461;24462;24463;45941;45942;45943;28728;28729;28730;28731;28732;28733;28734;28735;28736;28737;28738;28739;28740;28741;28742;28743;28744;28745;28746;28747;28748;28749;28750;28751;28752;28753;28754;28755;45944;21798;21788;28783;28784;28785;28786;28787;28788;28789;28790;28791;28792;28793;28794;28795;28796;28797;28798;28799;28800;28801;28802;28803;28804;28805;28806;28807,UTRAFFIC-HCM-V6,DERIVED
LM_EDGE_0081,LM_033,LM_034,Xa Lộ Hà Nội → Quốc lộ 1,AGGREGATED_PATH,SOURCE_DIRECTED_PATH,1847.139,3.944688,1,0,NO_RECORD_IN_SELECTED_SOURCES,"[[106.7888364,10.8589894],[106.788925,10.8585095],[106.7893072,10.8587333],[106.7904411,10.8594106],[106.7915729,10.8600755],[106.7919156,10.8602744],[106.792245,10.8604486],[106.7925556,10.8606401],[106.7928279,10.860744],[106.7930919,10.860826],[106.7931962,10.8608496],[106.7932881,10.8608704],[106.7934333,10.8608887],[106.7936273,10.860891],[106.7938415,10.8608881],[106.7940565,10.8608652],[106.7943203,10.8608124],[106.794666,10.8607174],[106.7950722,10.860601],[106.7957315,10.8604098],[106.796204,10.8602626],[106.7966726,10.8601149],[106.7968254,10.8600623],[106.7969558,10.8600137],[106.7970822,10.8599509],[106.7971812,10.8598979],[106.7973005,10.8598284],[106.7974049,10.8597596],[106.7974461,10.8597327],[106.7975009,10.8596983],[106.797564,10.8596529],[106.7976404,10.859622],[106.7977406,10.8596206],[106.7978686,10.8595033],[106.7981672,10.8592311],[106.7982379,10.8592315],[106.7982768,10.8592538],[106.7983062,10.8593077],[106.7983097,10.8593692],[106.8037899,10.8619124]]",37,716.139,20,81996;81997;81998;81999;82000;82001;28758;28759;28760;28761;28762;28763;28764;28765;28766;28767;28768;28769;28770;28771;28772;28773;28774;28775;28776;28777;28778;28779;28780;28781;28782;21742;21743;21744;21745;21746;21747,UTRAFFIC-HCM-V6,DERIVED
LM_EDGE_0082,LM_033,LM_043,Xa Lộ Hà Nội → Cầu vượt Trạm 2 → Quốc lộ 1 → Cầu vượt Thủ Đức → Xa lộ Hà Nội → Cầu Suối Cái,AGGREGATED_PATH,SOURCE_DIRECTED_PATH,5350.871,6.710481,1,0,NO_RECORD_IN_SELECTED_SOURCES,"[[106.7888364,10.8589894],[106.788925,10.8585095],[106.7893072,10.8587333],[106.7904411,10.8594106],[106.7915729,10.8600755],[106.7919156,10.8602744],[106.792245,10.8604486],[106.7925556,10.8606401],[106.7926366,10.8607211],[106.7927371,10.8608456],[106.7930812,10.8610511],[106.7943669,10.8618171],[106.7947725,10.8620458],[106.7949551,10.8621355],[106.7950504,10.8621921],[106.7960344,10.862777],[106.796223,10.8628891],[106.7964276,10.8629455],[106.7966148,10.8629888],[106.7966946,10.8629907],[106.7968278,10.8629832],[106.7969484,10.8629515],[106.797061,10.8628978],[106.7971606,10.8628222],[106.7972141,10.8627813],[106.7972685,10.8627186],[106.7973142,10.8626461],[106.7973637,10.8625447],[106.7973883,10.8624624],[106.7974021,10.8623421],[106.7973951,10.8622309],[106.797378,10.8621416],[106.7973468,10.8620349],[106.7972956,10.8619268],[106.7972277,10.8618357],[106.7971422,10.8617446],[106.7970255,10.8616706],[106.7969062,10.8616205],[106.7967992,10.8615983],[106.7966995,10.8615906],[106.7965979,10.8616009],[106.7965016,10.861626],[106.796391,10.8616671],[106.7962608,10.8617433],[106.7960558,10.8618651],[106.7959178,10.8620872],[106.7952438,10.8631382],[106.7951619,10.863268],[106.79506,10.8636169],[106.7950416,10.8637422],[106.7950449,10.8638781],[106.7950602,10.8639672],[106.7950831,10.8640499],[106.795118,10.8641171],[106.7951647,10.8641857],[106.7952282,10.864273],[106.7952923,10.864333],[106.7953378,10.8643774],[106.7954029,10.8644124],[106.7954712,10.8644462],[106.795547,10.864469],[106.7956183,10.8644863],[106.795702,10.8644912],[106.7957889,10.8644889],[106.7958759,10.8644748],[106.7959418,10.8644562],[106.7960249,10.8644366],[106.7961032,10.8643976],[106.7961631,10.8643667],[106.7962323,10.8643121],[106.7962785,10.8642627],[106.7963402,10.8641933],[106.7963923,10.8640996],[106.7964124,10.8640457],[106.7964261,10.8639768],[106.7964391,10.8638879],[106.7964415,10.8638097],[106.7964376,10.8637379],[106.7964231,10.8636521],[106.7964012,10.8635527],[106.7963801,10.8635067],[106.7963341,10.8633964],[106.7962773,10.8632986],[106.7962152,10.8631877],[106.796194,10.8631499],[106.796101,10.8630232],[106.7960261,10.8629774],[106.7954677,10.8626358],[106.7950119,10.862383],[106.7948467,10.8622914],[106.7942659,10.8619363],[106.7929898,10.8611665],[106.7924744,10.8608841],[106.7917439,10.8604461],[106.7912816,10.8601701],[106.790512,10.8597106],[106.7896246,10.8591793],[106.7882037,10.8583287],[106.7879109,10.8581759],[106.7878724,10.8581456],[106.7878177,10.8581167],[106.7877405,10.8580734],[106.7868723,10.857571],[106.7861891,10.8571547],[106.7856554,10.8568262],[106.7854368,10.8566851],[106.7852022,10.8565429],[106.7838587,10.8557659],[106.7823241,10.8548394],[106.781135,10.854156],[106.7806659,10.8538764],[106.7798162,10.8533623],[106.7789051,10.8528222],[106.7784911,10.8525773],[106.7780911,10.8523451],[106.777545,10.8520105],[106.7768619,10.8515834],[106.7765929,10.8514066],[106.776274,10.8512084],[106.7761533,10.8511278],[106.7759085,10.8509641],[106.7757656,10.8508566],[106.7753909,10.8505685],[106.7751783,10.8503921],[106.7749214,10.8502016],[106.7746266,10.8499906],[106.7744742,10.8498433],[106.7743779,10.849723],[106.774187,10.8495308],[106.773966,10.8493081],[106.7738496,10.8491795],[106.7740011,10.8490444],[106.7740931,10.8489642],[106.7742039,10.8488622],[106.7737091,10.848298],[106.7734838,10.8480175],[106.7733054,10.8477712],[106.7730945,10.8474042],[106.7730734,10.8473918],[106.7723836,10.8462429],[106.772368,10.8462169],[106.7721905,10.8459052],[106.7721128,10.845786],[106.7720186,10.8456033],[106.7727016,10.8449562]]",142,157.871,20,81996;81997;81998;81999;82000;82001;57223;57224;24460;24461;24462;24463;45941;45942;45943;28728;28729;28730;28731;28732;28733;28734;28735;28736;28737;28738;28739;28740;28741;28742;28743;28744;28745;28746;28747;28748;28749;28750;28751;28752;28753;28754;28755;45944;21798;21788;28783;28784;28785;28786;28787;28788;28789;28790;28791;28792;28793;28794;28795;28796;28797;28798;28799;28800;28801;28802;28803;28804;28805;28806;28807;28808;28809;28810;28811;28812;28813;28814;28815;28816;28817;46078;46079;46080;45939;45940;17304;17305;17306;17307;17308;52215;52216;52217;52218;52219;52220;52221;52222;52223;52224;17303;18037;18038;18039;18040;18041;18042;18043;18044;18045;18046;18047;18048;18049;18050;18051;18052;69499;69500;69501;69502;69503;69504;82058;33671;33672;33673;33674;29908;29892;29893;65640;65638;65636;65634;65632;65630;65628;65626;65624;65622,UTRAFFIC-HCM-V6,DERIVED
LM_EDGE_0083,LM_033,LM_045,Xa Lộ Hà Nội → Cầu vượt Trạm 2 → Quốc lộ 1 → Cầu vượt Thủ Đức → Xa lộ Hà Nội → Đường D1,AGGREGATED_PATH,SOURCE_DIRECTED_PATH,4583.279,6.483475,1,0,NO_RECORD_IN_SELECTED_SOURCES,"[[106.7888364,10.8589894],[106.788925,10.8585095],[106.7893072,10.8587333],[106.7904411,10.8594106],[106.7915729,10.8600755],[106.7919156,10.8602744],[106.792245,10.8604486],[106.7925556,10.8606401],[106.7926366,10.8607211],[106.7927371,10.8608456],[106.7930812,10.8610511],[106.7943669,10.8618171],[106.7947725,10.8620458],[106.7949551,10.8621355],[106.7950504,10.8621921],[106.7960344,10.862777],[106.796223,10.8628891],[106.7964276,10.8629455],[106.7966148,10.8629888],[106.7966946,10.8629907],[106.7968278,10.8629832],[106.7969484,10.8629515],[106.797061,10.8628978],[106.7971606,10.8628222],[106.7972141,10.8627813],[106.7972685,10.8627186],[106.7973142,10.8626461],[106.7973637,10.8625447],[106.7973883,10.8624624],[106.7974021,10.8623421],[106.7973951,10.8622309],[106.797378,10.8621416],[106.7973468,10.8620349],[106.7972956,10.8619268],[106.7972277,10.8618357],[106.7971422,10.8617446],[106.7970255,10.8616706],[106.7969062,10.8616205],[106.7967992,10.8615983],[106.7966995,10.8615906],[106.7965979,10.8616009],[106.7965016,10.861626],[106.796391,10.8616671],[106.7962608,10.8617433],[106.7960558,10.8618651],[106.7959178,10.8620872],[106.7952438,10.8631382],[106.7951619,10.863268],[106.79506,10.8636169],[106.7950416,10.8637422],[106.7950449,10.8638781],[106.7950602,10.8639672],[106.7950831,10.8640499],[106.795118,10.8641171],[106.7951647,10.8641857],[106.7952282,10.864273],[106.7952923,10.864333],[106.7953378,10.8643774],[106.7954029,10.8644124],[106.7954712,10.8644462],[106.795547,10.864469],[106.7956183,10.8644863],[106.795702,10.8644912],[106.7957889,10.8644889],[106.7958759,10.8644748],[106.7959418,10.8644562],[106.7960249,10.8644366],[106.7961032,10.8643976],[106.7961631,10.8643667],[106.7962323,10.8643121],[106.7962785,10.8642627],[106.7963402,10.8641933],[106.7963923,10.8640996],[106.7964124,10.8640457],[106.7964261,10.8639768],[106.7964391,10.8638879],[106.7964415,10.8638097],[106.7964376,10.8637379],[106.7964231,10.8636521],[106.7964012,10.8635527],[106.7963801,10.8635067],[106.7963341,10.8633964],[106.7962773,10.8632986],[106.7962152,10.8631877],[106.796194,10.8631499],[106.796101,10.8630232],[106.7960261,10.8629774],[106.7954677,10.8626358],[106.7950119,10.862383],[106.7948467,10.8622914],[106.7942659,10.8619363],[106.7929898,10.8611665],[106.7924744,10.8608841],[106.7917439,10.8604461],[106.7912816,10.8601701],[106.790512,10.8597106],[106.7896246,10.8591793],[106.7882037,10.8583287],[106.7879109,10.8581759],[106.7878724,10.8581456],[106.7878177,10.8581167],[106.7877405,10.8580734],[106.7878255,10.8578972],[106.7878674,10.8578264],[106.7879296,10.8577215],[106.7879693,10.8576546],[106.7884864,10.8568253],[106.7889902,10.8559747],[106.7891001,10.8558423],[106.7891544,10.8557435],[106.7892352,10.8556189],[106.7893105,10.8555228],[106.7894087,10.8554229],[106.7895137,10.8553493],[106.7896638,10.8552604],[106.7898792,10.8551671],[106.7906285,10.8549713],[106.7922535,10.8545325],[106.7938763,10.8541007],[106.7951905,10.8537494],[106.7952366,10.8537381],[106.795389,10.8537009],[106.7956094,10.8536335],[106.7957912,10.853564],[106.7959418,10.8535045],[106.7961026,10.8534144],[106.7962846,10.8532902],[106.7964217,10.8531941],[106.7969025,10.8527613],[106.7978848,10.8518386],[106.7980975,10.8516348],[106.798572,10.8511801],[106.7990756,10.8506974],[106.7990996,10.8500499]]",131,126.279,20,81996;81997;81998;81999;82000;82001;57223;57224;24460;24461;24462;24463;45941;45942;45943;28728;28729;28730;28731;28732;28733;28734;28735;28736;28737;28738;28739;28740;28741;28742;28743;28744;28745;28746;28747;28748;28749;28750;28751;28752;28753;28754;28755;45944;21798;21788;28783;28784;28785;28786;28787;28788;28789;28790;28791;28792;28793;28794;28795;28796;28797;28798;28799;28800;28801;28802;28803;28804;28805;28806;28807;28808;28809;28810;28811;28812;28813;28814;28815;28816;28817;46078;46079;46080;45939;45940;17304;17305;17306;17307;17308;52215;52216;52217;52218;52219;52220;52221;52222;52223;29780;29781;29782;29783;29784;29785;29786;29787;29788;29789;29790;29791;29792;29793;29794;29795;29796;29797;29798;29799;29800;29801;29802;29803;29804;29805;29806;29807;29808;29809;29810,UTRAFFIC-HCM-V6,DERIVED
LM_EDGE_0084,LM_033,LM_053,Xa Lộ Hà Nội → Cầu vượt Trạm 2 → Quốc lộ 1 → Cầu vượt Thủ Đức,AGGREGATED_PATH,SOURCE_DIRECTED_PATH,2782.585,5.389488,1,0,NO_RECORD_IN_SELECTED_SOURCES,"[[106.7888364,10.8589894],[106.788925,10.8585095],[106.7893072,10.8587333],[106.7904411,10.8594106],[106.7915729,10.8600755],[106.7919156,10.8602744],[106.792245,10.8604486],[106.7925556,10.8606401],[106.7926366,10.8607211],[106.7927371,10.8608456],[106.7930812,10.8610511],[106.7943669,10.8618171],[106.7947725,10.8620458],[106.7949551,10.8621355],[106.7950504,10.8621921],[106.7960344,10.862777],[106.796223,10.8628891],[106.7964276,10.8629455],[106.7966148,10.8629888],[106.7966946,10.8629907],[106.7968278,10.8629832],[106.7969484,10.8629515],[106.797061,10.8628978],[106.7971606,10.8628222],[106.7972141,10.8627813],[106.7972685,10.8627186],[106.7973142,10.8626461],[106.7973637,10.8625447],[106.7973883,10.8624624],[106.7974021,10.8623421],[106.7973951,10.8622309],[106.797378,10.8621416],[106.7973468,10.8620349],[106.7972956,10.8619268],[106.7972277,10.8618357],[106.7971422,10.8617446],[106.7970255,10.8616706],[106.7969062,10.8616205],[106.7967992,10.8615983],[106.7966995,10.8615906],[106.7965979,10.8616009],[106.7965016,10.861626],[106.796391,10.8616671],[106.7962608,10.8617433],[106.7960558,10.8618651],[106.7959178,10.8620872],[106.7952438,10.8631382],[106.7951619,10.863268],[106.79506,10.8636169],[106.7950416,10.8637422],[106.7950449,10.8638781],[106.7950602,10.8639672],[106.7950831,10.8640499],[106.795118,10.8641171],[106.7951647,10.8641857],[106.7952282,10.864273],[106.7952923,10.864333],[106.7953378,10.8643774],[106.7954029,10.8644124],[106.7954712,10.8644462],[106.795547,10.864469],[106.7956183,10.8644863],[106.795702,10.8644912],[106.7957889,10.8644889],[106.7958759,10.8644748],[106.7959418,10.8644562],[106.7960249,10.8644366],[106.7961032,10.8643976],[106.7961631,10.8643667],[106.7962323,10.8643121],[106.7962785,10.8642627],[106.7963402,10.8641933],[106.8034308,10.8699883]]",70,1061.585,20,81996;81997;81998;81999;82000;82001;57223;57224;24460;24461;24462;24463;45941;45942;45943;28728;28729;28730;28731;28732;28733;28734;28735;28736;28737;28738;28739;28740;28741;28742;28743;28744;28745;28746;28747;28748;28749;28750;28751;28752;28753;28754;28755;45944;21798;21788;28783;28784;28785;28786;28787;28788;28789;28790;28791;28792;28793;28794;28795;28796;28797;28798;28799;28800;28801;28802;28803;28804;28805;28806,UTRAFFIC-HCM-V6,DERIVED
LM_EDGE_0085,LM_034,LM_002,Quốc lộ 1 → Cầu vượt Thủ Đức → Cầu vượt Trạm 2,AGGREGATED_PATH,SOURCE_DIRECTED_PATH,2051.138,4.730080,1,0,NO_RECORD_IN_SELECTED_SOURCES,"[[106.8037899,10.8619124],[106.7983097,10.8593692],[106.7982698,10.85942],[106.7982172,10.8594613],[106.7979945,10.8596177],[106.7975535,10.8600202],[106.7972652,10.8602853],[106.7970956,10.8604584],[106.7969401,10.8606136],[106.7967757,10.860797],[106.7965998,10.8610122],[106.7963794,10.8613494],[106.7961718,10.8616661],[106.7960558,10.8618651],[106.7959178,10.8620872],[106.7952438,10.8631382],[106.7951619,10.863268],[106.79506,10.8636169],[106.7950416,10.8637422],[106.7950449,10.8638781],[106.7950602,10.8639672],[106.7950831,10.8640499],[106.795118,10.8641171],[106.7951647,10.8641857],[106.7952282,10.864273],[106.7952923,10.864333],[106.7953378,10.8643774],[106.7954029,10.8644124],[106.7954712,10.8644462],[106.795547,10.864469],[106.7956183,10.8644863],[106.795702,10.8644912],[106.7957889,10.8644889],[106.7958759,10.8644748],[106.7959418,10.8644562],[106.7960249,10.8644366],[106.7961032,10.8643976],[106.7961631,10.8643667],[106.7962323,10.8643121],[106.7962785,10.8642627],[106.7963402,10.8641933],[106.7963923,10.8640996],[106.8012008,10.8662985]]",40,1241.138,20,21748;21749;21750;21751;21752;21753;21754;21755;21756;21757;21758;21759;45944;21798;21788;28783;28784;28785;28786;28787;28788;28789;28790;28791;28792;28793;28794;28795;28796;28797;28798;28799;28800;28801;28802;28803;28804;28805;28806;28807,UTRAFFIC-HCM-V6,DERIVED
LM_EDGE_0086,LM_034,LM_053,Quốc lộ 1 → Cầu vượt Thủ Đức → Cầu vượt Trạm 2,AGGREGATED_PATH,SOURCE_DIRECTED_PATH,2468.259,5.999776,1,0,NO_RECORD_IN_SELECTED_SOURCES,"[[106.8037899,10.8619124],[106.7983097,10.8593692],[106.7982698,10.85942],[106.7982172,10.8594613],[106.7979945,10.8596177],[106.7975535,10.8600202],[106.7972652,10.8602853],[106.7970956,10.8604584],[106.7969401,10.8606136],[106.7967757,10.860797],[106.7965998,10.8610122],[106.7963794,10.8613494],[106.7961718,10.8616661],[106.7960558,10.8618651],[106.7959178,10.8620872],[106.7952438,10.8631382],[106.7951619,10.863268],[106.79506,10.8636169],[106.7950416,10.8637422],[106.7950449,10.8638781],[106.7950602,10.8639672],[106.7950831,10.8640499],[106.795118,10.8641171],[106.7951647,10.8641857],[106.7952282,10.864273],[106.7952923,10.864333],[106.7953378,10.8643774],[106.7954029,10.8644124],[106.7954712,10.8644462],[106.795547,10.864469],[106.7956183,10.8644863],[106.795702,10.8644912],[106.7957889,10.8644889],[106.7958759,10.8644748],[106.7959418,10.8644562],[106.7960249,10.8644366],[106.7961032,10.8643976],[106.7961631,10.8643667],[106.7962323,10.8643121],[106.7962785,10.8642627],[106.7963402,10.8641933],[106.8034308,10.8699883]]",39,1669.259,20,21748;21749;21750;21751;21752;21753;21754;21755;21756;21757;21758;21759;45944;21798;21788;28783;28784;28785;28786;28787;28788;28789;28790;28791;28792;28793;28794;28795;28796;28797;28798;28799;28800;28801;28802;28803;28804;28805;28806,UTRAFFIC-HCM-V6,DERIVED
LM_EDGE_0087,LM_035,LM_009,Lê Văn Việt → Cầu Bến Nọc,AGGREGATED_PATH,SOURCE_DIRECTED_PATH,4964.139,10.320417,1,0,NO_RECORD_IN_SELECTED_SOURCES,"[[106.7965034,10.8427121],[106.796038,10.8458053],[106.7974888,10.8461855],[106.7977846,10.846263],[106.7985861,10.8464453],[106.7995546,10.8467038],[106.7997962,10.8467649],[106.800069,10.846825],[106.800502,10.8469342],[106.8009245,10.8470621],[106.8018107,10.8472499],[106.8022741,10.8473413],[106.8028754,10.847484],[106.8035464,10.847649],[106.8043351,10.847848],[106.804874,10.8479938],[106.8056166,10.8481762],[106.8063778,10.8483532],[106.8079401,10.8487152],[106.8087357,10.8489143],[106.809722,10.8491714],[106.8101431,10.8492939],[106.8103716,10.8493578],[106.8113328,10.8495947],[106.8116757,10.8496704],[106.8123163,10.8498393],[106.8124083,10.8498488],[106.8125033,10.8498871],[106.8134646,10.8500875],[106.8135758,10.850188],[106.8134227,10.8502038],[106.8133861,10.8502034],[106.8124926,10.8499714],[106.8124522,10.849961],[106.8124066,10.8499538],[106.8123671,10.849941],[106.8122693,10.8499263],[106.8116647,10.8497721],[106.8113211,10.8496909],[106.8102737,10.8494435],[106.8102106,10.8494264],[106.8100983,10.8494005],[106.8096769,10.8492936],[106.8086646,10.8490368],[106.8080977,10.8489144],[106.8078666,10.8488562],[106.8063229,10.8484783],[106.8055673,10.848304],[106.8048683,10.8481268],[106.8042967,10.8480013],[106.8038624,10.847895],[106.8020493,10.8474472],[106.800806,10.8472009],[106.8001395,10.8469941],[106.7994787,10.8468416],[106.7977371,10.8464195],[106.7974294,10.8463375],[106.7959807,10.8459516],[106.7955966,10.8458494],[106.7940583,10.8454386],[106.7936366,10.845326],[106.7927714,10.8451321],[106.7922214,10.8449942],[106.7921144,10.844963],[106.7915753,10.8448208],[106.7914051,10.8447812],[106.7902328,10.8445007],[106.7902318,10.8449005]]",65,392.139,20,13349;13350;13351;13352;13353;13354;13355;13356;13357;13358;13359;13360;13361;13362;17429;17430;17431;17432;17433;17434;17435;17436;17437;17438;17439;17440;17441;17442;78674;78675;78676;78677;78678;78679;78680;78681;78682;78683;78684;78685;78686;78687;78688;78689;78690;78691;78653;78654;78655;78656;78657;78658;78659;78660;78661;78662;78663;78664;78665;78666;78667;78668;78669;78670;78671,UTRAFFIC-HCM-V6,DERIVED
LM_EDGE_0088,LM_035,LM_016,Lê Văn Việt → Cầu Bến Nọc → Nguyễn Văn Tăng,AGGREGATED_PATH,SOURCE_DIRECTED_PATH,3505.465,7.224395,1,0,NO_RECORD_IN_SELECTED_SOURCES,"[[106.7965034,10.8427121],[106.796038,10.8458053],[106.7974888,10.8461855],[106.7977846,10.846263],[106.7985861,10.8464453],[106.7995546,10.8467038],[106.7997962,10.8467649],[106.800069,10.846825],[106.800502,10.8469342],[106.8009245,10.8470621],[106.8018107,10.8472499],[106.8022741,10.8473413],[106.8028754,10.847484],[106.8035464,10.847649],[106.8043351,10.847848],[106.804874,10.8479938],[106.8056166,10.8481762],[106.8063778,10.8483532],[106.8079401,10.8487152],[106.8087357,10.8489143],[106.809722,10.8491714],[106.8101431,10.8492939],[106.8103716,10.8493578],[106.8113328,10.8495947],[106.8116757,10.8496704],[106.8123163,10.8498393],[106.8124083,10.8498488],[106.8125033,10.8498871],[106.8134646,10.8500875],[106.8135758,10.850188],[106.8136961,10.8502158],[106.8138141,10.8500052],[106.8140378,10.8497206],[106.8141247,10.84961],[106.814456,10.8491885],[106.8150061,10.8484434],[106.8153061,10.8479957],[106.8161752,10.8468972],[106.8166058,10.8463678],[106.8167499,10.8461789],[106.8172162,10.8455677],[106.8177794,10.8448294],[106.8182001,10.8442372],[106.8184264,10.8439185],[106.8185558,10.8437551],[106.8186637,10.843625],[106.8186929,10.8435936],[106.8187271,10.8435569],[106.8187622,10.8435191],[106.8188762,10.8434162],[106.8190388,10.8433013],[106.8191302,10.8432366],[106.8192502,10.8431543],[106.8195506,10.8429485],[106.8187339,10.841778]]",52,505.465,20,13349;13350;13351;13352;13353;13354;13355;13356;13357;13358;13359;13360;13361;13362;17429;17430;17431;17432;17433;17434;17435;17436;17437;17438;17439;17440;17441;17442;78651;10478;10476;10474;10472;10470;10468;10466;10464;10462;10460;10458;10456;10454;10452;10450;10448;10446;10444;10442;10440;10438;10436;10434,UTRAFFIC-HCM-V6,DERIVED
LM_EDGE_0089,LM_035,LM_027,Lê Văn Việt → Cầu Bến Nọc,AGGREGATED_PATH,SOURCE_DIRECTED_PATH,5177.628,10.767603,1,0,NO_RECORD_IN_SELECTED_SOURCES,"[[106.7965034,10.8427121],[106.796038,10.8458053],[106.7974888,10.8461855],[106.7977846,10.846263],[106.7985861,10.8464453],[106.7995546,10.8467038],[106.7997962,10.8467649],[106.800069,10.846825],[106.800502,10.8469342],[106.8009245,10.8470621],[106.8018107,10.8472499],[106.8022741,10.8473413],[106.8028754,10.847484],[106.8035464,10.847649],[106.8043351,10.847848],[106.804874,10.8479938],[106.8056166,10.8481762],[106.8063778,10.8483532],[106.8079401,10.8487152],[106.8087357,10.8489143],[106.809722,10.8491714],[106.8101431,10.8492939],[106.8103716,10.8493578],[106.8113328,10.8495947],[106.8116757,10.8496704],[106.8123163,10.8498393],[106.8124083,10.8498488],[106.8125033,10.8498871],[106.8134646,10.8500875],[106.8135758,10.850188],[106.8134227,10.8502038],[106.8133861,10.8502034],[106.8124926,10.8499714],[106.8124522,10.849961],[106.8124066,10.8499538],[106.8123671,10.849941],[106.8122693,10.8499263],[106.8116647,10.8497721],[106.8113211,10.8496909],[106.8102737,10.8494435],[106.8102106,10.8494264],[106.8100983,10.8494005],[106.8096769,10.8492936],[106.8086646,10.8490368],[106.8080977,10.8489144],[106.8078666,10.8488562],[106.8063229,10.8484783],[106.8055673,10.848304],[106.8048683,10.8481268],[106.8042967,10.8480013],[106.8038624,10.847895],[106.8020493,10.8474472],[106.800806,10.8472009],[106.8001395,10.8469941],[106.7994787,10.8468416],[106.7977371,10.8464195],[106.7974294,10.8463375],[106.7959807,10.8459516],[106.7955966,10.8458494],[106.7940583,10.8454386],[106.7936366,10.845326],[106.7927714,10.8451321],[106.7922214,10.8449942],[106.7921144,10.844963],[106.7915753,10.8448208],[106.7914051,10.8447812],[106.7902328,10.8445007],[106.7902304,10.8444998],[106.7899957,10.8444366],[106.7897853,10.8444152],[106.7895455,10.8444313],[106.7893305,10.8444558],[106.7891083,10.8445199],[106.7889935,10.844556],[106.7887348,10.8446153],[106.7886125,10.8446244],[106.7884825,10.8446777],[106.787967,10.8443916]]",75,412.347,20,13349;13350;13351;13352;13353;13354;13355;13356;13357;13358;13359;13360;13361;13362;17429;17430;17431;17432;17433;17434;17435;17436;17437;17438;17439;17440;17441;17442;78674;78675;78676;78677;78678;78679;78680;78681;78682;78683;78684;78685;78686;78687;78688;78689;78690;78691;78653;78654;78655;78656;78657;78658;78659;78660;78661;78662;78663;78664;78665;78666;78667;78668;78669;78670;78671;78672;78673;78869;78870;78871;78872;78873;78874;78875;78650,UTRAFFIC-HCM-V6,DERIVED
LM_EDGE_0090,LM_035,LM_038,Lê Văn Việt → Cầu Bến Nọc,AGGREGATED_PATH,SOURCE_DIRECTED_PATH,5920.113,12.320059,1,0,NO_RECORD_IN_SELECTED_SOURCES,"[[106.7965034,10.8427121],[106.796038,10.8458053],[106.7974888,10.8461855],[106.7977846,10.846263],[106.7985861,10.8464453],[106.7995546,10.8467038],[106.7997962,10.8467649],[106.800069,10.846825],[106.800502,10.8469342],[106.8009245,10.8470621],[106.8018107,10.8472499],[106.8022741,10.8473413],[106.8028754,10.847484],[106.8035464,10.847649],[106.8043351,10.847848],[106.804874,10.8479938],[106.8056166,10.8481762],[106.8063778,10.8483532],[106.8079401,10.8487152],[106.8087357,10.8489143],[106.809722,10.8491714],[106.8101431,10.8492939],[106.8103716,10.8493578],[106.8113328,10.8495947],[106.8116757,10.8496704],[106.8123163,10.8498393],[106.8124083,10.8498488],[106.8125033,10.8498871],[106.8134646,10.8500875],[106.8135758,10.850188],[106.8134227,10.8502038],[106.8133861,10.8502034],[106.8124926,10.8499714],[106.8124522,10.849961],[106.8124066,10.8499538],[106.8123671,10.849941],[106.8122693,10.8499263],[106.8116647,10.8497721],[106.8113211,10.8496909],[106.8102737,10.8494435],[106.8102106,10.8494264],[106.8100983,10.8494005],[106.8096769,10.8492936],[106.8086646,10.8490368],[106.8080977,10.8489144],[106.8078666,10.8488562],[106.8063229,10.8484783],[106.8055673,10.848304],[106.8048683,10.8481268],[106.8042967,10.8480013],[106.8038624,10.847895],[106.8020493,10.8474472],[106.800806,10.8472009],[106.8001395,10.8469941],[106.7994787,10.8468416],[106.7977371,10.8464195],[106.7974294,10.8463375],[106.7959807,10.8459516],[106.7955966,10.8458494],[106.7940583,10.8454386],[106.7936366,10.845326],[106.7927714,10.8451321],[106.7922214,10.8449942],[106.7921144,10.844963],[106.7915753,10.8448208],[106.7914051,10.8447812],[106.7902328,10.8445007],[106.7902304,10.8444998],[106.7899957,10.8444366],[106.7897853,10.8444152],[106.7895455,10.8444313],[106.7893305,10.8444558],[106.7891083,10.8445199],[106.7889935,10.844556],[106.7887348,10.8446153],[106.7886125,10.8446244],[106.7887163,10.8445367],[106.78929,10.8443281],[106.7898245,10.8442891],[106.7899445,10.8443071],[106.7907283,10.8444866],[106.7914293,10.8446468],[106.7915839,10.844684],[106.7917739,10.8447424],[106.7922751,10.8448678],[106.7928171,10.8449905],[106.7930683,10.8450461],[106.7934757,10.8451449],[106.7936764,10.8452011],[106.7939532,10.8452755],[106.7942994,10.8453582],[106.7947945,10.8455078],[106.7944796,10.8466553]]",90,479.833,20,13349;13350;13351;13352;13353;13354;13355;13356;13357;13358;13359;13360;13361;13362;17429;17430;17431;17432;17433;17434;17435;17436;17437;17438;17439;17440;17441;17442;78674;78675;78676;78677;78678;78679;78680;78681;78682;78683;78684;78685;78686;78687;78688;78689;78690;78691;78653;78654;78655;78656;78657;78658;78659;78660;78661;78662;78663;78664;78665;78666;78667;78668;78669;78670;78671;78672;78673;78869;78870;78871;78872;78873;78874;78875;13330;13331;13332;13333;13334;13335;13336;13337;13338;13339;13340;13341;13342;13343;13344;13345,UTRAFFIC-HCM-V6,DERIVED
LM_EDGE_0091,LM_035,LM_039,Lê Văn Việt → Cầu Bến Nọc,AGGREGATED_PATH,SOURCE_DIRECTED_PATH,4890.410,10.525230,1,0,NO_RECORD_IN_SELECTED_SOURCES,"[[106.7965034,10.8427121],[106.796038,10.8458053],[106.7974888,10.8461855],[106.7977846,10.846263],[106.7985861,10.8464453],[106.7995546,10.8467038],[106.7997962,10.8467649],[106.800069,10.846825],[106.800502,10.8469342],[106.8009245,10.8470621],[106.8018107,10.8472499],[106.8022741,10.8473413],[106.8028754,10.847484],[106.8035464,10.847649],[106.8043351,10.847848],[106.804874,10.8479938],[106.8056166,10.8481762],[106.8063778,10.8483532],[106.8079401,10.8487152],[106.8087357,10.8489143],[106.809722,10.8491714],[106.8101431,10.8492939],[106.8103716,10.8493578],[106.8113328,10.8495947],[106.8116757,10.8496704],[106.8123163,10.8498393],[106.8124083,10.8498488],[106.8125033,10.8498871],[106.8134646,10.8500875],[106.8135758,10.850188],[106.8134227,10.8502038],[106.8133861,10.8502034],[106.8124926,10.8499714],[106.8124522,10.849961],[106.8124066,10.8499538],[106.8123671,10.849941],[106.8122693,10.8499263],[106.8116647,10.8497721],[106.8113211,10.8496909],[106.8102737,10.8494435],[106.8102106,10.8494264],[106.8100983,10.8494005],[106.8096769,10.8492936],[106.8086646,10.8490368],[106.8080977,10.8489144],[106.8078666,10.8488562],[106.8063229,10.8484783],[106.8055673,10.848304],[106.8048683,10.8481268],[106.8042967,10.8480013],[106.8038624,10.847895],[106.8020493,10.8474472],[106.800806,10.8472009],[106.8001395,10.8469941],[106.7994787,10.8468416],[106.7977371,10.8464195],[106.7974294,10.8463375],[106.7959807,10.8459516],[106.7955966,10.8458494],[106.7940583,10.8454386],[106.7933979,10.848947]]",58,744.410,20,13349;13350;13351;13352;13353;13354;13355;13356;13357;13358;13359;13360;13361;13362;17429;17430;17431;17432;17433;17434;17435;17436;17437;17438;17439;17440;17441;17442;78674;78675;78676;78677;78678;78679;78680;78681;78682;78683;78684;78685;78686;78687;78688;78689;78690;78691;78653;78654;78655;78656;78657;78658;78659;78660;78661;78662;78663;78664,UTRAFFIC-HCM-V6,DERIVED
LM_EDGE_0092,LM_035,LM_054,Lê Văn Việt → Cầu Bến Nọc → D28 → Dủổng D28 → Phường Long Thạnh Mỹ → D1,AGGREGATED_PATH,SOURCE_DIRECTED_PATH,3827.493,7.468478,1,0,NO_RECORD_IN_SELECTED_SOURCES,"[[106.7965034,10.8427121],[106.796038,10.8458053],[106.7974888,10.8461855],[106.7977846,10.846263],[106.7985861,10.8464453],[106.7995546,10.8467038],[106.7997962,10.8467649],[106.800069,10.846825],[106.800502,10.8469342],[106.8009245,10.8470621],[106.8018107,10.8472499],[106.8022741,10.8473413],[106.8028754,10.847484],[106.8035464,10.847649],[106.8043351,10.847848],[106.804874,10.8479938],[106.8056166,10.8481762],[106.8063778,10.8483532],[106.8079401,10.8487152],[106.8087357,10.8489143],[106.8101054,10.8476754],[106.8133146,10.8446969],[106.8143846,10.8437165],[106.8152411,10.842956],[106.8144648,10.8421655],[106.8143938,10.8420932],[106.8139664,10.8416579],[106.8134978,10.8411553],[106.813152,10.8407877],[106.8120572,10.8396041],[106.8120384,10.839587],[106.812017,10.8395699],[106.8119472,10.839529],[106.8111072,10.8395091],[106.8109801,10.8395894],[106.8107115,10.8398127],[106.8088152,10.8416298],[106.8100399,10.8414179]]",35,483.493,20,13349;13350;13351;13352;13353;13354;13355;13356;13357;13358;13359;13360;13361;13362;17429;17430;17431;17432;48831;48829;48827;48825;48823;48821;48819;48791;48839;48837;48835;48833;48785;48793;43472;43473;43474,UTRAFFIC-HCM-V6,DERIVED
LM_EDGE_0093,LM_036,LM_047,Võ Văn Ngân → Nguyễn Văn Bá,AGGREGATED_PATH,SOURCE_DIRECTED_PATH,1960.403,4.011529,1,0,NO_RECORD_IN_SELECTED_SOURCES,"[[106.7602131,10.8509752],[106.7599916,10.8505632],[106.7605813,10.8505352],[106.7606534,10.8505318],[106.7614064,10.8505096],[106.7614694,10.8505048],[106.7617558,10.8504725],[106.7619426,10.8504684],[106.7619488,10.8504679],[106.7621571,10.8505337],[106.7622275,10.8505728],[106.7627181,10.8508455],[106.7627924,10.8508571],[106.7628546,10.8508668],[106.7631701,10.8508376],[106.7633565,10.8508203],[106.764082,10.8507531],[106.7644072,10.8507057],[106.7645707,10.8506968],[106.7646074,10.8506948],[106.7648603,10.8506809],[106.7650663,10.8506618],[106.765291,10.8506516],[106.7654908,10.8506056],[106.7655226,10.8506045],[106.7659967,10.8505874],[106.766105,10.8505793],[106.7662545,10.8505681],[106.7668324,10.8505032],[106.7669872,10.8504858],[106.7670483,10.8504691],[106.7671141,10.8504383],[106.7672009,10.8504031],[106.7673061,10.8503372],[106.7673348,10.8503303],[106.7674401,10.8502335],[106.7675267,10.8500886],[106.7676702,10.8499388],[106.7677515,10.849871],[106.7679112,10.8498162],[106.7680585,10.8497858],[106.7682294,10.8497623],[106.7685414,10.8497547],[106.7690261,10.8497476],[106.7691774,10.8497454],[106.7695723,10.849745],[106.7700202,10.8497442],[106.7710929,10.8497041],[106.7715058,10.8496997],[106.7715338,10.8496965],[106.7715732,10.8496933],[106.7717814,10.8496844],[106.7719978,10.8496661],[106.7721386,10.8496174],[106.7721976,10.8495884],[106.7729567,10.8495529],[106.7731014,10.8494741],[106.7731731,10.8494398],[106.7732164,10.8494348],[106.7731994,10.8493702],[106.7731733,10.8492918],[106.7729343,10.8488911],[106.7724049,10.848047],[106.7718977,10.847152],[106.7713523,10.8462169],[106.7716521,10.8464061]]",63,90.724,20,52100;52102;52104;52106;52108;52110;52112;52114;52116;52118;52120;52122;52124;52126;52128;52130;52132;52134;52136;52138;52140;52142;52144;52146;52148;52150;52152;52154;52156;52158;52160;52162;58274;58276;58278;58280;58282;58284;58286;58288;58290;58490;58492;58494;58496;58498;58500;58502;58504;52086;52088;29898;29899;29900;29751;29752;29753;57953;57951;57949;57947;57945;57943,UTRAFFIC-HCM-V6,DERIVED
LM_EDGE_0094,LM_036,LM_055,Võ Văn Ngân → Kha Vạn Cân → Tô Ngọc Vân,AGGREGATED_PATH,SOURCE_DIRECTED_PATH,2477.472,5.035416,1,0,NO_RECORD_IN_SELECTED_SOURCES,"[[106.7602131,10.8509752],[106.7599916,10.8505632],[106.7598726,10.8505703],[106.7597097,10.8505759],[106.759378,10.850597],[106.7588251,10.8506322],[106.7586699,10.8505984],[106.7583912,10.8508014],[106.7580574,10.8509701],[106.7575574,10.8511374],[106.7573208,10.8512115],[106.7570876,10.8512498],[106.7568863,10.8512421],[106.7567647,10.8512375],[106.7566862,10.851227],[106.7565153,10.8512042],[106.7561144,10.8511402],[106.7560336,10.8511346],[106.7559921,10.8511326],[106.7559262,10.8511306],[106.7558304,10.8511277],[106.7557775,10.8511369],[106.7556645,10.8511418],[106.7554761,10.8511526],[106.7554506,10.8511579],[106.7551817,10.8511813],[106.7550306,10.851171],[106.7550156,10.8511958],[106.7549931,10.8512144],[106.7549657,10.8512247],[106.7549537,10.8512321],[106.7549115,10.8512184],[106.7548899,10.8512045],[106.7546545,10.8512565],[106.7543369,10.8512632],[106.7536329,10.8512781],[106.7535846,10.8512781],[106.7535187,10.8513248],[106.753491,10.8513541],[106.753294,10.8516274],[106.7531231,10.8519544],[106.7530199,10.8521555],[106.7529428,10.8523373],[106.7527447,10.8524842],[106.7526385,10.852563],[106.7519554,10.8529935],[106.7517948,10.8530695],[106.7516469,10.8531573],[106.7514466,10.8533479],[106.7513673,10.8534366],[106.7512935,10.8535126],[106.7511235,10.8537487],[106.7510317,10.8539078],[106.750961,10.8540608],[106.7508902,10.8542554],[106.7508721,10.8543864],[106.7508499,10.8545007],[106.7507816,10.854853],[106.7507481,10.8549774],[106.7505955,10.8555432],[106.7505338,10.8557721],[106.7503978,10.8560725],[106.7503391,10.8562022],[106.7502267,10.8564175],[106.7500647,10.8567102],[106.7499649,10.8568348],[106.7498271,10.8570778],[106.749693,10.8573018],[106.7496496,10.8573521],[106.7495305,10.8574901],[106.7493657,10.8576811],[106.7492672,10.8578034],[106.7490814,10.8580341],[106.749019,10.8581357],[106.7489518,10.858245],[106.7489017,10.8583265],[106.7486316,10.8588251],[106.7485805,10.8589234],[106.7484422,10.8591634],[106.7482893,10.8594289],[106.7481177,10.8596669],[106.7477818,10.8596536],[106.7474172,10.8596486],[106.7472491,10.8596497],[106.7471517,10.859653],[106.7468774,10.8596855],[106.7466347,10.8599073],[106.7462624,10.8602731],[106.7458633,10.8606651],[106.745616,10.8608764],[106.7453347,10.8611933],[106.7450857,10.8614029],[106.7450368,10.8614441],[106.7446851,10.8617072],[106.7445396,10.8618279],[106.744429,10.8619196],[106.7443078,10.8620201],[106.7442141,10.8620989],[106.7440598,10.8622103],[106.7437813,10.8623844],[106.7437487,10.8626402]]",98,80.472,20,52099;52097;52095;52093;52091;10356;10354;10352;10350;10348;10346;10344;10342;10340;10338;10336;10334;10332;10330;10328;10326;10324;10322;10320;10318;37510;37511;37512;37513;37514;37515;16682;16680;16678;16676;16674;16672;16670;16668;16666;16664;16662;16660;16658;16656;16654;16652;16650;16648;16646;16644;16642;16640;16638;16636;16634;16632;16630;16628;16626;16624;16622;16620;16618;16616;16614;16612;16610;16608;16606;16604;16602;16600;16598;16596;16594;16592;16590;16588;56207;56205;56203;56201;56199;56197;56195;56193;56191;56189;56187;56185;56183;56181;56179;56177;56175;56173;56171,UTRAFFIC-HCM-V6,DERIVED
LM_EDGE_0095,LM_036,LM_065,Võ Văn Ngân,AGGREGATED_PATH,SOURCE_DIRECTED_PATH,707.399,1.543517,1,0,NO_RECORD_IN_SELECTED_SOURCES,"[[106.7602131,10.8509752],[106.7599916,10.8505632],[106.7605813,10.8505352],[106.7606534,10.8505318],[106.7614064,10.8505096],[106.7614694,10.8505048],[106.7617558,10.8504725],[106.7619426,10.8504684],[106.7619488,10.8504679],[106.7621571,10.8505337],[106.7622275,10.8505728],[106.7627181,10.8508455],[106.7627924,10.8508571],[106.7628546,10.8508668],[106.7631701,10.8508376],[106.7633565,10.8508203],[106.764082,10.8507531],[106.7644072,10.8507057],[106.7645707,10.8506968],[106.7646074,10.8506948],[106.7648603,10.8506809],[106.7650663,10.8506618],[106.765291,10.8506516],[106.7651648,10.8499711]]",21,128.719,20,52100;52102;52104;52106;52108;52110;52112;52114;52116;52118;52120;52122;52124;52126;52128;52130;52132;52134;52136;52138;52140,UTRAFFIC-HCM-V6,DERIVED
LM_EDGE_0096,LM_037,LM_012,Hoàng Hữu Nam,AGGREGATED_PATH,SOURCE_DIRECTED_PATH,1408.640,3.220493,1,0,NO_RECORD_IN_SELECTED_SOURCES,"[[106.812483,10.8631668],[106.8134813,10.8629269],[106.8135228,10.8635977],[106.8135705,10.8643686],[106.8135992,10.8648311],[106.8136285,10.8655386],[106.8136356,10.8657098],[106.8136516,10.8660956],[106.8136835,10.8667856],[106.8137059,10.8670742],[106.8137729,10.8679375],[106.8138714,10.8686942],[106.8138923,10.8688649],[106.8138985,10.8688928],[106.8139274,10.8691037],[106.8139526,10.8692848],[106.8139559,10.8693361],[106.8139857,10.8695306],[106.814031,10.870019],[106.8093249,10.8702234]]",17,626.640,20,7259;7261;7263;7265;7267;7269;7271;7273;7275;7277;7279;7281;7283;7285;7287;7289;7291,UTRAFFIC-HCM-V6,DERIVED
LM_EDGE_0097,LM_037,LM_016,Hoàng Hữu Nam → Nguyễn Văn Tăng,AGGREGATED_PATH,SOURCE_DIRECTED_PATH,2685.015,4.950045,1,0,NO_RECORD_IN_SELECTED_SOURCES,"[[106.812483,10.8631668],[106.8134813,10.8629269],[106.8134782,10.8624833],[106.8134773,10.8620541],[106.8134741,10.8613571],[106.8134772,10.8610029],[106.8134772,10.8608144],[106.8134736,10.8606048],[106.8134934,10.8601168],[106.8135237,10.8590166],[106.8135267,10.8584666],[106.8135272,10.8583789],[106.8135395,10.8581696],[106.8135571,10.8576367],[106.8135708,10.8575177],[106.8135832,10.8568105],[106.8135858,10.8558474],[106.8136061,10.8554974],[106.8136015,10.8550417],[106.8135994,10.8548362],[106.8135964,10.8545438],[106.8135958,10.8544834],[106.8135969,10.8543041],[106.8136058,10.8541446],[106.8136056,10.8537687],[106.8136199,10.8530897],[106.8136275,10.8529054],[106.8136323,10.8527893],[106.8136433,10.8525253],[106.8136564,10.852207],[106.8136553,10.8520835],[106.8136547,10.8520518],[106.8136864,10.851309],[106.8136872,10.8509963],[106.8137039,10.8507292],[106.8137051,10.8505319],[106.8136875,10.8503396],[106.8136961,10.8502158],[106.8138141,10.8500052],[106.8140378,10.8497206],[106.8141247,10.84961],[106.814456,10.8491885],[106.8150061,10.8484434],[106.8153061,10.8479957],[106.8161752,10.8468972],[106.8166058,10.8463678],[106.8167499,10.8461789],[106.8172162,10.8455677],[106.8177794,10.8448294],[106.8182001,10.8442372],[106.8184264,10.8439185],[106.8185558,10.8437551],[106.8186637,10.843625],[106.8186929,10.8435936],[106.8187271,10.8435569],[106.8187622,10.8435191],[106.8188762,10.8434162],[106.8190388,10.8433013],[106.8191302,10.8432366],[106.8192502,10.8431543],[106.8195506,10.8429485],[106.8187339,10.841778]]",59,270.015,20,7258;7256;7254;7252;7250;7248;7246;7244;7242;7240;7238;7236;7234;7232;7230;7228;7226;7224;7222;7220;7218;7216;7214;7212;7210;7208;7206;7204;7202;7200;7198;7196;7194;7192;7190;7188;10478;10476;10474;10472;10470;10468;10466;10464;10462;10460;10458;10456;10454;10452;10450;10448;10446;10444;10442;10440;10438;10436;10434,UTRAFFIC-HCM-V6,DERIVED
LM_EDGE_0098,LM_037,LM_026,Hoàng Hữu Nam,AGGREGATED_PATH,SOURCE_DIRECTED_PATH,1346.984,3.329953,1,0,NO_RECORD_IN_SELECTED_SOURCES,"[[106.812483,10.8631668],[106.8134813,10.8629269],[106.8135228,10.8635977],[106.8135705,10.8643686],[106.8135992,10.8648311],[106.8136285,10.8655386],[106.8136356,10.8657098],[106.8136516,10.8660956],[106.8136835,10.8667856],[106.8137059,10.8670742],[106.8137729,10.8679375],[106.8076192,10.8689715]]",9,793.984,20,7259;7261;7263;7265;7267;7269;7271;7273;7275,UTRAFFIC-HCM-V6,DERIVED
LM_EDGE_0099,LM_038,LM_016,Lê Văn Việt → Cầu Bến Nọc → Nguyễn Văn Tăng,AGGREGATED_PATH,SOURCE_DIRECTED_PATH,3427.931,6.853794,1,0,NO_RECORD_IN_SELECTED_SOURCES,"[[106.7944796,10.8466553],[106.7947945,10.8455078],[106.7953181,10.8456308],[106.7956268,10.845722],[106.796038,10.8458053],[106.7974888,10.8461855],[106.7977846,10.846263],[106.7985861,10.8464453],[106.7995546,10.8467038],[106.7997962,10.8467649],[106.800069,10.846825],[106.800502,10.8469342],[106.8009245,10.8470621],[106.8018107,10.8472499],[106.8022741,10.8473413],[106.8028754,10.847484],[106.8035464,10.847649],[106.8043351,10.847848],[106.804874,10.8479938],[106.8056166,10.8481762],[106.8063778,10.8483532],[106.8079401,10.8487152],[106.8087357,10.8489143],[106.809722,10.8491714],[106.8101431,10.8492939],[106.8103716,10.8493578],[106.8113328,10.8495947],[106.8116757,10.8496704],[106.8123163,10.8498393],[106.8124083,10.8498488],[106.8125033,10.8498871],[106.8134646,10.8500875],[106.8135758,10.850188],[106.8136961,10.8502158],[106.8138141,10.8500052],[106.8140378,10.8497206],[106.8141247,10.84961],[106.814456,10.8491885],[106.8150061,10.8484434],[106.8153061,10.8479957],[106.8161752,10.8468972],[106.8166058,10.8463678],[106.8167499,10.8461789],[106.8172162,10.8455677],[106.8177794,10.8448294],[106.8182001,10.8442372],[106.8184264,10.8439185],[106.8185558,10.8437551],[106.8186637,10.843625],[106.8186929,10.8435936],[106.8187271,10.8435569],[106.8187622,10.8435191],[106.8188762,10.8434162],[106.8190388,10.8433013],[106.8191302,10.8432366],[106.8192502,10.8431543],[106.8195506,10.8429485],[106.8187339,10.841778]]",55,289.931,20,13346;13347;13348;13349;13350;13351;13352;13353;13354;13355;13356;13357;13358;13359;13360;13361;13362;17429;17430;17431;17432;17433;17434;17435;17436;17437;17438;17439;17440;17441;17442;78651;10478;10476;10474;10472;10470;10468;10466;10464;10462;10460;10458;10456;10454;10452;10450;10448;10446;10444;10442;10440;10438;10436;10434,UTRAFFIC-HCM-V6,DERIVED
LM_EDGE_0100,LM_038,LM_035,Lê Văn Việt,AGGREGATED_PATH,SOURCE_DIRECTED_PATH,617.833,1.715498,1,0,NO_RECORD_IN_SELECTED_SOURCES,"[[106.7944796,10.8466553],[106.7947945,10.8455078],[106.7953181,10.8456308],[106.7956268,10.845722],[106.796038,10.8458053],[106.7965034,10.8427121]]",3,479.833,20,13346;13347;13348,UTRAFFIC-HCM-V6,DERIVED
LM_EDGE_0101,LM_039,LM_009,Lê Văn Việt,AGGREGATED_PATH,SOURCE_DIRECTED_PATH,867.183,2.175548,1,0,NO_RECORD_IN_SELECTED_SOURCES,"[[106.7933979,10.848947],[106.7940583,10.8454386],[106.7936366,10.845326],[106.7927714,10.8451321],[106.7922214,10.8449942],[106.7921144,10.844963],[106.7915753,10.8448208],[106.7914051,10.8447812],[106.7902328,10.8445007],[106.7902318,10.8449005]]",7,441.183,20,78665;78666;78667;78668;78669;78670;78671,UTRAFFIC-HCM-V6,DERIVED
LM_EDGE_0102,LM_039,LM_027,Lê Văn Việt,AGGREGATED_PATH,SOURCE_DIRECTED_PATH,1080.671,2.622734,1,0,NO_RECORD_IN_SELECTED_SOURCES,"[[106.7933979,10.848947],[106.7940583,10.8454386],[106.7936366,10.845326],[106.7927714,10.8451321],[106.7922214,10.8449942],[106.7921144,10.844963],[106.7915753,10.8448208],[106.7914051,10.8447812],[106.7902328,10.8445007],[106.7902304,10.8444998],[106.7899957,10.8444366],[106.7897853,10.8444152],[106.7895455,10.8444313],[106.7893305,10.8444558],[106.7891083,10.8445199],[106.7889935,10.844556],[106.7887348,10.8446153],[106.7886125,10.8446244],[106.7884825,10.8446777],[106.787967,10.8443916]]",17,461.391,20,78665;78666;78667;78668;78669;78670;78671;78672;78673;78869;78870;78871;78872;78873;78874;78875;78650,UTRAFFIC-HCM-V6,DERIVED
LM_EDGE_0103,LM_039,LM_035,Lê Văn Việt,AGGREGATED_PATH,SOURCE_DIRECTED_PATH,2176.691,5.097791,1,0,NO_RECORD_IN_SELECTED_SOURCES,"[[106.7933979,10.848947],[106.7940583,10.8454386],[106.7936366,10.845326],[106.7927714,10.8451321],[106.7922214,10.8449942],[106.7921144,10.844963],[106.7915753,10.8448208],[106.7914051,10.8447812],[106.7902328,10.8445007],[106.7902304,10.8444998],[106.7899957,10.8444366],[106.7897853,10.8444152],[106.7895455,10.8444313],[106.7893305,10.8444558],[106.7891083,10.8445199],[106.7889935,10.844556],[106.7887348,10.8446153],[106.7886125,10.8446244],[106.7887163,10.8445367],[106.78929,10.8443281],[106.7898245,10.8442891],[106.7899445,10.8443071],[106.7907283,10.8444866],[106.7914293,10.8446468],[106.7915839,10.844684],[106.7917739,10.8447424],[106.7922751,10.8448678],[106.7928171,10.8449905],[106.7930683,10.8450461],[106.7934757,10.8451449],[106.7936764,10.8452011],[106.7939532,10.8452755],[106.7942994,10.8453582],[106.7947945,10.8455078],[106.7953181,10.8456308],[106.7956268,10.845722],[106.796038,10.8458053],[106.7965034,10.8427121]]",35,744.410,20,78665;78666;78667;78668;78669;78670;78671;78672;78673;78869;78870;78871;78872;78873;78874;78875;13330;13331;13332;13333;13334;13335;13336;13337;13338;13339;13340;13341;13342;13343;13344;13345;13346;13347;13348,UTRAFFIC-HCM-V6,DERIVED
LM_EDGE_0104,LM_040,LM_017,Đỗ Xuân Hợp → Đại Lộ III → Đại Lộ 3,AGGREGATED_PATH,SOURCE_DIRECTED_PATH,1255.854,2.564050,1,0,NO_RECORD_IN_SELECTED_SOURCES,"[[106.7745794,10.8146595],[106.7749454,10.8147173],[106.7751892,10.8141765],[106.7752034,10.814137],[106.7753513,10.8136663],[106.7753601,10.8136383],[106.7743679,10.8133046],[106.7739388,10.8131603],[106.7733723,10.8130091],[106.7728488,10.8129217],[106.7718844,10.8128003],[106.7712759,10.812786],[106.7707035,10.8128574],[106.7700426,10.8129728],[106.7694941,10.8131081],[106.7691425,10.8132014],[106.7687194,10.813324],[106.7686829,10.8131945],[106.7686852,10.8131985],[106.7691385,10.8130646],[106.769467,10.8129798],[106.7700208,10.8128534],[106.7706874,10.8127388],[106.7712711,10.812672],[106.7711737,10.8122524]]",22,88.343,20,51920;51922;51924;51926;1341;1342;1343;1344;1345;1346;1347;1348;1349;1350;1351;40728;40711;40712;40713;40714;40715;40716,UTRAFFIC-HCM-V6,DERIVED
LM_EDGE_0105,LM_040,LM_024,Đỗ Xuân Hợp,AGGREGATED_PATH,SOURCE_DIRECTED_PATH,585.178,1.252406,1,0,NO_RECORD_IN_SELECTED_SOURCES,"[[106.7745794,10.8146595],[106.7749454,10.8147173],[106.7747681,10.8152043],[106.7747679,10.8152057],[106.7746834,10.8154757],[106.7746349,10.8155992],[106.7743765,10.8163706],[106.7743516,10.8164675],[106.7742586,10.8167286],[106.7742593,10.8167299],[106.7741184,10.8169624],[106.7740343,10.8170653],[106.7737067,10.8174274],[106.773631,10.8175409],[106.7734992,10.8177026],[106.7733661,10.8178701],[106.7721339,10.8172086]]",14,193.857,20,51919;51917;51915;51913;51911;51909;51907;51905;51903;51901;51899;51897;51895;51893,UTRAFFIC-HCM-V6,DERIVED
LM_EDGE_0106,LM_040,LM_057,Đỗ Xuân Hợp → Cống đập Rạch Chiếc → Nguyễn Duy Trinh,AGGREGATED_PATH,SOURCE_DIRECTED_PATH,4035.997,7.402134,1,0,NO_RECORD_IN_SELECTED_SOURCES,"[[106.7745794,10.8146595],[106.7749454,10.8147173],[106.7751892,10.8141765],[106.7752034,10.814137],[106.7753513,10.8136663],[106.7753601,10.8136383],[106.7754045,10.8135155],[106.7755534,10.8131567],[106.7755996,10.8130229],[106.7757133,10.8126716],[106.7757387,10.8125608],[106.7757518,10.8125043],[106.7758637,10.8120373],[106.7759624,10.81163],[106.7759752,10.8115773],[106.7761978,10.8106425],[106.7762206,10.8105371],[106.7762938,10.8102227],[106.7763078,10.8101689],[106.7763323,10.8100748],[106.7764336,10.8096496],[106.7767696,10.8090815],[106.7769533,10.8087517],[106.7769913,10.8085817],[106.7771061,10.8081149],[106.7771164,10.808081],[106.7775534,10.8066393],[106.7776127,10.8064453],[106.7776624,10.8062394],[106.7777749,10.8057733],[106.7778095,10.8056449],[106.7778369,10.8055395],[106.7782111,10.8042991],[106.7782642,10.8041669],[106.7783134,10.8040192],[106.7783805,10.8037851],[106.7785484,10.8032448],[106.7786177,10.803009],[106.7788078,10.8023623],[106.7788977,10.8020565],[106.7791205,10.8012747],[106.7794222,10.8002191],[106.7795816,10.7996711],[106.7796655,10.7993749],[106.7799716,10.7983905],[106.7801402,10.7978095],[106.7802592,10.7973676],[106.7804254,10.7966453],[106.7806033,10.7960633],[106.7806947,10.7957644],[106.7808194,10.7954342],[106.7808995,10.795153],[106.7810603,10.7946336],[106.7811017,10.7945001],[106.7812312,10.7941053],[106.781341,10.7937706],[106.7814192,10.7934718],[106.7815358,10.7929908],[106.7816332,10.7927097],[106.7816594,10.7923571],[106.7816192,10.7917069],[106.7816158,10.7914871],[106.7816212,10.7913068],[106.7816097,10.7909483],[106.7816085,10.7904319],[106.7814204,10.7904279],[106.781314,10.7904194],[106.7811161,10.7904036],[106.7809242,10.7903357],[106.780752,10.7902336],[106.7806887,10.7902009],[106.7802877,10.7899942],[106.7799475,10.7898187],[106.7795103,10.7895932],[106.779295,10.7894822],[106.7786133,10.7891307],[106.7778996,10.7887766],[106.7776291,10.7886424],[106.7773226,10.7884903],[106.7769693,10.7883194],[106.7767498,10.7882132],[106.7765053,10.788095],[106.776144,10.7880497],[106.7760245,10.7880612],[106.7758248,10.7880882],[106.7754168,10.7881199],[106.7751236,10.7881469],[106.7745605,10.7881987],[106.7741968,10.7882321],[106.7740146,10.7882503],[106.7725982,10.7883352],[106.7717415,10.7884579],[106.7720345,10.7891613]]",90,124.997,20,51920;51922;51924;51926;51928;51930;51932;51934;51936;51938;51940;51942;51944;51946;51948;24464;24466;24468;24470;24472;24474;24476;24478;24480;24482;24484;24486;24488;24490;24492;24494;24496;24498;24500;24502;24504;24506;24508;24510;24512;24514;24516;24518;24520;24522;24524;24526;24528;24530;24532;24534;24536;24538;24540;24542;24544;24546;24548;24550;24552;24554;24556;24558;12444;12442;12440;12438;12436;12434;12432;12430;12428;12426;12424;12422;12420;12418;12416;12414;12412;12410;12408;12406;12404;12402;12400;12398;12396;12394;12392,UTRAFFIC-HCM-V6,DERIVED
LM_EDGE_0107,LM_041,LM_015,Xa Lộ Hà Nội → Cầu Rạch Chiếc 2 → Phường An Phú → Đường Song Hành → Phường Thảo Điền,AGGREGATED_PATH,SOURCE_DIRECTED_PATH,2851.562,3.146473,1,0,NO_RECORD_IN_SELECTED_SOURCES,"[[106.758185,10.821435],[106.758383,10.8213346],[106.7582479,10.8205687],[106.7581147,10.8200646],[106.7580597,10.8198667],[106.7580306,10.8197555],[106.7580069,10.8195857],[106.7580057,10.8195004],[106.7579406,10.8191079],[106.757897,10.8188455],[106.7578882,10.8187923],[106.7578917,10.8184447],[106.7578741,10.8183499],[106.757741,10.8176345],[106.7576974,10.8173967],[106.7576173,10.817079],[106.7574175,10.8159168],[106.7572349,10.8151074],[106.7570201,10.8139606],[106.7567679,10.8126189],[106.7566718,10.8121151],[106.7565041,10.8111763],[106.7564691,10.810979],[106.756364,10.8104905],[106.7562309,10.8099928],[106.7561964,10.8099058],[106.756138,10.8097861],[106.7560287,10.8097169],[106.7557929,10.8094109],[106.7557049,10.8093458],[106.7556084,10.8093247],[106.7554731,10.8092502],[106.7547252,10.8079132],[106.7544487,10.8074076],[106.7542795,10.8071715],[106.7541394,10.8069972],[106.7539503,10.8067931],[106.7537331,10.8066302],[106.7533785,10.8063345],[106.7533483,10.8063093],[106.7528322,10.8057547],[106.7525996,10.8054849],[106.7523802,10.8052624],[106.7522742,10.8051788],[106.7521466,10.8050782],[106.7519059,10.8049252],[106.7511206,10.8044247],[106.7506646,10.8042007],[106.7501014,10.8039478],[106.7499921,10.8039035],[106.7498546,10.8038477],[106.7496374,10.8037475],[106.7494495,10.8036396],[106.7492893,10.8034974],[106.7489781,10.8032371],[106.7489288,10.8031584],[106.7484636,10.8030495],[106.748236,10.8029632],[106.7480627,10.8029714],[106.7474369,10.8028545],[106.7469536,10.8027604],[106.7465263,10.8026847],[106.7464095,10.8025976],[106.7463628,10.8025035],[106.7463395,10.8024439],[106.7463208,10.8023728],[106.7463231,10.8023269],[106.7463348,10.8022834],[106.7463628,10.8022329],[106.7464142,10.802187],[106.7464508,10.8021541],[106.7465552,10.8020568],[106.7467428,10.8020602],[106.7469576,10.8014554]]",71,95.562,20,40710;29994;29995;29996;29997;29998;29999;72834;72835;72836;30000;30001;30002;30003;30004;18029;18030;18031;18032;18033;18034;18035;18036;30012;30013;51983;51984;51985;51986;51987;51988;51989;51990;51991;51992;51993;51994;51995;51996;51997;51998;51999;52000;52001;52002;52003;52004;52005;52006;52007;72972;72973;72974;72975;72970;72971;56941;56942;56943;56944;56945;29739;29740;29741;29742;29743;29744;29745;29746;29747;56935,UTRAFFIC-HCM-V6,DERIVED
LM_EDGE_0108,LM_041,LM_042,Xa Lộ Hà Nội → Cầu Rạch Chiếc 2,AGGREGATED_PATH,SOURCE_DIRECTED_PATH,1505.475,1.534209,1,0,NO_RECORD_IN_SELECTED_SOURCES,"[[106.758185,10.821435],[106.758383,10.8213346],[106.7582479,10.8205687],[106.7581147,10.8200646],[106.7580597,10.8198667],[106.7580306,10.8197555],[106.7580069,10.8195857],[106.7580057,10.8195004],[106.7579406,10.8191079],[106.757897,10.8188455],[106.7578882,10.8187923],[106.7578917,10.8184447],[106.7578741,10.8183499],[106.757741,10.8176345],[106.7576974,10.8173967],[106.7576173,10.817079],[106.7574175,10.8159168],[106.7572349,10.8151074],[106.7570201,10.8139606],[106.7567679,10.8126189],[106.7566718,10.8121151],[106.7565041,10.8111763],[106.7564691,10.810979],[106.756364,10.8104905],[106.7562309,10.8099928],[106.7561964,10.8099058],[106.756138,10.8097861],[106.7560287,10.8097169],[106.7559093,10.8093743],[106.7557267,10.8089548],[106.7555087,10.8084947],[106.755277,10.8085535]]",29,50.475,20,40710;29994;29995;29996;29997;29998;29999;72834;72835;72836;30000;30001;30002;30003;30004;18029;18030;18031;18032;18033;18034;18035;18036;30012;30013;51983;69494;69495;69496,UTRAFFIC-HCM-V6,DERIVED
LM_EDGE_0109,LM_042,LM_003,Xa Lộ Hà Nội → Xa lộ Hà Nội → Phường Thảo Điền,AGGREGATED_PATH,SOURCE_DIRECTED_PATH,1742.401,1.871933,1,0,NO_RECORD_IN_SELECTED_SOURCES,"[[106.755277,10.8085535],[106.7555087,10.8084947],[106.7551641,10.8078506],[106.755122,10.8076704],[106.7549692,10.8074545],[106.7546475,10.8070038],[106.7540511,10.8062271],[106.7533081,10.8055091],[106.7521024,10.8045382],[106.751672,10.8042407],[106.7514383,10.8041188],[106.7513195,10.8041264],[106.7508928,10.8038964],[106.7505061,10.8037133],[106.7500948,10.8035408],[106.7497282,10.8034046],[106.7494647,10.8033123],[106.7491736,10.8032185],[106.7489288,10.8031584],[106.7484636,10.8030495],[106.748236,10.8029632],[106.7480627,10.8029714],[106.7474369,10.8028545],[106.7469536,10.8027604],[106.7465263,10.8026847],[106.7464095,10.8025976],[106.7459122,10.8025081],[106.74573,10.8025311],[106.7452836,10.8024534],[106.7447505,10.8023542],[106.7438771,10.8021916],[106.743687,10.8021552],[106.7428742,10.8019994],[106.7423319,10.8019117],[106.7422498,10.8021337]]",32,52.401,20,69497;69498;69493;69478;69479;69480;69481;69482;69483;56946;56947;56948;56949;56950;56951;56952;56953;72970;72971;56941;56942;56943;56944;56945;52030;30045;30046;30047;30048;30049;30050;30051,UTRAFFIC-HCM-V6,DERIVED
LM_EDGE_0110,LM_042,LM_015,Xa Lộ Hà Nội → Xa lộ Hà Nội → Phường Thảo Điền,AGGREGATED_PATH,SOURCE_DIRECTED_PATH,1425.363,1.614905,1,0,NO_RECORD_IN_SELECTED_SOURCES,"[[106.755277,10.8085535],[106.7555087,10.8084947],[106.7551641,10.8078506],[106.755122,10.8076704],[106.7549692,10.8074545],[106.7546475,10.8070038],[106.7540511,10.8062271],[106.7533081,10.8055091],[106.7521024,10.8045382],[106.751672,10.8042407],[106.7514383,10.8041188],[106.7513195,10.8041264],[106.7508928,10.8038964],[106.7505061,10.8037133],[106.7500948,10.8035408],[106.7497282,10.8034046],[106.7494647,10.8033123],[106.7491736,10.8032185],[106.7489288,10.8031584],[106.7484636,10.8030495],[106.748236,10.8029632],[106.7480627,10.8029714],[106.7474369,10.8028545],[106.7469536,10.8027604],[106.7465263,10.8026847],[106.7464095,10.8025976],[106.7463628,10.8025035],[106.7463395,10.8024439],[106.7463208,10.8023728],[106.7463231,10.8023269],[106.7463348,10.8022834],[106.7463628,10.8022329],[106.7464142,10.802187],[106.7464508,10.8021541],[106.7465552,10.8020568],[106.7467428,10.8020602],[106.7469576,10.8014554]]",34,97.363,20,69497;69498;69493;69478;69479;69480;69481;69482;69483;56946;56947;56948;56949;56950;56951;56952;56953;72970;72971;56941;56942;56943;56944;56945;29739;29740;29741;29742;29743;29744;29745;29746;29747;56935,UTRAFFIC-HCM-V6,DERIVED
LM_EDGE_0111,LM_043,LM_010,Đường Song Hành Xa lộ Hà Nội → Lê Văn Việt,AGGREGATED_PATH,SOURCE_DIRECTED_PATH,1261.835,2.793506,1,0,NO_RECORD_IN_SELECTED_SOURCES,"[[106.7727016,10.8449562],[106.7720186,10.8456033],[106.7721128,10.845786],[106.7721905,10.8459052],[106.772368,10.8462169],[106.7723836,10.8462429],[106.7730734,10.8473918],[106.7730945,10.8474042],[106.7733054,10.8477712],[106.7734838,10.8480175],[106.7737091,10.848298],[106.7742039,10.8488622],[106.7744207,10.8486663],[106.774693,10.8484707],[106.7747607,10.8484298],[106.7748761,10.8483824],[106.7752265,10.8480742],[106.77582,10.8476626],[106.7761257,10.8475223],[106.7764473,10.8473287],[106.7766878,10.8471814],[106.7772278,10.8469007],[106.777338,10.8468305],[106.7778072,10.8465594],[106.7778906,10.8465102],[106.7782644,10.84629],[106.7784629,10.8461931],[106.7785931,10.846102],[106.7777477,10.8448592]]",26,269.835,20,65621;65623;65625;65627;65629;65631;65633;65635;65637;65639;29894;29895;29896;29897;29818;29820;29822;29824;29826;29828;29830;29832;29834;29836;29838;29840,UTRAFFIC-HCM-V6,DERIVED
LM_EDGE_0112,LM_043,LM_024,Đường Song Hành Xa lộ Hà Nội → Đỗ Xuân Hợp,AGGREGATED_PATH,SOURCE_DIRECTED_PATH,3703.665,7.051865,1,0,NO_RECORD_IN_SELECTED_SOURCES,"[[106.7727016,10.8449562],[106.7720186,10.8456033],[106.7716472,10.8449213],[106.7713916,10.844502],[106.7710724,10.8438777],[106.7706587,10.8431635],[106.7705937,10.843036],[106.7701026,10.8421328],[106.769986,10.841933],[106.7694899,10.8411367],[106.7693451,10.8408851],[106.769301,10.8408108],[106.7691343,10.8404918],[106.768961,10.8401846],[106.7685415,10.839434],[106.7683847,10.8391534],[106.768291,10.8389857],[106.7676582,10.8378557],[106.767481,10.8375394],[106.7671188,10.8369041],[106.7667863,10.836321],[106.7664188,10.8356651],[106.7662187,10.835264],[106.7663108,10.8352034],[106.7664725,10.8350317],[106.7666788,10.8348297],[106.7668473,10.8346289],[106.766937,10.834521],[106.7670778,10.8343105],[106.7671699,10.8340767],[106.7671879,10.833978],[106.7671951,10.8338976],[106.7671712,10.8335787],[106.7671496,10.8333368],[106.7671483,10.833317],[106.7671329,10.833098],[106.7671545,10.8329048],[106.7671716,10.8326545],[106.7672026,10.8324177],[106.767315,10.8321269],[106.7674459,10.8319126],[106.7677016,10.8315854],[106.7677156,10.8315686],[106.7678124,10.8312392],[106.7678915,10.830858],[106.7680159,10.8303251],[106.7681635,10.8299364],[106.768389,10.829316],[106.768582,10.8288555],[106.7686595,10.8284507],[106.7687069,10.8281869],[106.7687081,10.8281592],[106.7687081,10.8281588],[106.7687186,10.8277403],[106.7687345,10.8274058],[106.7687697,10.827184],[106.7688033,10.8269695],[106.7688565,10.8266342],[106.7688636,10.8265896],[106.7688852,10.8262605],[106.7690576,10.8251425],[106.769157,10.8244645],[106.7693127,10.8240849],[106.7694016,10.823834],[106.7694899,10.8235651],[106.7695885,10.8235108],[106.769677,10.8234568],[106.7699032,10.8233172],[106.7700816,10.8232171],[106.7701732,10.8231624],[106.7702592,10.8231331],[106.7703677,10.8230727],[106.7703718,10.8230714],[106.7705138,10.8230038],[106.77089,10.822713],[106.7709316,10.8226671],[106.7713612,10.8222491],[106.7713723,10.8222362],[106.7714288,10.8221755],[106.7715432,10.8220601],[106.7716627,10.8219095],[106.7718056,10.8216706],[106.7720464,10.8213249],[106.77211,10.821223],[106.7723216,10.8209405],[106.7723203,10.8209405],[106.7725467,10.8205336],[106.7725986,10.8204433],[106.7727966,10.8200554],[106.7729633,10.8196263],[106.7729978,10.8195439],[106.7731091,10.8190458],[106.7731933,10.8184591],[106.7732193,10.818315],[106.7732888,10.8180427],[106.7733233,10.8179509],[106.7733396,10.817916],[106.7733599,10.8178815],[106.7733661,10.8178701],[106.7721339,10.8172086]]",97,257.008,20,65620;65618;65616;65614;65612;65610;65608;65606;65604;65602;65600;65598;65596;65594;65592;65590;65588;65586;65584;65582;65580;51740;51742;51744;51746;51748;51750;51752;51754;51756;51758;51760;51762;51764;51766;51768;51770;51772;51774;51776;51778;51780;51782;51784;51786;51788;51790;51792;51794;51796;51798;51800;51802;51804;51806;51808;51810;51812;51814;51816;51818;51820;51822;51824;51826;51828;51830;51832;51834;51836;51838;51840;51842;51844;51846;51848;51850;51852;51854;51856;51858;51860;51862;51864;51866;51868;51870;51872;51874;51876;51878;51880;51882;51884;51886;51888;51890,UTRAFFIC-HCM-V6,DERIVED
LM_EDGE_0113,LM_043,LM_033,Đường Song Hành Xa lộ Hà Nội → Xa Lộ Hà Nội → Xa lộ Hà Nội → Đường Thổng Nhất,AGGREGATED_PATH,SOURCE_DIRECTED_PATH,2519.871,3.559686,1,0,NO_RECORD_IN_SELECTED_SOURCES,"[[106.7727016,10.8449562],[106.7720186,10.8456033],[106.7721128,10.845786],[106.7720944,10.8458864],[106.7720714,10.8459567],[106.7724234,10.8465413],[106.7731348,10.8477266],[106.7732711,10.8479386],[106.7734527,10.8481654],[106.7734683,10.8482335],[106.7737753,10.8486209],[106.7740111,10.8489098],[106.7740681,10.8489328],[106.7740931,10.8489642],[106.7742035,10.8490852],[106.7744626,10.849339],[106.7745653,10.8494499],[106.7749723,10.8498478],[106.7754997,10.8503195],[106.7757002,10.8504848],[106.7759519,10.850649],[106.7762943,10.850886],[106.7765166,10.8510552],[106.7772744,10.8515481],[106.7779817,10.8519859],[106.7780262,10.8520135],[106.77879,10.8524573],[106.7797818,10.8530483],[106.7799869,10.8531768],[106.7805456,10.8535059],[106.7811534,10.8538672],[106.7816513,10.8541578],[106.7817217,10.8542088],[106.7824231,10.8546154],[106.7831289,10.8550474],[106.7840307,10.8555776],[106.7845665,10.855882],[106.7851244,10.8561981],[106.7857177,10.8565322],[106.786396,10.856964],[106.7869139,10.8572978],[106.7876497,10.8577239],[106.7878674,10.8578264],[106.7880235,10.8579183],[106.7883514,10.8581292],[106.788657,10.8583436],[106.7887514,10.8584028],[106.788925,10.8585095],[106.7888364,10.8589894]]",46,157.871,20,65621;65529;65530;52181;52182;52183;52184;52185;52186;52187;52188;52189;52190;52191;52192;52193;52194;56979;56980;56981;56982;56983;56984;56985;56986;56987;56988;82009;82010;82011;82012;82013;82014;82015;82016;82017;82018;82019;82020;82021;82022;82023;82024;81993;81994;81995,UTRAFFIC-HCM-V6,DERIVED
LM_EDGE_0114,LM_043,LM_047,Đường Song Hành Xa lộ Hà Nội → Xa Lộ Hà Nội → Cầu vượt Ngã tư Thủ Đức → Cầu vượt Ngã tư ThủĐức → Võ Văn Ngân → Nguyễn Văn Bá,AGGREGATED_PATH,SOURCE_DIRECTED_PATH,1140.556,2.007454,1,0,NO_RECORD_IN_SELECTED_SOURCES,"[[106.7727016,10.8449562],[106.7720186,10.8456033],[106.7721128,10.845786],[106.7720944,10.8458864],[106.7720714,10.8459567],[106.7720581,10.8460989],[106.7720705,10.8461191],[106.7730798,10.8478386],[106.7733501,10.848247],[106.7735913,10.8485663],[106.7736822,10.8486783],[106.77377,10.8487887],[106.7740011,10.8490444],[106.7741089,10.849167],[106.773966,10.8493081],[106.7738655,10.8493743],[106.7737466,10.8494699],[106.7735964,10.8495568],[106.7734904,10.8496108],[106.773359,10.8496688],[106.7733146,10.8495937],[106.7732859,10.8495648],[106.7732164,10.8494348],[106.7731994,10.8493702],[106.7731733,10.8492918],[106.7729343,10.8488911],[106.7724049,10.848047],[106.7718977,10.847152],[106.7713523,10.8462169],[106.7716521,10.8464061]]",27,142.556,20,65621;65529;65530;65531;33666;37777;37778;37779;37780;37781;37782;35760;29730;29731;29732;29733;29734;29735;82069;82071;69437;57953;57951;57949;57947;57945;57943,UTRAFFIC-HCM-V6,DERIVED
LM_EDGE_0115,LM_044,LM_011,Hoàng Thế Thiện → Nguyễn Cơ Thạch → Mai Chí Thọ → Cầu Kênh 2 → Đường N2 → Trần Não,AGGREGATED_PATH,SOURCE_DIRECTED_PATH,4382.410,8.212088,1,0,NO_RECORD_IN_SELECTED_SOURCES,"[[106.7219492,10.7720547],[106.7222396,10.7716131],[106.7233102,10.7721531],[106.7228783,10.7730669],[106.7228281,10.7731704],[106.722839,10.7731752],[106.7230652,10.7733119],[106.7242443,10.7739271],[106.72503,10.7743183],[106.7272343,10.7754478],[106.7273323,10.7755674],[106.7273873,10.7756543],[106.7274007,10.7756978],[106.7274028,10.7757245],[106.7274034,10.7757479],[106.727409,10.7758054],[106.7273717,10.7758863],[106.7273153,10.7759924],[106.7272052,10.7761854],[106.7269164,10.7767667],[106.7269058,10.7768413],[106.7269059,10.7768961],[106.7269233,10.776952],[106.7269742,10.7769995],[106.7278728,10.7774539],[106.7279318,10.7775278],[106.7279385,10.7776007],[106.7279144,10.7776898],[106.7277843,10.7780073],[106.7277809,10.7780738],[106.7277949,10.7781334],[106.7278456,10.7782377],[106.7279642,10.7784704],[106.7280266,10.7787039],[106.7280432,10.7789314],[106.7281473,10.7794388],[106.7281852,10.7796373],[106.7282833,10.7798774],[106.7284087,10.7801744],[106.7286171,10.7814816],[106.7287002,10.7816066],[106.7288294,10.781915],[106.7290421,10.782549],[106.729132,10.7828264],[106.7291417,10.7828729],[106.7291683,10.7830004],[106.7291755,10.7831801],[106.7292387,10.7836448],[106.7292979,10.7840806],[106.729365,10.7844755],[106.7294027,10.784788],[106.729419,10.7849256],[106.7294191,10.7850187],[106.7294753,10.78517],[106.729788,10.7853299],[106.7305765,10.7857382],[106.7308426,10.785876],[106.730987,10.7859537],[106.7318772,10.7864325],[106.7320466,10.7865236],[106.7323727,10.7867061],[106.7328048,10.7869294],[106.7332453,10.7871723],[106.7334363,10.7872777],[106.7335379,10.7873327],[106.7336634,10.7874007],[106.733899,10.787522],[106.7346373,10.7878947],[106.7349862,10.7880817],[106.735492,10.7883421],[106.7355363,10.7883701],[106.7358841,10.7885625],[106.7364547,10.7888427],[106.7366331,10.7889377],[106.7371031,10.7891594],[106.7373043,10.7892278],[106.7375483,10.7892947],[106.7380353,10.7894034],[106.7387481,10.7895624],[106.7396081,10.7897467],[106.7400195,10.7898298],[106.7405035,10.7899275],[106.7415582,10.7901812],[106.7424367,10.7903651],[106.7440527,10.7907035],[106.7454106,10.7910131],[106.7457291,10.791075],[106.7460317,10.7911512],[106.7474819,10.7914725],[106.7468051,10.79377]]",87,324.410,20,72661;83969;83964;35874;35875;35876;35925;35963;74474;74475;74476;74477;74478;74479;74138;74140;19968;19970;19972;19974;19976;19978;19980;19982;19984;19986;19988;19990;19992;19994;19996;19998;20000;66229;66231;66233;66235;66237;66239;66241;66243;66245;66247;66249;66251;66253;66255;66257;66259;66261;66263;74437;43537;43539;43541;43543;43545;43547;23110;23072;23074;23076;23078;23080;23082;23084;23086;23088;23090;23092;23094;23096;23098;23100;23102;23104;23106;23108;19940;19942;19944;19946;19948;19950;19952;19954;19956,UTRAFFIC-HCM-V6,DERIVED
LM_EDGE_0116,LM_044,LM_056,Hoàng Thế Thiện → Nguyễn Cơ Thạch → Mai Chí Thọ → Cầu Kênh 2 → Đường N2 → Trần Não,AGGREGATED_PATH,SOURCE_DIRECTED_PATH,2675.581,4.637601,1,0,NO_RECORD_IN_SELECTED_SOURCES,"[[106.7219492,10.7720547],[106.7222396,10.7716131],[106.7233102,10.7721531],[106.7228783,10.7730669],[106.7228281,10.7731704],[106.722839,10.7731752],[106.7230652,10.7733119],[106.7242443,10.7739271],[106.72503,10.7743183],[106.7272343,10.7754478],[106.7273323,10.7755674],[106.7273873,10.7756543],[106.7274007,10.7756978],[106.7274028,10.7757245],[106.7274034,10.7757479],[106.727409,10.7758054],[106.7273717,10.7758863],[106.7273153,10.7759924],[106.7272052,10.7761854],[106.7269164,10.7767667],[106.7269058,10.7768413],[106.7269059,10.7768961],[106.7269233,10.776952],[106.7269742,10.7769995],[106.7278728,10.7774539],[106.7279318,10.7775278],[106.7279385,10.7776007],[106.7279144,10.7776898],[106.7277843,10.7780073],[106.7277809,10.7780738],[106.7277949,10.7781334],[106.7278456,10.7782377],[106.7279642,10.7784704],[106.7280266,10.7787039],[106.7280432,10.7789314],[106.7281473,10.7794388],[106.7281852,10.7796373],[106.7282833,10.7798774],[106.7284087,10.7801744],[106.7286171,10.7814816],[106.7287002,10.7816066],[106.7288294,10.781915],[106.7290421,10.782549],[106.729132,10.7828264],[106.7291417,10.7828729],[106.7291683,10.7830004],[106.7291755,10.7831801],[106.7292387,10.7836448],[106.7292979,10.7840806],[106.729365,10.7844755],[106.7294027,10.784788],[106.729419,10.7849256],[106.7294191,10.7850187],[106.7294753,10.78517],[106.729788,10.7853299],[106.7305765,10.7857382],[106.7308426,10.785876],[106.730987,10.7859537],[106.7318772,10.7864325],[106.7320466,10.7865236],[106.7323727,10.7867061],[106.7328048,10.7869294],[106.7332453,10.7871723],[106.7334363,10.7872777],[106.7335379,10.7873327],[106.7336634,10.7874007],[106.733899,10.787522],[106.7338681,10.7884669]]",65,163.581,20,72661;83969;83964;35874;35875;35876;35925;35963;74474;74475;74476;74477;74478;74479;74138;74140;19968;19970;19972;19974;19976;19978;19980;19982;19984;19986;19988;19990;19992;19994;19996;19998;20000;66229;66231;66233;66235;66237;66239;66241;66243;66245;66247;66249;66251;66253;66255;66257;66259;66261;66263;74437;43537;43539;43541;43543;43545;43547;23110;23072;23074;23076;23078;23080;23082,UTRAFFIC-HCM-V6,DERIVED
LM_EDGE_0117,LM_045,LM_033,Đường D1 → D1 → Xa Lộ Hà Nội,AGGREGATED_PATH,SOURCE_DIRECTED_PATH,2604.279,4.750480,1,0,NO_RECORD_IN_SELECTED_SOURCES,"[[106.7990996,10.8500499],[106.7990756,10.8506974],[106.799825,10.8499793],[106.8000252,10.8497874],[106.8001399,10.8496775],[106.800748,10.8490947],[106.8010101,10.8487368],[106.8016053,10.8481861],[106.8016964,10.8480995],[106.801764,10.84807],[106.8018316,10.8480753],[106.8019094,10.848123],[106.8019541,10.8482038],[106.8019487,10.8482647],[106.8019427,10.8482793],[106.8019236,10.8483255],[106.8018866,10.8483608],[106.8012583,10.8489599],[106.801159,10.8490235],[106.8008695,10.8492092],[106.8006166,10.8494539],[106.7980185,10.851968],[106.7977524,10.8522112],[106.7966216,10.8533104],[106.7963821,10.8534741],[106.7962043,10.8535804],[106.7959873,10.853693],[106.7956977,10.853793],[106.7954536,10.8538749],[106.7952379,10.8539371],[106.7939216,10.8542777],[106.7922966,10.8547034],[106.7906728,10.8551445],[106.7900765,10.8553159],[106.7899094,10.8553683],[106.7897566,10.8554393],[106.7896386,10.8555055],[106.7895473,10.8555711],[106.7894669,10.8556528],[106.7893891,10.8557423],[106.789314,10.8558477],[106.789255,10.8559586],[106.7891815,10.8560885],[106.7886361,10.8569515],[106.7881207,10.8577581],[106.788085,10.8578137],[106.7880235,10.8579183],[106.7883514,10.8581292],[106.788657,10.8583436],[106.7887514,10.8584028],[106.788925,10.8585095],[106.7888364,10.8589894]]",49,126.279,20,29811;29812;29813;29814;60579;60580;60581;60582;60583;60584;60585;60586;60587;60588;60589;60590;60591;60592;29749;29750;60309;60310;60311;60312;60313;60314;60315;60316;60317;60318;60319;60320;60321;60322;60323;60324;60325;60326;60327;60328;60329;60330;60331;60332;60333;82024;81993;81994;81995,UTRAFFIC-HCM-V6,DERIVED
LM_EDGE_0118,LM_045,LM_051,Đường D1 → D1,AGGREGATED_PATH,SOURCE_DIRECTED_PATH,1656.200,3.091456,1,0,NO_RECORD_IN_SELECTED_SOURCES,"[[106.7990996,10.8500499],[106.7990756,10.8506974],[106.799825,10.8499793],[106.8000252,10.8497874],[106.8001399,10.8496775],[106.800748,10.8490947],[106.8010717,10.8488101],[106.8043323,10.845704],[106.8047846,10.8452446],[106.8049173,10.8451098],[106.8051587,10.8448727],[106.8056353,10.8444238],[106.8070827,10.8430977],[106.8074997,10.8427029],[106.8087207,10.8415467],[106.8085906,10.8404375]]",13,196.200,20,29811;29812;29813;29814;29815;33678;43468;43469;43470;43463;43479;43480;43481,UTRAFFIC-HCM-V6,DERIVED
LM_EDGE_0119,LM_045,LM_054,Đường D1 → D1,AGGREGATED_PATH,SOURCE_DIRECTED_PATH,1680.856,3.152424,1,0,NO_RECORD_IN_SELECTED_SOURCES,"[[106.7990996,10.8500499],[106.7990756,10.8506974],[106.799825,10.8499793],[106.8000252,10.8497874],[106.8001399,10.8496775],[106.800748,10.8490947],[106.8010717,10.8488101],[106.8043323,10.845704],[106.8047846,10.8452446],[106.8049173,10.8451098],[106.8051587,10.8448727],[106.8056353,10.8444238],[106.8070827,10.8430977],[106.8074997,10.8427029],[106.8087207,10.8415467],[106.8088152,10.8416298],[106.8100399,10.8414179]]",14,207.856,20,29811;29812;29813;29814;29815;33678;43468;43469;43470;43463;43479;43480;43481;43441,UTRAFFIC-HCM-V6,DERIVED
LM_EDGE_0120,LM_046,LM_003,Xa Lộ Hà Nội → Phường Thảo Điền → Đướng Song Hành Xa Lộ Hà Nội → Trần Não → Cầu Đen 1 → Phường An Khánh,AGGREGATED_PATH,SOURCE_DIRECTED_PATH,3216.584,5.859673,1,0,NO_RECORD_IN_SELECTED_SOURCES,"[[106.7336512,10.8004871],[106.7336756,10.8002697],[106.7335126,10.8002103],[106.7333895,10.8001346],[106.732835,10.8000298],[106.7327377,10.8001132],[106.7326474,10.8002071],[106.7325607,10.800334],[106.7326817,10.8007157],[106.732697,10.8007639],[106.7327036,10.8008438],[106.7324889,10.8008263],[106.7306201,10.8006739],[106.7305713,10.8006707],[106.7295323,10.800603],[106.7293575,10.8005193],[106.7292655,10.8003967],[106.7292475,10.8001505],[106.7292928,10.7998829],[106.7293008,10.7998391],[106.7294084,10.7992412],[106.7294263,10.7991414],[106.7294718,10.7989752],[106.7295149,10.7988791],[106.7295934,10.7987494],[106.7296872,10.7986072],[106.7298539,10.7984486],[106.7300776,10.798298],[106.7302227,10.7982453],[106.7302979,10.7982293],[106.7303915,10.7982115],[106.7306201,10.7981765],[106.7308427,10.7981486],[106.7310401,10.7981455],[106.7312976,10.7981521],[106.7313415,10.7981495],[106.7315174,10.7981203],[106.73153,10.7980971],[106.7315496,10.798079],[106.7315822,10.7980665],[106.7316171,10.7980684],[106.731648,10.7980845],[106.7316693,10.7981118],[106.7318819,10.7981949],[106.7319866,10.7982231],[106.7321678,10.7982618],[106.7323711,10.7983262],[106.7325989,10.7984101],[106.7330634,10.7986017],[106.7332392,10.7987252],[106.7333728,10.7988723],[106.73343,10.799006],[106.7334587,10.7992203],[106.7334658,10.7992821],[106.7357604,10.7997461],[106.7366366,10.799896],[106.7382665,10.8002095],[106.7383425,10.8002226],[106.7412541,10.8007665],[106.7415166,10.8008227],[106.7421062,10.8009488],[106.7424749,10.8010162],[106.7438451,10.8012669],[106.7439606,10.8013106],[106.744037,10.8013435],[106.7440987,10.8013607],[106.7441616,10.8013717],[106.7441176,10.8014899],[106.744076,10.801727],[106.7440707,10.801855],[106.7443061,10.8019073],[106.7445526,10.8019472],[106.7448938,10.8019661],[106.745089,10.8019723],[106.7452636,10.8019616],[106.7457465,10.8019073],[106.7458102,10.8019055],[106.7458686,10.8019055],[106.7460243,10.8019924],[106.746081,10.8020898],[106.7461087,10.8021349],[106.7461219,10.8021758],[106.746133,10.8022278],[106.74613,10.8022732],[106.7461164,10.8023137],[106.7460868,10.8023549],[106.746023,10.8024146],[106.7459122,10.8025081],[106.74573,10.8025311],[106.7452836,10.8024534],[106.7447505,10.8023542],[106.7438771,10.8021916],[106.743687,10.8021552],[106.7428742,10.8019994],[106.7423319,10.8019117],[106.7422498,10.8021337]]",93,50.584,20,30062;30063;52008;1544;1545;1546;47233;47235;47237;1547;1548;1549;1550;1551;1552;1553;1554;1555;20002;43555;43556;43557;43558;43559;43560;43561;43562;43563;43564;43565;43566;43567;43568;43569;43570;72802;72803;72788;72789;72790;72791;72814;72815;72816;69269;69270;69271;69272;69273;69274;69275;69276;23685;23687;23689;23691;23693;23695;23697;23699;23701;23703;23705;23707;23709;72925;72926;72927;30023;30024;30025;30026;30027;30028;30029;30030;30031;29754;29755;29756;29757;29758;29759;29760;29761;29762;30045;30046;30047;30048;30049;30050;30051,UTRAFFIC-HCM-V6,DERIVED
LM_EDGE_0121,LM_046,LM_015,Xa Lộ Hà Nội → Phường Thảo Điền → Đướng Song Hành Xa Lộ Hà Nội → Trần Não → Cầu Đen 1 → Phường An Khánh,AGGREGATED_PATH,SOURCE_DIRECTED_PATH,2878.546,5.472395,1,0,NO_RECORD_IN_SELECTED_SOURCES,"[[106.7336512,10.8004871],[106.7336756,10.8002697],[106.7335126,10.8002103],[106.7333895,10.8001346],[106.732835,10.8000298],[106.7327377,10.8001132],[106.7326474,10.8002071],[106.7325607,10.800334],[106.7326817,10.8007157],[106.732697,10.8007639],[106.7327036,10.8008438],[106.7324889,10.8008263],[106.7306201,10.8006739],[106.7305713,10.8006707],[106.7295323,10.800603],[106.7293575,10.8005193],[106.7292655,10.8003967],[106.7292475,10.8001505],[106.7292928,10.7998829],[106.7293008,10.7998391],[106.7294084,10.7992412],[106.7294263,10.7991414],[106.7294718,10.7989752],[106.7295149,10.7988791],[106.7295934,10.7987494],[106.7296872,10.7986072],[106.7298539,10.7984486],[106.7300776,10.798298],[106.7302227,10.7982453],[106.7302979,10.7982293],[106.7303915,10.7982115],[106.7306201,10.7981765],[106.7308427,10.7981486],[106.7310401,10.7981455],[106.7312976,10.7981521],[106.7313415,10.7981495],[106.7315174,10.7981203],[106.73153,10.7980971],[106.7315496,10.798079],[106.7315822,10.7980665],[106.7316171,10.7980684],[106.731648,10.7980845],[106.7316693,10.7981118],[106.7318819,10.7981949],[106.7319866,10.7982231],[106.7321678,10.7982618],[106.7323711,10.7983262],[106.7325989,10.7984101],[106.7330634,10.7986017],[106.7332392,10.7987252],[106.7333728,10.7988723],[106.73343,10.799006],[106.7334587,10.7992203],[106.7334658,10.7992821],[106.7357604,10.7997461],[106.7366366,10.799896],[106.7382665,10.8002095],[106.7383425,10.8002226],[106.7412541,10.8007665],[106.7415166,10.8008227],[106.7421062,10.8009488],[106.7424749,10.8010162],[106.7438451,10.8012669],[106.7439606,10.8013106],[106.744037,10.8013435],[106.7440987,10.8013607],[106.7441616,10.8013717],[106.7441176,10.8014899],[106.744076,10.801727],[106.7440707,10.801855],[106.7443061,10.8019073],[106.7445526,10.8019472],[106.7448938,10.8019661],[106.745089,10.8019723],[106.7452636,10.8019616],[106.7457465,10.8019073],[106.7458102,10.8019055],[106.7458686,10.8019055],[106.7460243,10.8019924],[106.7461836,10.8020011],[106.746334,10.802022],[106.7465552,10.8020568],[106.7467428,10.8020602],[106.7469576,10.8014554]]",81,95.546,20,30062;30063;52008;1544;1545;1546;47233;47235;47237;1547;1548;1549;1550;1551;1552;1553;1554;1555;20002;43555;43556;43557;43558;43559;43560;43561;43562;43563;43564;43565;43566;43567;43568;43569;43570;72802;72803;72788;72789;72790;72791;72814;72815;72816;69269;69270;69271;69272;69273;69274;69275;69276;23685;23687;23689;23691;23693;23695;23697;23699;23701;23703;23705;23707;23709;72925;72926;72927;30023;30024;30025;30026;30027;30028;30029;30030;30031;51956;51957;51958;56935,UTRAFFIC-HCM-V6,DERIVED
LM_EDGE_0122,LM_046,LM_030,Xa Lộ Hà Nội → Phường Thảo Điền → Đướng Song Hành Xa Lộ Hà Nội → Quốc Hương → Xuân Thuỷ → Thảo Điền,AGGREGATED_PATH,SOURCE_DIRECTED_PATH,1589.244,2.988583,1,0,NO_RECORD_IN_SELECTED_SOURCES,"[[106.7336512,10.8004871],[106.7336756,10.8002697],[106.7335126,10.8002103],[106.7333895,10.8001346],[106.732835,10.8000298],[106.7327377,10.8001132],[106.7326474,10.8002071],[106.7325607,10.800334],[106.7326817,10.8007157],[106.732697,10.8007639],[106.7327036,10.8008438],[106.7327384,10.8010011],[106.7327396,10.8010907],[106.7327401,10.8011302],[106.7327411,10.8012039],[106.7327304,10.8013488],[106.7327089,10.8016097],[106.7326827,10.8017684],[106.7326573,10.8019219],[106.7326419,10.801997],[106.7326144,10.8021196],[106.7326019,10.8021756],[106.732584,10.8022258],[106.7323015,10.8033272],[106.7326875,10.8033949],[106.7336759,10.8035955],[106.7338101,10.8036188],[106.735427,10.8038889],[106.7360931,10.8040001],[106.7370966,10.8041878],[106.7369333,10.8044192],[106.7368877,10.8044947],[106.7362389,10.805215],[106.7358664,10.8055809],[106.7357638,10.8057115],[106.7356458,10.8058326],[106.7354482,10.8060213],[106.7350491,10.8064024],[106.7347935,10.8066465],[106.7345193,10.8069246],[106.7343683,10.807075],[106.7337629,10.807838],[106.733795,10.807607]]",40,50.244,20,30062;30063;52008;1544;1545;1546;47233;47235;47237;8089;8091;8093;8095;8097;8099;8101;8103;8105;72832;72826;72828;72830;7679;7681;7683;7685;7687;7689;43101;43099;43097;43095;43093;43091;43089;43087;43085;43083;43081;43079,UTRAFFIC-HCM-V6,DERIVED
LM_EDGE_0123,LM_046,LM_049,Xa Lộ Hà Nội → Phường Thảo Điền → Đướng Song Hành Xa Lộ Hà Nội → Trần Não → Cầu Đen 1 → Phường An Khánh,AGGREGATED_PATH,SOURCE_DIRECTED_PATH,2988.200,5.941950,1,0,NO_RECORD_IN_SELECTED_SOURCES,"[[106.7336512,10.8004871],[106.7336756,10.8002697],[106.7335126,10.8002103],[106.7333895,10.8001346],[106.732835,10.8000298],[106.7327377,10.8001132],[106.7326474,10.8002071],[106.7325607,10.800334],[106.7326817,10.8007157],[106.732697,10.8007639],[106.7327036,10.8008438],[106.7324889,10.8008263],[106.7306201,10.8006739],[106.7305713,10.8006707],[106.7295323,10.800603],[106.7293575,10.8005193],[106.7292655,10.8003967],[106.7292475,10.8001505],[106.7292928,10.7998829],[106.7293008,10.7998391],[106.7294084,10.7992412],[106.7294263,10.7991414],[106.7294718,10.7989752],[106.7295149,10.7988791],[106.7295934,10.7987494],[106.7296872,10.7986072],[106.7298539,10.7984486],[106.7300776,10.798298],[106.7302227,10.7982453],[106.7302979,10.7982293],[106.7303915,10.7982115],[106.7306201,10.7981765],[106.7308427,10.7981486],[106.7310401,10.7981455],[106.7312976,10.7981521],[106.7313415,10.7981495],[106.7315174,10.7981203],[106.73153,10.7980971],[106.7315496,10.798079],[106.7315822,10.7980665],[106.7316171,10.7980684],[106.731648,10.7980845],[106.7316693,10.7981118],[106.7318819,10.7981949],[106.7319866,10.7982231],[106.7321678,10.7982618],[106.7323711,10.7983262],[106.7325989,10.7984101],[106.7330634,10.7986017],[106.7332392,10.7987252],[106.7333728,10.7988723],[106.73343,10.799006],[106.7334587,10.7992203],[106.7334658,10.7992821],[106.7357604,10.7997461],[106.7366366,10.799896],[106.7382665,10.8002095],[106.7383425,10.8002226],[106.7412541,10.8007665],[106.7415166,10.8008227],[106.7421062,10.8009488],[106.7424749,10.8010162],[106.7438451,10.8012669],[106.7439606,10.8013106],[106.744037,10.8013435],[106.7440987,10.8013607],[106.7441616,10.8013717],[106.7458936,10.8016819],[106.7476747,10.8020009],[106.7485095,10.8021502],[106.7485681,10.8017598]]",68,68.200,20,30062;30063;52008;1544;1545;1546;47233;47235;47237;1547;1548;1549;1550;1551;1552;1553;1554;1555;20002;43555;43556;43557;43558;43559;43560;43561;43562;43563;43564;43565;43566;43567;43568;43569;43570;72802;72803;72788;72789;72790;72791;72814;72815;72816;69269;69270;69271;69272;69273;69274;69275;69276;23685;23687;23689;23691;23693;23695;23697;23699;23701;23703;23705;23707;23709;23711;23713;23715,UTRAFFIC-HCM-V6,DERIVED
LM_EDGE_0124,LM_046,LM_064,Xa Lộ Hà Nội → Phường Thảo Điền → Đướng Song Hành Xa Lộ Hà Nội → Trần Não → Cầu Đen 1 → Phường An Khánh,AGGREGATED_PATH,SOURCE_DIRECTED_PATH,3405.977,6.183054,1,0,NO_RECORD_IN_SELECTED_SOURCES,"[[106.7336512,10.8004871],[106.7336756,10.8002697],[106.7335126,10.8002103],[106.7333895,10.8001346],[106.732835,10.8000298],[106.7327377,10.8001132],[106.7326474,10.8002071],[106.7325607,10.800334],[106.7326817,10.8007157],[106.732697,10.8007639],[106.7327036,10.8008438],[106.7324889,10.8008263],[106.7306201,10.8006739],[106.7305713,10.8006707],[106.7295323,10.800603],[106.7293575,10.8005193],[106.7292655,10.8003967],[106.7292475,10.8001505],[106.7292928,10.7998829],[106.7293008,10.7998391],[106.7294084,10.7992412],[106.7294263,10.7991414],[106.7294718,10.7989752],[106.7295149,10.7988791],[106.7295934,10.7987494],[106.7296872,10.7986072],[106.7298539,10.7984486],[106.7300776,10.798298],[106.7302227,10.7982453],[106.7302979,10.7982293],[106.7303915,10.7982115],[106.7306201,10.7981765],[106.7308427,10.7981486],[106.7310401,10.7981455],[106.7312976,10.7981521],[106.7313415,10.7981495],[106.7315174,10.7981203],[106.73153,10.7980971],[106.7315496,10.798079],[106.7315822,10.7980665],[106.7316171,10.7980684],[106.731648,10.7980845],[106.7316693,10.7981118],[106.7318819,10.7981949],[106.7319866,10.7982231],[106.7321678,10.7982618],[106.7323711,10.7983262],[106.7325989,10.7984101],[106.7330634,10.7986017],[106.7332392,10.7987252],[106.7333728,10.7988723],[106.73343,10.799006],[106.7334587,10.7992203],[106.7334658,10.7992821],[106.7357604,10.7997461],[106.7366366,10.799896],[106.7382665,10.8002095],[106.7383425,10.8002226],[106.7412541,10.8007665],[106.7415166,10.8008227],[106.7421062,10.8009488],[106.7424749,10.8010162],[106.7438451,10.8012669],[106.7439606,10.8013106],[106.744037,10.8013435],[106.7440987,10.8013607],[106.7441616,10.8013717],[106.7441176,10.8014899],[106.744076,10.801727],[106.7440707,10.801855],[106.7443061,10.8019073],[106.7445526,10.8019472],[106.7448938,10.8019661],[106.745089,10.8019723],[106.7452636,10.8019616],[106.7457465,10.8019073],[106.7458102,10.8019055],[106.7458686,10.8019055],[106.7460243,10.8019924],[106.746081,10.8020898],[106.7461087,10.8021349],[106.7461219,10.8021758],[106.746133,10.8022278],[106.74613,10.8022732],[106.7461164,10.8023137],[106.7460868,10.8023549],[106.746023,10.8024146],[106.7459122,10.8025081],[106.74573,10.8025311],[106.7452836,10.8024534],[106.7447505,10.8023542],[106.7438771,10.8021916],[106.743687,10.8021552],[106.7428742,10.8019994],[106.7423319,10.8019117],[106.7417866,10.8018103],[106.7412177,10.801705],[106.7410918,10.8016817],[106.740878,10.8023666]]",96,103.977,20,30062;30063;52008;1544;1545;1546;47233;47235;47237;1547;1548;1549;1550;1551;1552;1553;1554;1555;20002;43555;43556;43557;43558;43559;43560;43561;43562;43563;43564;43565;43566;43567;43568;43569;43570;72802;72803;72788;72789;72790;72791;72814;72815;72816;69269;69270;69271;69272;69273;69274;69275;69276;23685;23687;23689;23691;23693;23695;23697;23699;23701;23703;23705;23707;23709;72925;72926;72927;30023;30024;30025;30026;30027;30028;30029;30030;30031;29754;29755;29756;29757;29758;29759;29760;29761;29762;30045;30046;30047;30048;30049;30050;30051;30052;30053;30054,UTRAFFIC-HCM-V6,DERIVED
LM_EDGE_0125,LM_047,LM_010,Nguyễn Văn Bá → Võ Văn Ngân → Lê Văn Việt,AGGREGATED_PATH,SOURCE_DIRECTED_PATH,1318.114,2.841341,1,0,NO_RECORD_IN_SELECTED_SOURCES,"[[106.7716521,10.8464061],[106.7713523,10.8462169],[106.7718977,10.847152],[106.7724049,10.848047],[106.7729343,10.8488911],[106.7731733,10.8492918],[106.7731994,10.8493702],[106.7732164,10.8494348],[106.7732859,10.8495648],[106.7733787,10.849521],[106.7734634,10.8494802],[106.7735629,10.8494141],[106.7737207,10.8492956],[106.7738496,10.8491795],[106.7740011,10.8490444],[106.7740931,10.8489642],[106.7742039,10.8488622],[106.7744207,10.8486663],[106.774693,10.8484707],[106.7747607,10.8484298],[106.7748761,10.8483824],[106.7752265,10.8480742],[106.77582,10.8476626],[106.7761257,10.8475223],[106.7764473,10.8473287],[106.7766878,10.8471814],[106.7772278,10.8469007],[106.777338,10.8468305],[106.7778072,10.8465594],[106.7778906,10.8465102],[106.7782644,10.84629],[106.7784629,10.8461931],[106.7785931,10.846102],[106.7777477,10.8448592]]",31,205.114,20,57942;57944;57946;57948;57950;57952;69436;29903;29904;29905;29906;29907;29908;29892;29893;29894;29895;29896;29897;29818;29820;29822;29824;29826;29828;29830;29832;29834;29836;29838;29840,UTRAFFIC-HCM-V6,DERIVED
LM_EDGE_0126,LM_047,LM_013,Nguyễn Văn Bá,AGGREGATED_PATH,SOURCE_DIRECTED_PATH,1798.661,3.667982,1,0,NO_RECORD_IN_SELECTED_SOURCES,"[[106.7716521,10.8464061],[106.7713523,10.8462169],[106.7710772,10.8456628],[106.7710376,10.8455968],[106.7707504,10.8451212],[106.7702408,10.8442367],[106.7697498,10.8433299],[106.769254,10.8424219],[106.7687324,10.8415062],[106.7682155,10.8406353],[106.7677324,10.8397378],[106.7672468,10.8389033],[106.7670712,10.8385824],[106.7669681,10.8383691],[106.766903,10.8382661],[106.766766,10.838061],[106.7663876,10.8374319],[106.7659756,10.8366827],[106.7654889,10.8357953],[106.7654695,10.8357528],[106.7652216,10.8353062],[106.7650131,10.8349717],[106.7649231,10.8348329],[106.764444,10.8339507],[106.7641588,10.8334497],[106.7638921,10.8329785],[106.763624,10.8325473],[106.7638944,10.832652]]",25,70.661,20,57941;57939;57937;57935;31;29;27;25;23;21;19;17;15;3674;3672;3670;3668;3666;76872;76870;76868;76866;76864;76862;76860,UTRAFFIC-HCM-V6,DERIVED
LM_EDGE_0127,LM_047,LM_043,Nguyễn Văn Bá → Võ Văn Ngân → Lê Văn Việt → Đường Song Hành Xa lộ Hà Nội,AGGREGATED_PATH,SOURCE_DIRECTED_PATH,1121.556,2.385669,1,0,NO_RECORD_IN_SELECTED_SOURCES,"[[106.7716521,10.8464061],[106.7713523,10.8462169],[106.7718977,10.847152],[106.7724049,10.848047],[106.7729343,10.8488911],[106.7731733,10.8492918],[106.7731994,10.8493702],[106.7732164,10.8494348],[106.7732859,10.8495648],[106.7733787,10.849521],[106.7734634,10.8494802],[106.7735629,10.8494141],[106.7737207,10.8492956],[106.7738496,10.8491795],[106.7740011,10.8490444],[106.7740931,10.8489642],[106.7742039,10.8488622],[106.7737091,10.848298],[106.7734838,10.8480175],[106.7733054,10.8477712],[106.7730945,10.8474042],[106.7730734,10.8473918],[106.7723836,10.8462429],[106.772368,10.8462169],[106.7721905,10.8459052],[106.7721128,10.845786],[106.7720186,10.8456033],[106.7727016,10.8449562]]",25,142.556,20,57942;57944;57946;57948;57950;57952;69436;29903;29904;29905;29906;29907;29908;29892;29893;65640;65638;65636;65634;65632;65630;65628;65626;65624;65622,UTRAFFIC-HCM-V6,DERIVED
LM_EDGE_0128,LM_047,LM_052,Nguyễn Văn Bá → Lê Văn Chí → Hoàng Diệu 2,AGGREGATED_PATH,SOURCE_DIRECTED_PATH,1427.624,3.105871,1,0,NO_RECORD_IN_SELECTED_SOURCES,"[[106.7716521,10.8464061],[106.7713523,10.8462169],[106.7718977,10.847152],[106.7724049,10.848047],[106.7729343,10.8488911],[106.7731733,10.8492918],[106.7731994,10.8493702],[106.7732164,10.8494348],[106.7732859,10.8495648],[106.7733146,10.8495937],[106.773359,10.8496688],[106.7735321,10.8498652],[106.7737208,10.8501106],[106.7738812,10.8504044],[106.7739348,10.8505379],[106.7739873,10.8506741],[106.7741879,10.8510768],[106.774357,10.8514553],[106.7743662,10.8516067],[106.7743436,10.8517978],[106.7742857,10.8519254],[106.7741646,10.852144],[106.7737023,10.8529041],[106.773405,10.8534519],[106.7733165,10.8535864],[106.7732621,10.8536867],[106.7731901,10.8537663],[106.7731177,10.853877],[106.7730914,10.8539591],[106.7730492,10.8540618],[106.773019,10.8541719],[106.772982,10.8543474],[106.772986,10.8544859],[106.7727701,10.8544067],[106.7722873,10.8542224],[106.7719011,10.8540432],[106.7717841,10.8539941],[106.7717055,10.8539761],[106.7717145,10.8520722]]",36,250.624,20,57942;57944;57946;57948;57950;57952;69436;82070;82068;52045;69418;17428;17426;17424;17422;17420;17418;17416;17414;17412;17410;17408;17406;17404;17402;17400;17398;17396;17394;17392;17390;2306;2308;2310;2312;2314,UTRAFFIC-HCM-V6,DERIVED
LM_EDGE_0129,LM_047,LM_065,Nguyễn Văn Bá → Võ Văn Ngân,AGGREGATED_PATH,SOURCE_DIRECTED_PATH,1448.830,3.013491,1,0,NO_RECORD_IN_SELECTED_SOURCES,"[[106.7716521,10.8464061],[106.7713523,10.8462169],[106.7718977,10.847152],[106.7724049,10.848047],[106.7729343,10.8488911],[106.7731733,10.8492918],[106.7731994,10.8493702],[106.7732164,10.8494348],[106.7732859,10.8495648],[106.7733146,10.8495937],[106.773359,10.8496688],[106.7721963,10.849707],[106.7721524,10.849698],[106.7719978,10.8496661],[106.7717814,10.8496844],[106.7715732,10.8496933],[106.7715338,10.8496965],[106.7715058,10.8496997],[106.7710929,10.8497041],[106.7700202,10.8497442],[106.7695723,10.849745],[106.7691774,10.8497454],[106.7690261,10.8497476],[106.7685414,10.8497547],[106.7682294,10.8497623],[106.7680585,10.8497858],[106.7679112,10.8498162],[106.7677515,10.849871],[106.7676702,10.8499388],[106.7675267,10.8500886],[106.7674401,10.8502335],[106.7673348,10.8503303],[106.7673061,10.8503372],[106.7672009,10.8504031],[106.7671141,10.8504383],[106.7670483,10.8504691],[106.7669872,10.8504858],[106.7668324,10.8505032],[106.7662545,10.8505681],[106.766105,10.8505793],[106.7659967,10.8505874],[106.7655226,10.8506045],[106.7654908,10.8506056],[106.765291,10.8506516],[106.7651648,10.8499711]]",42,115.830,20,57942;57944;57946;57948;57950;57952;69436;82070;82068;29736;29737;29738;52089;52087;58505;58503;58501;58499;58497;58495;58493;58491;58291;58289;58287;58285;58283;58281;58279;58277;58275;52163;52161;52159;52157;52155;52153;52151;52149;52147;52145;52143,UTRAFFIC-HCM-V6,DERIVED
LM_EDGE_0130,LM_048,LM_006,Phường Tam Phú → Phú Châu,AGGREGATED_PATH,SOURCE_DIRECTED_PATH,790.459,1.821576,1,0,NO_RECORD_IN_SELECTED_SOURCES,"[[106.7463839,10.8671055],[106.7450121,10.8672379],[106.7449719,10.8670614],[106.7449527,10.8668295],[106.7449809,10.8667317],[106.745096,10.8660819],[106.7451543,10.8656811],[106.7451274,10.8654914],[106.7450318,10.8652893],[106.7449621,10.8651495],[106.7447169,10.864767],[106.7444898,10.8644335],[106.7444857,10.8643247],[106.7445665,10.8642407],[106.7447456,10.8641575],[106.7449683,10.8640822],[106.7451077,10.864035],[106.7452267,10.8639347],[106.7453401,10.8637932],[106.7454594,10.8636069],[106.7455177,10.8635251],[106.7455507,10.8634757],[106.7459861,10.8640284],[106.746033,10.8640879],[106.7455723,10.8643971]]",22,211.459,20,7963;7965;7967;7969;7971;7973;7975;7977;7979;7981;7983;7985;7987;7989;7991;7993;7995;7997;7999;8001;4533;4535,UTRAFFIC-HCM-V6,DERIVED
LM_EDGE_0131,LM_048,LM_025,Phường Tam Phú → Phường Tam Bình → Tam Châu → Gò Dưa → Tô Ngọc Vân → Cầu vượt Ngã tư Gò Dưa,AGGREGATED_PATH,SOURCE_DIRECTED_PATH,2086.298,4.411923,1,0,NO_RECORD_IN_SELECTED_SOURCES,"[[106.7463839,10.8671055],[106.7450121,10.8672379],[106.7449916,10.8673068],[106.7448773,10.8674654],[106.7446895,10.8676337],[106.7445547,10.8677554],[106.744399,10.8680235],[106.7443362,10.8681318],[106.7442796,10.8682681],[106.7442581,10.86832],[106.7442014,10.8684566],[106.7440578,10.8688025],[106.7440357,10.8688557],[106.7438244,10.8692998],[106.7437953,10.8693793],[106.7436192,10.8697237],[106.7433645,10.8701655],[106.7433375,10.8702174],[106.7431459,10.8705894],[106.7430255,10.87081],[106.7428821,10.8710353],[106.7427385,10.8713194],[106.7425493,10.8717061],[106.7419618,10.8714198],[106.7417349,10.8713055],[106.7415034,10.8711889],[106.741456,10.871165],[106.7410019,10.8709623],[106.7402788,10.8706394],[106.7396963,10.8704319],[106.739242,10.87027],[106.7389023,10.8701657],[106.7385991,10.8700495],[106.7379666,10.8697656],[106.737928,10.8697912],[106.7375436,10.8696319],[106.7372118,10.8694915],[106.7371679,10.8694747],[106.7367308,10.869317],[106.7366583,10.8692965],[106.7362714,10.8691872],[106.73608,10.8691182],[106.7351929,10.8687842],[106.7348303,10.8686477],[106.7345926,10.8688685],[106.734339,10.8691206],[106.7341494,10.8693592],[106.7340269,10.8695293],[106.7339246,10.8698305],[106.7339103,10.8699591],[106.7339349,10.8700612],[106.7339902,10.8701878],[106.7340413,10.8702758],[106.7341834,10.8703392],[106.7343208,10.8704094],[106.7349806,10.8707333],[106.7350147,10.8707499],[106.7356099,10.8709993],[106.735563,10.8703194]]",56,226.298,20,7962;7960;7958;7956;7954;7952;7950;7948;7946;7944;7942;7940;7938;7936;5249;5247;6454;6452;6450;5700;5698;2618;2616;2614;2612;2610;2608;2606;2604;2602;2600;2598;2596;2594;2592;2590;2588;2586;2584;2582;2580;2578;56059;56057;56055;56053;56215;56216;56217;56218;56219;81662;81663;81664;81665;81666,UTRAFFIC-HCM-V6,DERIVED
LM_EDGE_0132,LM_048,LM_055,Phường Tam Phú → Phú Châu → Tô Ngọc Vân,AGGREGATED_PATH,SOURCE_DIRECTED_PATH,923.189,2.054767,1,0,NO_RECORD_IN_SELECTED_SOURCES,"[[106.7463839,10.8671055],[106.7450121,10.8672379],[106.7449719,10.8670614],[106.7449527,10.8668295],[106.7449809,10.8667317],[106.745096,10.8660819],[106.7451543,10.8656811],[106.7451274,10.8654914],[106.7450318,10.8652893],[106.7449621,10.8651495],[106.7447169,10.864767],[106.7444898,10.8644335],[106.7444857,10.8643247],[106.7445665,10.8642407],[106.7447456,10.8641575],[106.7449683,10.8640822],[106.7451077,10.864035],[106.7452267,10.8639347],[106.7453401,10.8637932],[106.7454594,10.8636069],[106.7455177,10.8635251],[106.7455507,10.8634757],[106.7454883,10.8634184],[106.7448654,10.8628859],[106.7440598,10.8622103],[106.7437813,10.8623844],[106.7437487,10.8626402]]",24,179.189,20,7963;7965;7967;7969;7971;7973;7975;7977;7979;7981;7983;7985;7987;7989;7991;7993;7995;7997;7999;8001;4532;4530;4528;56171,UTRAFFIC-HCM-V6,DERIVED
LM_EDGE_0133,LM_049,LM_003,Song Hành → Nguyễn Hoàng → Xa Lộ Hà Nội,AGGREGATED_PATH,SOURCE_DIRECTED_PATH,1278.143,2.105002,1,0,NO_RECORD_IN_SELECTED_SOURCES,"[[106.7485681,10.8017598],[106.7485095,10.8021502],[106.7476747,10.8020009],[106.7458936,10.8016819],[106.7441616,10.8013717],[106.7441176,10.8014899],[106.744076,10.801727],[106.7440707,10.801855],[106.7443061,10.8019073],[106.7445526,10.8019472],[106.7448938,10.8019661],[106.745089,10.8019723],[106.7452636,10.8019616],[106.7457465,10.8019073],[106.7458102,10.8019055],[106.7458686,10.8019055],[106.7460243,10.8019924],[106.746081,10.8020898],[106.7461087,10.8021349],[106.7461219,10.8021758],[106.746133,10.8022278],[106.74613,10.8022732],[106.7461164,10.8023137],[106.7460868,10.8023549],[106.746023,10.8024146],[106.7459122,10.8025081],[106.74573,10.8025311],[106.7452836,10.8024534],[106.7447505,10.8023542],[106.7438771,10.8021916],[106.743687,10.8021552],[106.7428742,10.8019994],[106.7423319,10.8019117],[106.7422498,10.8021337]]",31,70.143,20,23716;23714;23712;72925;72926;72927;30023;30024;30025;30026;30027;30028;30029;30030;30031;29754;29755;29756;29757;29758;29759;29760;29761;29762;30045;30046;30047;30048;30049;30050;30051,UTRAFFIC-HCM-V6,DERIVED
LM_EDGE_0134,LM_049,LM_015,Song Hành → Nguyễn Hoàng → Xa Lộ Hà Nội → Xa lộ Hà Nội,AGGREGATED_PATH,SOURCE_DIRECTED_PATH,940.105,1.717724,1,0,NO_RECORD_IN_SELECTED_SOURCES,"[[106.7485681,10.8017598],[106.7485095,10.8021502],[106.7476747,10.8020009],[106.7458936,10.8016819],[106.7441616,10.8013717],[106.7441176,10.8014899],[106.744076,10.801727],[106.7440707,10.801855],[106.7443061,10.8019073],[106.7445526,10.8019472],[106.7448938,10.8019661],[106.745089,10.8019723],[106.7452636,10.8019616],[106.7457465,10.8019073],[106.7458102,10.8019055],[106.7458686,10.8019055],[106.7460243,10.8019924],[106.7461836,10.8020011],[106.746334,10.802022],[106.7465552,10.8020568],[106.7467428,10.8020602],[106.7469576,10.8014554]]",19,115.105,20,23716;23714;23712;72925;72926;72927;30023;30024;30025;30026;30027;30028;30029;30030;30031;51956;51957;51958;56935,UTRAFFIC-HCM-V6,DERIVED
LM_EDGE_0135,LM_049,LM_046,Song Hành → Nguyễn Hoàng → Xa Lộ Hà Nội,AGGREGATED_PATH,SOURCE_DIRECTED_PATH,2234.200,3.248772,1,0,NO_RECORD_IN_SELECTED_SOURCES,"[[106.7485681,10.8017598],[106.7485095,10.8021502],[106.7476747,10.8020009],[106.7458936,10.8016819],[106.7441616,10.8013717],[106.7441176,10.8014899],[106.744076,10.801727],[106.7440707,10.801855],[106.7443061,10.8019073],[106.7445526,10.8019472],[106.7448938,10.8019661],[106.745089,10.8019723],[106.7452636,10.8019616],[106.7457465,10.8019073],[106.7458102,10.8019055],[106.7458686,10.8019055],[106.7460243,10.8019924],[106.746081,10.8020898],[106.7461087,10.8021349],[106.7461219,10.8021758],[106.746133,10.8022278],[106.74613,10.8022732],[106.7461164,10.8023137],[106.7460868,10.8023549],[106.746023,10.8024146],[106.7459122,10.8025081],[106.74573,10.8025311],[106.7452836,10.8024534],[106.7447505,10.8023542],[106.7438771,10.8021916],[106.743687,10.8021552],[106.7428742,10.8019994],[106.7423319,10.8019117],[106.7417866,10.8018103],[106.7412177,10.801705],[106.7410918,10.8016817],[106.7400689,10.8014895],[106.7381342,10.8011238],[106.7364156,10.8007995],[106.7363577,10.8007886],[106.7360829,10.8007379],[106.734223,10.8003988],[106.7336756,10.8002697],[106.7336512,10.8004871]]",41,68.200,20,23716;23714;23712;72925;72926;72927;30023;30024;30025;30026;30027;30028;30029;30030;30031;29754;29755;29756;29757;29758;29759;29760;29761;29762;30045;30046;30047;30048;30049;30050;30051;30052;30053;30054;30055;30056;30057;30058;30059;30060;30061,UTRAFFIC-HCM-V6,DERIVED
LM_EDGE_0136,LM_050,LM_004,Hoàng Hữu Nam,AGGREGATED_PATH,SOURCE_DIRECTED_PATH,2011.524,4.953285,1,0,NO_RECORD_IN_SELECTED_SOURCES,"[[106.805223,10.8723693],[106.8141487,10.8706194],[106.8142237,10.8709475],[106.8142781,10.8711308],[106.8143029,10.8712357],[106.8144011,10.8716072],[106.8144206,10.8716676],[106.8145147,10.8720895],[106.8147103,10.8730108],[106.8147359,10.8731093],[106.8147995,10.8733535],[106.8148355,10.8734917],[106.8149658,10.8739925],[106.8149743,10.874025],[106.8150848,10.8744842],[106.8155501,10.8764255],[106.8156078,10.8766994],[106.8157355,10.8770994],[106.8158581,10.8776386],[106.8161168,10.8779659],[106.8161871,10.8795527]]",18,1170.524,20,7297;7299;7301;7303;7305;7307;7309;7311;7313;7315;7317;7319;7321;7323;7325;16185;16187;69205,UTRAFFIC-HCM-V6,DERIVED
LM_EDGE_0137,LM_050,LM_012,Hoàng Hữu Nam,AGGREGATED_PATH,SOURCE_DIRECTED_PATH,1575.320,4.639817,1,0,NO_RECORD_IN_SELECTED_SOURCES,"[[106.805223,10.8723693],[106.8141487,10.8706194],[106.8140462,10.8700976],[106.814031,10.870019],[106.8093249,10.8702234]]",2,1508.320,20,7296;7294,UTRAFFIC-HCM-V6,DERIVED
LM_EDGE_0138,LM_050,LM_026,Hoàng Hữu Nam,AGGREGATED_PATH,SOURCE_DIRECTED_PATH,1971.664,5.534421,1,0,NO_RECORD_IN_SELECTED_SOURCES,"[[106.805223,10.8723693],[106.8141487,10.8706194],[106.8140462,10.8700976],[106.814031,10.870019],[106.8139857,10.8695306],[106.8139559,10.8693361],[106.8139526,10.8692848],[106.8139274,10.8691037],[106.8138985,10.8688928],[106.8138923,10.8688649],[106.8138714,10.8686942],[106.8137729,10.8679375],[106.8076192,10.8689715]]",10,1675.664,20,7296;7294;7292;7290;7288;7286;7284;7282;7280;7278,UTRAFFIC-HCM-V6,DERIVED
LM_EDGE_0139,LM_051,LM_033,Đường D1 → D1 → Xa Lộ Hà Nội,AGGREGATED_PATH,SOURCE_DIRECTED_PATH,3274.386,5.821228,1,0,NO_RECORD_IN_SELECTED_SOURCES,"[[106.8085906,10.8404375],[106.8087207,10.8415467],[106.8088152,10.8416298],[106.8071957,10.8432008],[106.8068034,10.8435747],[106.8063864,10.8439723],[106.8057871,10.8445448],[106.8053266,10.8449654],[106.8049358,10.8453955],[106.8044855,10.8457586],[106.8043906,10.8458528],[106.8011838,10.8488982],[106.8008695,10.8492092],[106.8006166,10.8494539],[106.7980185,10.851968],[106.7977524,10.8522112],[106.7966216,10.8533104],[106.7963821,10.8534741],[106.7962043,10.8535804],[106.7959873,10.853693],[106.7956977,10.853793],[106.7954536,10.8538749],[106.7952379,10.8539371],[106.7939216,10.8542777],[106.7922966,10.8547034],[106.7906728,10.8551445],[106.7900765,10.8553159],[106.7899094,10.8553683],[106.7897566,10.8554393],[106.7896386,10.8555055],[106.7895473,10.8555711],[106.7894669,10.8556528],[106.7893891,10.8557423],[106.789314,10.8558477],[106.789255,10.8559586],[106.7891815,10.8560885],[106.7886361,10.8569515],[106.7881207,10.8577581],[106.788085,10.8578137],[106.7880235,10.8579183],[106.7883514,10.8581292],[106.788657,10.8583436],[106.7887514,10.8584028],[106.788925,10.8585095],[106.7888364,10.8589894]]",42,178.386,20,43441;43475;43476;43477;43478;43467;43464;43465;43466;33677;29748;29749;29750;60309;60310;60311;60312;60313;60314;60315;60316;60317;60318;60319;60320;60321;60322;60323;60324;60325;60326;60327;60328;60329;60330;60331;60332;60333;82024;81993;81994;81995,UTRAFFIC-HCM-V6,DERIVED
LM_EDGE_0140,LM_051,LM_045,Đường D1 → D1,AGGREGATED_PATH,SOURCE_DIRECTED_PATH,3820.200,6.813027,1,0,NO_RECORD_IN_SELECTED_SOURCES,"[[106.8085906,10.8404375],[106.8087207,10.8415467],[106.8088152,10.8416298],[106.8071957,10.8432008],[106.8068034,10.8435747],[106.8063864,10.8439723],[106.8057871,10.8445448],[106.8053266,10.8449654],[106.8049358,10.8453955],[106.8044855,10.8457586],[106.8043906,10.8458528],[106.8011838,10.8488982],[106.8008695,10.8492092],[106.8006166,10.8494539],[106.7980185,10.851968],[106.7977524,10.8522112],[106.7966216,10.8533104],[106.7963821,10.8534741],[106.7962043,10.8535804],[106.7959873,10.853693],[106.7956977,10.853793],[106.7954536,10.8538749],[106.7952379,10.8539371],[106.7939216,10.8542777],[106.7922966,10.8547034],[106.7906728,10.8551445],[106.7906285,10.8549713],[106.7922535,10.8545325],[106.7938763,10.8541007],[106.7951905,10.8537494],[106.7952366,10.8537381],[106.795389,10.8537009],[106.7956094,10.8536335],[106.7957912,10.853564],[106.7959418,10.8535045],[106.7961026,10.8534144],[106.7962846,10.8532902],[106.7964217,10.8531941],[106.7969025,10.8527613],[106.7978848,10.8518386],[106.7980975,10.8516348],[106.798572,10.8511801],[106.7990756,10.8506974],[106.7990996,10.8500499]]",41,196.200,20,43441;43475;43476;43477;43478;43467;43464;43465;43466;33677;29748;29749;29750;60309;60310;60311;60312;60313;60314;60315;60316;60317;60318;60319;33675;29795;29796;29797;29798;29799;29800;29801;29802;29803;29804;29805;29806;29807;29808;29809;29810,UTRAFFIC-HCM-V6,DERIVED
LM_EDGE_0141,LM_051,LM_054,Đường D1,AGGREGATED_PATH,SOURCE_DIRECTED_PATH,272.962,0.805887,1,0,NO_RECORD_IN_SELECTED_SOURCES,"[[106.8085906,10.8404375],[106.8087207,10.8415467],[106.8088152,10.8416298],[106.8100399,10.8414179]]",1,259.962,20,43441,UTRAFFIC-HCM-V6,DERIVED
LM_EDGE_0142,LM_052,LM_005,Hoàng Diệu 2 → Lê Văn Chí,AGGREGATED_PATH,SOURCE_DIRECTED_PATH,1608.390,3.506169,1,0,NO_RECORD_IN_SELECTED_SOURCES,"[[106.7717145,10.8520722],[106.7717055,10.8539761],[106.7717841,10.8539941],[106.7719011,10.8540432],[106.7722873,10.8542224],[106.7727701,10.8544067],[106.772986,10.8544859],[106.7730251,10.8546379],[106.7730838,10.8547408],[106.7731114,10.8547892],[106.7732593,10.8549708],[106.7733764,10.8550434],[106.7735859,10.8551826],[106.7738625,10.8553258],[106.774098,10.8554639],[106.7742859,10.8555741],[106.7756944,10.8564273],[106.7762561,10.8567442],[106.7766016,10.8569564],[106.776738,10.8571009],[106.7768335,10.8572156],[106.7768972,10.8573164],[106.7771151,10.8576608],[106.7773236,10.8580186],[106.7774425,10.8582465],[106.7778234,10.8589411],[106.7779324,10.859024],[106.7780856,10.8592804],[106.7783306,10.8596904],[106.7785104,10.8600037],[106.7785895,10.8601415],[106.7786294,10.8602109],[106.7790174,10.860887],[106.7792544,10.8613029],[106.7794416,10.8616314],[106.779752,10.8621761],[106.7798417,10.8623511],[106.7805429,10.8622334]]",35,289.390,20,2315;2313;2311;2309;2307;17388;17386;17384;17382;17380;17378;17376;17374;17372;17370;17368;17366;17364;17362;17360;17358;17356;17354;17352;17350;17348;17346;17344;17342;17340;17338;17336;17334;17332;17330,UTRAFFIC-HCM-V6,DERIVED
LM_EDGE_0143,LM_052,LM_043,Hoàng Diệu 2 → Lê Văn Chí → Nguyễn Văn Bá → Võ Văn Ngân → Lê Văn Việt → Đường Song Hành Xa lộ Hà Nội,AGGREGATED_PATH,SOURCE_DIRECTED_PATH,1621.345,3.558036,1,0,NO_RECORD_IN_SELECTED_SOURCES,"[[106.7717145,10.8520722],[106.7717055,10.8539761],[106.7717841,10.8539941],[106.7719011,10.8540432],[106.7722873,10.8542224],[106.7727701,10.8544067],[106.772986,10.8544859],[106.772982,10.8543474],[106.773019,10.8541719],[106.7730492,10.8540618],[106.7730914,10.8539591],[106.7731177,10.853877],[106.7731901,10.8537663],[106.7732621,10.8536867],[106.7733165,10.8535864],[106.773405,10.8534519],[106.7737023,10.8529041],[106.7741646,10.852144],[106.7742857,10.8519254],[106.7743436,10.8517978],[106.7743662,10.8516067],[106.774357,10.8514553],[106.7741879,10.8510768],[106.7739873,10.8506741],[106.7739348,10.8505379],[106.7738812,10.8504044],[106.7737208,10.8501106],[106.7735321,10.8498652],[106.773359,10.8496688],[106.7733146,10.8495937],[106.7732859,10.8495648],[106.7733787,10.849521],[106.7734634,10.8494802],[106.7735629,10.8494141],[106.7737207,10.8492956],[106.7738496,10.8491795],[106.7740011,10.8490444],[106.7740931,10.8489642],[106.7742039,10.8488622],[106.7737091,10.848298],[106.7734838,10.8480175],[106.7733054,10.8477712],[106.7730945,10.8474042],[106.7730734,10.8473918],[106.7723836,10.8462429],[106.772368,10.8462169],[106.7721905,10.8459052],[106.7721128,10.845786],[106.7720186,10.8456033],[106.7727016,10.8449562]]",47,315.345,20,2315;2313;2311;2309;2307;17389;17391;17393;17395;17397;17399;17401;17403;17405;17407;17409;17411;17413;17415;17417;17419;17421;17423;17425;17427;69417;52044;82069;82071;29903;29904;29905;29906;29907;29908;29892;29893;65640;65638;65636;65634;65632;65630;65628;65626;65624;65622,UTRAFFIC-HCM-V6,DERIVED
LM_EDGE_0144,LM_052,LM_047,Hoàng Diệu 2 → Lê Văn Chí → Nguyễn Văn Bá,AGGREGATED_PATH,SOURCE_DIRECTED_PATH,1427.624,3.105871,1,0,NO_RECORD_IN_SELECTED_SOURCES,"[[106.7717145,10.8520722],[106.7717055,10.8539761],[106.7717841,10.8539941],[106.7719011,10.8540432],[106.7722873,10.8542224],[106.7727701,10.8544067],[106.772986,10.8544859],[106.772982,10.8543474],[106.773019,10.8541719],[106.7730492,10.8540618],[106.7730914,10.8539591],[106.7731177,10.853877],[106.7731901,10.8537663],[106.7732621,10.8536867],[106.7733165,10.8535864],[106.773405,10.8534519],[106.7737023,10.8529041],[106.7741646,10.852144],[106.7742857,10.8519254],[106.7743436,10.8517978],[106.7743662,10.8516067],[106.774357,10.8514553],[106.7741879,10.8510768],[106.7739873,10.8506741],[106.7739348,10.8505379],[106.7738812,10.8504044],[106.7737208,10.8501106],[106.7735321,10.8498652],[106.773359,10.8496688],[106.7733146,10.8495937],[106.7732859,10.8495648],[106.7732164,10.8494348],[106.7731994,10.8493702],[106.7731733,10.8492918],[106.7729343,10.8488911],[106.7724049,10.848047],[106.7718977,10.847152],[106.7713523,10.8462169],[106.7716521,10.8464061]]",36,250.624,20,2315;2313;2311;2309;2307;17389;17391;17393;17395;17397;17399;17401;17403;17405;17407;17409;17411;17413;17415;17417;17419;17421;17423;17425;17427;69417;52044;82069;82071;69437;57953;57951;57949;57947;57945;57943,UTRAFFIC-HCM-V6,DERIVED
LM_EDGE_0145,LM_053,LM_002,Cầu vượt Trạm 2,AGGREGATED_PATH,SOURCE_DIRECTED_PATH,1597.584,4.774418,1,0,NO_RECORD_IN_SELECTED_SOURCES,"[[106.8034308,10.8699883],[106.7963402,10.8641933],[106.7963923,10.8640996],[106.8012008,10.8662985]]",1,1586.584,20,28807,UTRAFFIC-HCM-V6,DERIVED
LM_EDGE_0146,LM_053,LM_034,Cầu vượt Trạm 2 → Cầu vượt Thủ Đức → Xa Lộ Hà Nội → Quốc lộ 1,AGGREGATED_PATH,SOURCE_DIRECTED_PATH,2909.259,6.549842,1,0,NO_RECORD_IN_SELECTED_SOURCES,"[[106.8034308,10.8699883],[106.7963402,10.8641933],[106.7963923,10.8640996],[106.7964124,10.8640457],[106.7964261,10.8639768],[106.7964391,10.8638879],[106.7964415,10.8638097],[106.7964376,10.8637379],[106.7964231,10.8636521],[106.7964012,10.8635527],[106.7963801,10.8635067],[106.7963341,10.8633964],[106.7962773,10.8632986],[106.7962152,10.8631877],[106.796194,10.8631499],[106.796101,10.8630232],[106.7960261,10.8629774],[106.7954677,10.8626358],[106.7950119,10.862383],[106.7948467,10.8622914],[106.7946722,10.8622575],[106.7946474,10.8622534],[106.7945633,10.8622393],[106.7944202,10.8622147],[106.7942868,10.8622228],[106.7941773,10.862239],[106.7940708,10.8622634],[106.7939714,10.8623],[106.7938689,10.8623631],[106.7937705,10.8624444],[106.7937076,10.8625327],[106.7936704,10.8626091],[106.7936368,10.8626994],[106.7936142,10.8628103],[106.7936021,10.8629246],[106.7936092,10.8630131],[106.7936342,10.8631102],[106.7936706,10.8631975],[106.793713,10.8632793],[106.7937726,10.8633488],[106.7938209,10.8633951],[106.7939143,10.8634657],[106.7940031,10.8635091],[106.7940917,10.8635495],[106.7942087,10.8635794],[106.7943,10.8635824],[106.7943928,10.8635731],[106.794472,10.8635565],[106.7945465,10.8635296],[106.7946299,10.8634875],[106.794712,10.8634324],[106.7947984,10.863363],[106.7949558,10.8632015],[106.7950973,10.8630626],[106.7951622,10.8629675],[106.7957769,10.8619893],[106.7958668,10.8618381],[106.7961088,10.8614947],[106.7964496,10.8609842],[106.7966111,10.8607657],[106.7968994,10.8604288],[106.7971053,10.8602062],[106.7972502,10.8600621],[106.7977406,10.8596206],[106.7978686,10.8595033],[106.7981672,10.8592311],[106.7982379,10.8592315],[106.7982768,10.8592538],[106.7983062,10.8593077],[106.7983097,10.8593692],[106.8037899,10.8619124]]",68,1669.259,20,28807;28808;28809;28810;28811;28812;28813;28814;28815;28816;28817;46078;46079;46080;45939;45940;17304;17305;28756;28757;81988;81989;46081;46082;46083;46084;46085;46086;46087;46088;46089;46090;46091;46092;46093;46094;46095;46096;46097;46098;46099;46100;46101;46102;46103;46104;46105;46106;46107;46108;46109;46110;59401;21787;21786;21735;21736;21737;21738;21739;21740;21741;21742;21743;21744;21745;21746;21747,UTRAFFIC-HCM-V6,DERIVED
LM_EDGE_0147,LM_054,LM_033,D1 → Đường D1 → Xa Lộ Hà Nội,AGGREGATED_PATH,SOURCE_DIRECTED_PATH,3273.042,5.830197,1,0,NO_RECORD_IN_SELECTED_SOURCES,"[[106.8100399,10.8414179],[106.8088152,10.8416298],[106.8071957,10.8432008],[106.8068034,10.8435747],[106.8063864,10.8439723],[106.8057871,10.8445448],[106.8053266,10.8449654],[106.8049358,10.8453955],[106.8044855,10.8457586],[106.8043906,10.8458528],[106.8011838,10.8488982],[106.8008695,10.8492092],[106.8006166,10.8494539],[106.7980185,10.851968],[106.7977524,10.8522112],[106.7966216,10.8533104],[106.7963821,10.8534741],[106.7962043,10.8535804],[106.7959873,10.853693],[106.7956977,10.853793],[106.7954536,10.8538749],[106.7952379,10.8539371],[106.7939216,10.8542777],[106.7922966,10.8547034],[106.7906728,10.8551445],[106.7900765,10.8553159],[106.7899094,10.8553683],[106.7897566,10.8554393],[106.7896386,10.8555055],[106.7895473,10.8555711],[106.7894669,10.8556528],[106.7893891,10.8557423],[106.789314,10.8558477],[106.789255,10.8559586],[106.7891815,10.8560885],[106.7886361,10.8569515],[106.7881207,10.8577581],[106.788085,10.8578137],[106.7880235,10.8579183],[106.7883514,10.8581292],[106.788657,10.8583436],[106.7887514,10.8584028],[106.788925,10.8585095],[106.7888364,10.8589894]]",41,190.042,20,43475;43476;43477;43478;43467;43464;43465;43466;33677;29748;29749;29750;60309;60310;60311;60312;60313;60314;60315;60316;60317;60318;60319;60320;60321;60322;60323;60324;60325;60326;60327;60328;60329;60330;60331;60332;60333;82024;81993;81994;81995,UTRAFFIC-HCM-V6,DERIVED
LM_EDGE_0148,LM_054,LM_051,Đường D1,AGGREGATED_PATH,SOURCE_DIRECTED_PATH,272.962,0.805887,1,0,NO_RECORD_IN_SELECTED_SOURCES,"[[106.8100399,10.8414179],[106.8088152,10.8416298],[106.8087207,10.8415467],[106.8085906,10.8404375]]",1,259.962,20,43442,UTRAFFIC-HCM-V6,DERIVED
LM_EDGE_0149,LM_055,LM_006,Tô Ngọc Vân → Phú Châu,AGGREGATED_PATH,SOURCE_DIRECTED_PATH,424.601,0.938803,1,0,NO_RECORD_IN_SELECTED_SOURCES,"[[106.7437487,10.8626402],[106.7437813,10.8623844],[106.7440598,10.8622103],[106.7448654,10.8628859],[106.7454883,10.8634184],[106.7455507,10.8634757],[106.7459861,10.8640284],[106.746033,10.8640879],[106.7455723,10.8643971]]",6,89.601,20,56170;4527;4529;4531;4533;4535,UTRAFFIC-HCM-V6,DERIVED
LM_EDGE_0150,LM_055,LM_025,Tô Ngọc Vân → Cầu vượt Ngã tư Gò Dưa → Phường Tam Bình → Phường An Bình,AGGREGATED_PATH,SOURCE_DIRECTED_PATH,1777.440,3.634749,1,0,NO_RECORD_IN_SELECTED_SOURCES,"[[106.7437487,10.8626402],[106.7437813,10.8623844],[106.743489,10.8625757],[106.7428922,10.8629315],[106.7428263,10.8629833],[106.7426357,10.8631155],[106.7425084,10.8632331],[106.7423735,10.863398],[106.7423313,10.8634559],[106.7421988,10.863722],[106.7420599,10.8641695],[106.7420101,10.864324],[106.7419747,10.8644685],[106.7419258,10.864662],[106.7417965,10.8651244],[106.7417337,10.8652968],[106.7417093,10.8653474],[106.7416331,10.8655102],[106.741542,10.8656945],[106.7414148,10.8658106],[106.7412853,10.8658957],[106.7411616,10.8659537],[106.7410889,10.8659778],[106.7408856,10.8660036],[106.7407389,10.8660235],[106.740674,10.8660323],[106.7403861,10.8660714],[106.740332,10.8660787],[106.7402027,10.8660869],[106.7396064,10.866125],[106.7394124,10.8661229],[106.7392333,10.8661645],[106.7390324,10.8661988],[106.7389981,10.8662141],[106.7389136,10.8662518],[106.738835,10.8662869],[106.7387414,10.8663403],[106.7386467,10.8664286],[106.7385813,10.8664793],[106.7383712,10.8666964],[106.7381134,10.8670022],[106.7379129,10.86724],[106.7378142,10.8673393],[106.7376953,10.8674241],[106.7375063,10.867529],[106.7373193,10.8676086],[106.7370661,10.8677],[106.7367525,10.8678228],[106.7364768,10.8679307],[106.736214,10.8680302],[106.7361943,10.8680376],[106.7358116,10.8681825],[106.7357311,10.8682183],[106.7356289,10.8682636],[106.7352291,10.8684412],[106.7351408,10.8684869],[106.7348303,10.8686477],[106.7345926,10.8688685],[106.734339,10.8691206],[106.7341494,10.8693592],[106.7340269,10.8695293],[106.7339246,10.8698305],[106.7339103,10.8699591],[106.7339349,10.8700612],[106.7339902,10.8701878],[106.7340413,10.8702758],[106.7341834,10.8703392],[106.7343208,10.8704094],[106.7349806,10.8707333],[106.7350147,10.8707499],[106.7356099,10.8709993],[106.735563,10.8703194]]",69,104.440,20,56169;56167;56165;56163;56161;56159;56157;56155;56153;56151;56149;56147;56145;56143;56141;56139;56137;56135;56133;56131;56129;56127;56125;56123;56121;56119;56117;56115;56113;56111;56109;56107;56105;56103;56101;56099;56097;56095;56093;56091;56089;56087;56085;56083;56081;56079;56077;56075;56073;56071;56069;56067;56065;56063;56061;56059;56057;56055;56053;56215;56216;56217;56218;56219;81662;81663;81664;81665;81666,UTRAFFIC-HCM-V6,DERIVED
LM_EDGE_0151,LM_055,LM_036,Tô Ngọc Vân → Kha Vạn Cân → Võ Văn Ngân,AGGREGATED_PATH,SOURCE_DIRECTED_PATH,2495.472,5.071416,1,0,NO_RECORD_IN_SELECTED_SOURCES,"[[106.7437487,10.8626402],[106.7437813,10.8623844],[106.7440598,10.8622103],[106.7442141,10.8620989],[106.7443078,10.8620201],[106.744429,10.8619196],[106.7445396,10.8618279],[106.7446851,10.8617072],[106.7450368,10.8614441],[106.7450857,10.8614029],[106.7453347,10.8611933],[106.745616,10.8608764],[106.7458633,10.8606651],[106.7462624,10.8602731],[106.7466347,10.8599073],[106.7468774,10.8596855],[106.7471517,10.859653],[106.7472491,10.8596497],[106.7474172,10.8596486],[106.7477818,10.8596536],[106.7481177,10.8596669],[106.7482893,10.8594289],[106.7484422,10.8591634],[106.7485805,10.8589234],[106.7486316,10.8588251],[106.7489017,10.8583265],[106.7489518,10.858245],[106.749019,10.8581357],[106.7490814,10.8580341],[106.7492672,10.8578034],[106.7493657,10.8576811],[106.7495305,10.8574901],[106.7496496,10.8573521],[106.749693,10.8573018],[106.7498271,10.8570778],[106.7499649,10.8568348],[106.7500647,10.8567102],[106.7502267,10.8564175],[106.7503391,10.8562022],[106.7503978,10.8560725],[106.7505338,10.8557721],[106.7505955,10.8555432],[106.7507481,10.8549774],[106.7507816,10.854853],[106.7508499,10.8545007],[106.7508721,10.8543864],[106.7508902,10.8542554],[106.750961,10.8540608],[106.7510317,10.8539078],[106.7511235,10.8537487],[106.7512935,10.8535126],[106.7513673,10.8534366],[106.7514466,10.8533479],[106.7516469,10.8531573],[106.7517948,10.8530695],[106.7519554,10.8529935],[106.7526385,10.852563],[106.7527447,10.8524842],[106.7529428,10.8523373],[106.7530199,10.8521555],[106.7531231,10.8519544],[106.753294,10.8516274],[106.753491,10.8513541],[106.7535187,10.8513248],[106.7535846,10.8512781],[106.7536329,10.8512781],[106.7543369,10.8512632],[106.7546545,10.8512565],[106.7548899,10.8512045],[106.7548724,10.8511834],[106.7548624,10.8511581],[106.7548609,10.851131],[106.7548708,10.8510993],[106.754892,10.8510736],[106.7549216,10.8510576],[106.7549551,10.8510537],[106.7549877,10.8510625],[106.7550089,10.8510771],[106.755025,10.8510971],[106.7550343,10.8511208],[106.7550363,10.8511462],[106.7550306,10.851171],[106.7551817,10.8511813],[106.7554506,10.8511579],[106.7554761,10.8511526],[106.7556645,10.8511418],[106.7557775,10.8511369],[106.7558304,10.8511277],[106.7559262,10.8511306],[106.7559921,10.8511326],[106.7560336,10.8511346],[106.7561144,10.8511402],[106.7565153,10.8512042],[106.7566862,10.851227],[106.7567647,10.8512375],[106.7568863,10.8512421],[106.7570876,10.8512498],[106.7573208,10.8512115],[106.7575574,10.8511374],[106.7580574,10.8509701],[106.7583912,10.8508014],[106.7586699,10.8505984],[106.7588251,10.8506322],[106.759378,10.850597],[106.7597097,10.8505759],[106.7598726,10.8505703],[106.7599916,10.8505632],[106.7602131,10.8509752]]",105,80.472,20,56170;56172;56174;56176;56178;56180;56182;56184;56186;56188;56190;56192;56194;56196;56198;56200;56202;56204;56206;16587;16589;16591;16593;16595;16597;16599;16601;16603;16605;16607;16609;16611;16613;16615;16617;16619;16621;16623;16625;16627;16629;16631;16633;16635;16637;16639;16641;16643;16645;16647;16649;16651;16653;16655;16657;16659;16661;16663;16665;16667;16669;16671;16673;16675;16677;16679;16681;37516;37498;37499;37500;37501;37502;37503;37504;37505;37506;37507;37508;37509;10317;10319;10321;10323;10325;10327;10329;10331;10333;10335;10337;10339;10341;10343;10345;10347;10349;10351;10353;10355;52090;52092;52094;52096;52098,UTRAFFIC-HCM-V6,DERIVED
LM_EDGE_0152,LM_055,LM_048,Tô Ngọc Vân → Gò Dưa → Tam Châu → Phường Tam Phú → Phường Tam Bình,AGGREGATED_PATH,SOURCE_DIRECTED_PATH,2906.189,6.029167,1,0,NO_RECORD_IN_SELECTED_SOURCES,"[[106.7437487,10.8626402],[106.7437813,10.8623844],[106.743489,10.8625757],[106.7428922,10.8629315],[106.7428263,10.8629833],[106.7426357,10.8631155],[106.7425084,10.8632331],[106.7423735,10.863398],[106.7423313,10.8634559],[106.7421988,10.863722],[106.7420599,10.8641695],[106.7420101,10.864324],[106.7419747,10.8644685],[106.7419258,10.864662],[106.7417965,10.8651244],[106.7417337,10.8652968],[106.7417093,10.8653474],[106.7416331,10.8655102],[106.741542,10.8656945],[106.7414148,10.8658106],[106.7412853,10.8658957],[106.7411616,10.8659537],[106.7410889,10.8659778],[106.7408856,10.8660036],[106.7407389,10.8660235],[106.740674,10.8660323],[106.7403861,10.8660714],[106.740332,10.8660787],[106.7402027,10.8660869],[106.7396064,10.866125],[106.7394124,10.8661229],[106.7392333,10.8661645],[106.7390324,10.8661988],[106.7389981,10.8662141],[106.7389136,10.8662518],[106.738835,10.8662869],[106.7387414,10.8663403],[106.7386467,10.8664286],[106.7385813,10.8664793],[106.7383712,10.8666964],[106.7381134,10.8670022],[106.7379129,10.86724],[106.7378142,10.8673393],[106.7376953,10.8674241],[106.7375063,10.867529],[106.7373193,10.8676086],[106.7370661,10.8677],[106.7367525,10.8678228],[106.7364768,10.8679307],[106.736214,10.8680302],[106.7361943,10.8680376],[106.7358116,10.8681825],[106.7357311,10.8682183],[106.7356289,10.8682636],[106.7352291,10.8684412],[106.7351408,10.8684869],[106.7348303,10.8686477],[106.7351929,10.8687842],[106.73608,10.8691182],[106.7362714,10.8691872],[106.7366583,10.8692965],[106.7367308,10.869317],[106.7371679,10.8694747],[106.7372118,10.8694915],[106.7375436,10.8696319],[106.737928,10.8697912],[106.7379666,10.8697656],[106.7385991,10.8700495],[106.7389023,10.8701657],[106.739242,10.87027],[106.7396963,10.8704319],[106.7402788,10.8706394],[106.7410019,10.8709623],[106.741456,10.871165],[106.7415034,10.8711889],[106.7417349,10.8713055],[106.7419618,10.8714198],[106.7425493,10.8717061],[106.7427385,10.8713194],[106.7428821,10.8710353],[106.7430255,10.87081],[106.7431459,10.8705894],[106.7433375,10.8702174],[106.7433645,10.8701655],[106.7436192,10.8697237],[106.7437953,10.8693793],[106.7438244,10.8692998],[106.7440357,10.8688557],[106.7440578,10.8688025],[106.7442014,10.8684566],[106.7442581,10.86832],[106.7442796,10.8682681],[106.7443362,10.8681318],[106.744399,10.8680235],[106.7445547,10.8677554],[106.7446895,10.8676337],[106.7448773,10.8674654],[106.7449916,10.8673068],[106.7450121,10.8672379],[106.7463839,10.8671055]]",97,179.189,20,56169;56167;56165;56163;56161;56159;56157;56155;56153;56151;56149;56147;56145;56143;56141;56139;56137;56135;56133;56131;56129;56127;56125;56123;56121;56119;56117;56115;56113;56111;56109;56107;56105;56103;56101;56099;56097;56095;56093;56091;56089;56087;56085;56083;56081;56079;56077;56075;56073;56071;56069;56067;56065;56063;56061;2577;2579;2581;2583;2585;2587;2589;2591;2593;2595;2597;2599;2601;2603;2605;2607;2609;2611;2613;2615;2617;5697;5699;6449;6451;6453;5246;5248;7935;7937;7939;7941;7943;7945;7947;7949;7951;7953;7955;7957;7959;7961,UTRAFFIC-HCM-V6,DERIVED
LM_EDGE_0153,LM_056,LM_011,Lương Định Của → Cầu Ông Tranh,AGGREGATED_PATH,SOURCE_DIRECTED_PATH,1917.074,4.205221,1,0,NO_RECORD_IN_SELECTED_SOURCES,"[[106.7338681,10.7884669],[106.733899,10.787522],[106.7346373,10.7878947],[106.7349862,10.7880817],[106.735492,10.7883421],[106.7355363,10.7883701],[106.7358841,10.7885625],[106.7364547,10.7888427],[106.7366331,10.7889377],[106.7371031,10.7891594],[106.7373043,10.7892278],[106.7375483,10.7892947],[106.7380353,10.7894034],[106.7387481,10.7895624],[106.7396081,10.7897467],[106.7400195,10.7898298],[106.7405035,10.7899275],[106.7415582,10.7901812],[106.7424367,10.7903651],[106.7440527,10.7907035],[106.7454106,10.7910131],[106.7457291,10.791075],[106.7460317,10.7911512],[106.7474819,10.7914725],[106.7468051,10.79377]]",22,371.074,20,23084;23086;23088;23090;23092;23094;23096;23098;23100;23102;23104;23106;23108;19940;19942;19944;19946;19948;19950;19952;19954;19956,UTRAFFIC-HCM-V6,DERIVED
LM_EDGE_0154,LM_056,LM_044,Lương Định Của → Trần Não → Đường N2 → Mai Chí Thọ → Cầu Kênh 2 → Nguyễn Cơ Thạch,AGGREGATED_PATH,SOURCE_DIRECTED_PATH,2703.581,4.676887,1,0,NO_RECORD_IN_SELECTED_SOURCES,"[[106.7338681,10.7884669],[106.733899,10.787522],[106.7336634,10.7874007],[106.7335379,10.7873327],[106.7334363,10.7872777],[106.7332453,10.7871723],[106.7328048,10.7869294],[106.7323727,10.7867061],[106.7320466,10.7865236],[106.7318772,10.7864325],[106.730987,10.7859537],[106.7308426,10.785876],[106.7305765,10.7857382],[106.729788,10.7853299],[106.7294753,10.78517],[106.7294082,10.7851331],[106.7293344,10.7850988],[106.7294191,10.7850187],[106.729419,10.7849256],[106.7294027,10.784788],[106.729365,10.7844755],[106.7292979,10.7840806],[106.7292387,10.7836448],[106.7291755,10.7831801],[106.7291683,10.7830004],[106.7291417,10.7828729],[106.729132,10.7828264],[106.7290421,10.782549],[106.7288294,10.781915],[106.7287002,10.7816066],[106.7286171,10.7814816],[106.7284087,10.7801744],[106.7282833,10.7798774],[106.7281852,10.7796373],[106.7281473,10.7794388],[106.7280432,10.7789314],[106.7280266,10.7787039],[106.7279642,10.7784704],[106.7278456,10.7782377],[106.7277949,10.7781334],[106.7277809,10.7780738],[106.7277843,10.7780073],[106.7279144,10.7776898],[106.7279385,10.7776007],[106.7279318,10.7775278],[106.7278728,10.7774539],[106.7269742,10.7769995],[106.7269233,10.776952],[106.7269059,10.7768961],[106.7269058,10.7768413],[106.7269164,10.7767667],[106.7272052,10.7761854],[106.7273153,10.7759924],[106.7273717,10.7758863],[106.72736,10.7758785],[106.7271756,10.7757824],[106.7248969,10.7745747],[106.7241133,10.7741827],[106.7230055,10.7736088],[106.7226845,10.7734663],[106.7228281,10.7731704],[106.7228783,10.7730669],[106.7233102,10.7721531],[106.7222396,10.7716131],[106.7219492,10.7720547]]",62,163.581,20,23083;23081;23079;23077;23075;23073;23111;43548;43546;43544;43542;43540;43538;43536;43534;74438;66264;66262;66260;66258;66256;66254;66252;66250;66248;66246;66244;66242;66240;66238;66236;66234;66232;66230;20001;19999;19997;19995;19993;19991;19989;19987;19985;19983;19981;19979;19977;19975;19973;19971;19969;74141;35956;35957;35958;35855;35861;35862;83961;83963;83968;72660,UTRAFFIC-HCM-V6,DERIVED
LM_EDGE_0155,LM_057,LM_008,Nguyễn Duy Trinh → Lê Văn Thịnh,AGGREGATED_PATH,SOURCE_DIRECTED_PATH,1185.800,2.842399,1,0,NO_RECORD_IN_SELECTED_SOURCES,"[[106.7720345,10.7891613],[106.7717415,10.7884579],[106.7716679,10.7884681],[106.7713099,10.788501],[106.7711851,10.7885126],[106.7709032,10.7885389],[106.7705858,10.7885685],[106.7704273,10.7885833],[106.7700851,10.7886151],[106.7700137,10.7886218],[106.7695536,10.7886241],[106.7691701,10.7885301],[106.7690723,10.7885026],[106.7691843,10.7873946],[106.7691656,10.7872662],[106.7691402,10.7870919],[106.7691133,10.7869073],[106.7690835,10.7867029],[106.7689879,10.7860467],[106.7689393,10.7857137],[106.7688602,10.7852642],[106.7690262,10.7843937],[106.76917,10.7838095],[106.7692381,10.783268],[106.7692971,10.7828399],[106.7693564,10.7826236],[106.7694312,10.7821201],[106.7685006,10.7822228]]",25,186.800,20,12390;12388;12386;12384;12382;12380;12378;12376;12374;12372;12370;146;144;142;140;138;136;134;132;130;128;126;124;122;120,UTRAFFIC-HCM-V6,DERIVED
LM_EDGE_0156,LM_057,LM_020,Nguyễn Duy Trinh,AGGREGATED_PATH,SOURCE_DIRECTED_PATH,1858.442,3.860327,1,0,NO_RECORD_IN_SELECTED_SOURCES,"[[106.7720345,10.7891613],[106.7717415,10.7884579],[106.7716679,10.7884681],[106.7713099,10.788501],[106.7711851,10.7885126],[106.7709032,10.7885389],[106.7705858,10.7885685],[106.7704273,10.7885833],[106.7700851,10.7886151],[106.7700137,10.7886218],[106.7695536,10.7886241],[106.7691701,10.7885301],[106.7690723,10.7885026],[106.7687727,10.7884765],[106.7686012,10.7884329],[106.7683786,10.7883935],[106.7677787,10.7883017],[106.7675228,10.7882636],[106.7671392,10.7881934],[106.7663832,10.7880552],[106.7660791,10.7879996],[106.7659387,10.7879715],[106.7657901,10.7879052],[106.7650907,10.787593],[106.7643233,10.7876458],[106.7636522,10.787692],[106.7632442,10.7877265],[106.7624429,10.7877943],[106.7622459,10.787811],[106.7617248,10.787855],[106.7612371,10.7878963],[106.7607861,10.7879345],[106.7605615,10.7879535],[106.7596168,10.7880334],[106.7592892,10.7880446],[106.7591467,10.7880732],[106.7588045,10.7881022],[106.7584397,10.7882363],[106.7583006,10.7882874],[106.7577319,10.7884964],[106.7575743,10.788527],[106.7571242,10.7886142],[106.7568551,10.788642],[106.7563702,10.788692],[106.7560983,10.7887201],[106.7556147,10.7889551]]",43,143.442,20,12390;12388;12386;12384;12382;12380;12378;12376;12374;12372;12370;12368;12366;12364;12362;12360;12358;12356;12354;12352;12350;12348;12346;12344;12342;12340;12338;12336;12334;12332;12330;12328;12326;12324;12322;12320;12318;12316;12314;12312;12310;12308;12306,UTRAFFIC-HCM-V6,DERIVED
LM_EDGE_0157,LM_057,LM_040,Nguyễn Duy Trinh → Đỗ Xuân Hợp → Cống đập Rạch Chiếc,AGGREGATED_PATH,SOURCE_DIRECTED_PATH,4035.997,7.402134,1,0,NO_RECORD_IN_SELECTED_SOURCES,"[[106.7720345,10.7891613],[106.7717415,10.7884579],[106.7725982,10.7883352],[106.7740146,10.7882503],[106.7741968,10.7882321],[106.7745605,10.7881987],[106.7751236,10.7881469],[106.7754168,10.7881199],[106.7758248,10.7880882],[106.7760245,10.7880612],[106.776144,10.7880497],[106.7765053,10.788095],[106.7767498,10.7882132],[106.7769693,10.7883194],[106.7773226,10.7884903],[106.7776291,10.7886424],[106.7778996,10.7887766],[106.7786133,10.7891307],[106.779295,10.7894822],[106.7795103,10.7895932],[106.7799475,10.7898187],[106.7802877,10.7899942],[106.7806887,10.7902009],[106.780752,10.7902336],[106.7809242,10.7903357],[106.7811161,10.7904036],[106.781314,10.7904194],[106.7814204,10.7904279],[106.7816085,10.7904319],[106.7816097,10.7909483],[106.7816212,10.7913068],[106.7816158,10.7914871],[106.7816192,10.7917069],[106.7816594,10.7923571],[106.7816332,10.7927097],[106.7815358,10.7929908],[106.7814192,10.7934718],[106.781341,10.7937706],[106.7812312,10.7941053],[106.7811017,10.7945001],[106.7810603,10.7946336],[106.7808995,10.795153],[106.7808194,10.7954342],[106.7806947,10.7957644],[106.7806033,10.7960633],[106.7804254,10.7966453],[106.7802592,10.7973676],[106.7801402,10.7978095],[106.7799716,10.7983905],[106.7796655,10.7993749],[106.7795816,10.7996711],[106.7794222,10.8002191],[106.7791205,10.8012747],[106.7788977,10.8020565],[106.7788078,10.8023623],[106.7786177,10.803009],[106.7785484,10.8032448],[106.7783805,10.8037851],[106.7783134,10.8040192],[106.7782642,10.8041669],[106.7782111,10.8042991],[106.7778369,10.8055395],[106.7778095,10.8056449],[106.7777749,10.8057733],[106.7776624,10.8062394],[106.7776127,10.8064453],[106.7775534,10.8066393],[106.7771164,10.808081],[106.7771061,10.8081149],[106.7769913,10.8085817],[106.7769533,10.8087517],[106.7767696,10.8090815],[106.7764336,10.8096496],[106.7763323,10.8100748],[106.7763078,10.8101689],[106.7762938,10.8102227],[106.7762206,10.8105371],[106.7761978,10.8106425],[106.7759752,10.8115773],[106.7759624,10.81163],[106.7758637,10.8120373],[106.7757518,10.8125043],[106.7757387,10.8125608],[106.7757133,10.8126716],[106.7755996,10.8130229],[106.7755534,10.8131567],[106.7754045,10.8135155],[106.7753601,10.8136383],[106.7753513,10.8136663],[106.7752034,10.814137],[106.7751892,10.8141765],[106.7749454,10.8147173],[106.7745794,10.8146595]]",90,124.997,20,12391;12393;12395;12397;12399;12401;12403;12405;12407;12409;12411;12413;12415;12417;12419;12421;12423;12425;12427;12429;12431;12433;12435;12437;12439;12441;12443;24559;24557;24555;24553;24551;24549;24547;24545;24543;24541;24539;24537;24535;24533;24531;24529;24527;24525;24523;24521;24519;24517;24515;24513;24511;24509;24507;24505;24503;24501;24499;24497;24495;24493;24491;24489;24487;24485;24483;24481;24479;24477;24475;24473;24471;24469;24467;24465;51949;51947;51945;51943;51941;51939;51937;51935;51933;51931;51929;51927;51925;51923;51921,UTRAFFIC-HCM-V6,DERIVED
LM_EDGE_0158,LM_057,LM_062,Nguyễn Duy Trinh → Cầu Xây dựng → Đường Nguyễn Duy Trinh → Vòng xoay Nguyễn Duy Trinh → Cầu Huyện Thanh → Cầu Ông Nhiêu,AGGREGATED_PATH,SOURCE_DIRECTED_PATH,5884.771,11.533799,1,0,NO_RECORD_IN_SELECTED_SOURCES,"[[106.7720345,10.7891613],[106.7717415,10.7884579],[106.7725982,10.7883352],[106.7740146,10.7882503],[106.7741968,10.7882321],[106.7745605,10.7881987],[106.7751236,10.7881469],[106.7754168,10.7881199],[106.7758248,10.7880882],[106.7760245,10.7880612],[106.776144,10.7880497],[106.7765053,10.788095],[106.7767498,10.7882132],[106.7769693,10.7883194],[106.7773226,10.7884903],[106.7776291,10.7886424],[106.7778996,10.7887766],[106.7786133,10.7891307],[106.779295,10.7894822],[106.7795103,10.7895932],[106.7799475,10.7898187],[106.7802877,10.7899942],[106.7806887,10.7902009],[106.780752,10.7902336],[106.7809242,10.7903357],[106.7811161,10.7904036],[106.781314,10.7904194],[106.7814204,10.7904279],[106.7816085,10.7904319],[106.7844246,10.7905818],[106.7847741,10.7906023],[106.7851097,10.7906221],[106.7854932,10.7906488],[106.7855845,10.7906551],[106.7857118,10.790656],[106.7865538,10.7906992],[106.7871908,10.7907237],[106.7878677,10.7907536],[106.788324,10.7907718],[106.7890457,10.7908148],[106.7891927,10.7908236],[106.7898855,10.790865],[106.7900589,10.7908754],[106.7913361,10.7909179],[106.7916926,10.7909002],[106.7919938,10.7909048],[106.7921806,10.7908956],[106.7923299,10.790867],[106.792379,10.7908109],[106.7924433,10.7907724],[106.7925165,10.7907553],[106.7925916,10.7907611],[106.7926612,10.7907894],[106.7927185,10.7908374],[106.792758,10.7909004],[106.7929063,10.7909394],[106.7933774,10.7909847],[106.7936716,10.7910471],[106.7940606,10.7910811],[106.7948762,10.791144],[106.7959064,10.7912041],[106.7968777,10.7912087],[106.7978676,10.791316],[106.7980779,10.7913283],[106.7984487,10.79135],[106.7987969,10.7913714],[106.7991358,10.7913901],[106.7994831,10.7914104],[106.8008566,10.7914707],[106.801599,10.7915573],[106.801896,10.7916232],[106.8021619,10.7916822],[106.8022795,10.7917083],[106.8027087,10.7918212],[106.8027723,10.7918379],[106.8045597,10.7922138],[106.8053271,10.7923752],[106.8055321,10.7924183],[106.8059283,10.7924982],[106.8066601,10.7926456],[106.8067854,10.792689],[106.8069138,10.7927378],[106.8069853,10.7928469],[106.8069987,10.7928991],[106.8070153,10.7929692],[106.8072174,10.7939284],[106.8074973,10.7951898],[106.8076537,10.7958945],[106.8077191,10.7961893],[106.8078643,10.7968436],[106.807956,10.7970822],[106.8084282,10.7984209],[106.8085603,10.7988126],[106.808627,10.7989925],[106.8086921,10.7991035],[106.8089431,10.7993455],[106.8093516,10.7996821],[106.8094524,10.7997651],[106.8097714,10.8000299],[106.8098251,10.8000745],[106.8098828,10.8001224],[106.8099191,10.8001526],[106.810375,10.8005328],[106.8104128,10.8005643],[106.8110389,10.8010862],[106.8118078,10.8017274],[106.8125729,10.8023731],[106.8128381,10.8025442],[106.8141574,10.8034578],[106.8142761,10.8035387],[106.8143898,10.8036174],[106.8148961,10.8039683],[106.8152637,10.804223],[106.8154613,10.8043599],[106.8159586,10.8047045],[106.8161946,10.804868],[106.8163129,10.80495],[106.816825,10.8052936],[106.8165106,10.8056944]]",116,140.771,20,12391;12393;12395;12397;12399;12401;12403;12405;12407;12409;12411;12413;12415;12417;12419;12421;12423;12425;12427;12429;12431;12433;12435;12437;12439;12441;12443;65163;65165;65167;65169;65171;65173;65175;18013;18015;18017;18019;18021;18023;18025;18027;84255;84256;84257;84258;42489;42490;42491;42492;42493;42494;42495;84299;84300;84301;84259;84261;84263;84265;84267;84269;84271;84273;84275;84277;84279;84281;84283;84285;84287;84289;84291;84293;84295;84297;43404;43406;43408;43410;43412;43414;43416;43418;43420;43422;43424;43426;43428;18011;17881;17883;17885;17887;17889;17891;17893;17895;17897;17899;17901;17903;17905;17907;17909;17911;17913;17915;17917;17919;17921;17923;17925;17927;17929;17931,UTRAFFIC-HCM-V6,DERIVED
LM_EDGE_0159,LM_058,LM_008,Nguyễn Thị Định → Lê Văn Thịnh,AGGREGATED_PATH,SOURCE_DIRECTED_PATH,1595.505,3.575800,1,0,NO_RECORD_IN_SELECTED_SOURCES,"[[106.770305,10.7743991],[106.7697693,10.7739886],[106.769429,10.7742404],[106.769129,10.7744158],[106.7689117,10.7745782],[106.7679888,10.7752303],[106.767592,10.7754421],[106.7671903,10.7757045],[106.7665671,10.7761079],[106.7657368,10.7765916],[106.7659642,10.7769125],[106.7661372,10.7771062],[106.7662617,10.7772249],[106.7663968,10.7772928],[106.7668351,10.7773189],[106.7670225,10.7773305],[106.7676993,10.7773722],[106.7679118,10.7774112],[106.7686143,10.7775413],[106.7688157,10.7775783],[106.7688803,10.7776673],[106.7688885,10.777854],[106.7688436,10.7785113],[106.7688224,10.7788217],[106.7687916,10.7792722],[106.7687938,10.7794806],[106.768807,10.7797359],[106.7688637,10.7800344],[106.7689667,10.7802304],[106.7694395,10.7807997],[106.7694894,10.7809076],[106.7695447,10.7811987],[106.769449,10.7819038],[106.7694312,10.7821201],[106.7685006,10.7822228]]",32,176.505,20,19929;19927;19925;19923;19921;19919;19917;19915;71;73;75;77;79;81;83;85;87;89;91;93;95;97;99;101;103;105;107;109;111;113;115;117,UTRAFFIC-HCM-V6,DERIVED
LM_EDGE_0160,LM_058,LM_021,Nguyễn Thị Định → Lê Văn Thịnh,AGGREGATED_PATH,SOURCE_DIRECTED_PATH,720.522,1.424852,1,0,NO_RECORD_IN_SELECTED_SOURCES,"[[106.770305,10.7743991],[106.7697693,10.7739886],[106.769429,10.7742404],[106.769129,10.7744158],[106.7689117,10.7745782],[106.7679888,10.7752303],[106.767592,10.7754421],[106.7671903,10.7757045],[106.7665671,10.7761079],[106.7657368,10.7765916],[106.7659642,10.7769125],[106.7661372,10.7771062],[106.7662617,10.7772249],[106.7663968,10.7772928],[106.7664433,10.7774416]]",12,91.522,20,19929;19927;19925;19923;19921;19919;19917;19915;71;73;75;77,UTRAFFIC-HCM-V6,DERIVED
LM_EDGE_0161,LM_058,LM_028,Đường Nguyễn Thị Đinh → Đồng Văn Cống → Cầu Giồng Ông Tố 2 → Mai Chí Thọ,AGGREGATED_PATH,SOURCE_DIRECTED_PATH,6282.224,7.575530,1,0,NO_RECORD_IN_SELECTED_SOURCES,"[[106.770305,10.7743991],[106.7697693,10.7739886],[106.7698669,10.7737983],[106.7698789,10.7736744],[106.7698693,10.7735972],[106.7698459,10.77351],[106.76979,10.7734216],[106.769754,10.7733602],[106.7696912,10.7732937],[106.7695502,10.7732418],[106.7693087,10.7731676],[106.7668722,10.7732344],[106.7663288,10.7732805],[106.7646891,10.7733089],[106.7643482,10.7733148],[106.7632807,10.7733517],[106.7627134,10.7734136],[106.7626805,10.7734285],[106.7621118,10.7736858],[106.7617542,10.7739656],[106.7614675,10.7743002],[106.7609379,10.774858],[106.7603791,10.7754888],[106.7603386,10.7755338],[106.7590885,10.7769212],[106.7586305,10.7775345],[106.758215,10.7780147],[106.7576699,10.7786157],[106.7572005,10.7791789],[106.7559781,10.7806216],[106.7557124,10.7809352],[106.7550677,10.7817282],[106.7544248,10.7824757],[106.7543372,10.782579],[106.7542694,10.7826505],[106.7520916,10.785071],[106.7513737,10.785934],[106.7511615,10.7861875],[106.750835,10.786572],[106.7506696,10.7867669],[106.7502854,10.7872482],[106.7502102,10.7873335],[106.7501271,10.7874276],[106.7500313,10.7875285],[106.7498206,10.7877678],[106.7496734,10.7875864],[106.7498748,10.7873764],[106.7499708,10.7872856],[106.7501537,10.787076],[106.7504053,10.7867376],[106.7506214,10.7863887],[106.7507111,10.7862809],[106.7508125,10.7860896],[106.7509151,10.785938],[106.7519308,10.7848512],[106.7526712,10.7839323],[106.7540185,10.7824239],[106.7540801,10.782355],[106.7543781,10.782017],[106.7557025,10.7804179],[106.7562356,10.7798168],[106.7565781,10.7794146],[106.7573095,10.7785558],[106.7573467,10.7785147],[106.7574453,10.7784064],[106.7575077,10.7783302],[106.7582455,10.7774597],[106.7583389,10.7773295],[106.7596507,10.7758367],[106.7598202,10.7756438],[106.7601494,10.7752465],[106.7606617,10.774628],[106.7612331,10.7739972],[106.7617706,10.7734973],[106.7622121,10.7732403],[106.7625286,10.7731404],[106.7627885,10.7730584],[106.7633655,10.7730064],[106.7637318,10.7729984],[106.7648268,10.7729747],[106.7663242,10.7729333],[106.7666899,10.7729342],[106.7678929,10.7728827],[106.7698702,10.7728545],[106.7697558,10.7702578]]",82,363.224,20,35790;35791;35792;35793;35794;35795;35796;35797;35798;70270;70271;70272;70273;70274;70275;70276;70277;70278;70279;70280;70281;70282;70283;70284;70285;70286;70287;70288;70289;70290;70291;70292;27524;27525;27526;27564;27565;27566;27567;27568;27569;27570;27571;47120;22097;22098;22099;22100;22101;22102;22103;22104;22172;22173;22174;22175;27527;27528;27529;27530;27531;27532;27533;27534;27535;27536;27537;27538;27539;27540;27541;27542;27543;27544;27545;27546;27547;27548;27549;27550;27551;27552,UTRAFFIC-HCM-V6,DERIVED
LM_EDGE_0162,LM_059,LM_018,Quốc lộ 13 → Quốc lộ 13 cũ → Vòng xoay Ngã tư Bình Phước → Quốc lộ 1A → Quốc lộ 1 → Gò Dưa,AGGREGATED_PATH,SOURCE_DIRECTED_PATH,4135.482,7.539875,1,0,NO_RECORD_IN_SELECTED_SOURCES,"[[106.7236342,10.860168],[106.7239894,10.8601523],[106.7238489,10.8597887],[106.7237043,10.8594132],[106.7235048,10.8588888],[106.7232477,10.8582441],[106.7227283,10.8568355],[106.7226266,10.8565752],[106.7225279,10.8563261],[106.722629,10.8562658],[106.7226641,10.8564071],[106.7226766,10.8564422],[106.7229447,10.8571655],[106.7233174,10.8581707],[106.7233451,10.8582454],[106.7234311,10.8584672],[106.7234874,10.8586031],[106.7238226,10.8594365],[106.723872,10.8595556],[106.7241994,10.8604301],[106.7242427,10.8605458],[106.7243057,10.8607139],[106.7243197,10.8607428],[106.7245994,10.8613965],[106.7247518,10.8617966],[106.7248616,10.8621027],[106.7249217,10.8623336],[106.7249595,10.8626211],[106.7249648,10.8628415],[106.7249476,10.8630416],[106.7249107,10.8632404],[106.7248719,10.8633909],[106.7248197,10.8635382],[106.7248056,10.8635667],[106.7246633,10.8638549],[106.7246469,10.8638862],[106.7244423,10.8642757],[106.7243626,10.8644252],[106.7242542,10.8646283],[106.7242576,10.864742],[106.7242522,10.8648231],[106.7242517,10.8648875],[106.7242659,10.864971],[106.7242853,10.8650375],[106.7243169,10.8651192],[106.7243622,10.8651951],[106.7244089,10.8652606],[106.7244853,10.865417],[106.7245325,10.8654404],[106.7246642,10.8655058],[106.7252649,10.8658036],[106.725489,10.8659148],[106.7257144,10.86603],[106.7262973,10.8663277],[106.7264146,10.8663876],[106.7264752,10.8664186],[106.7267175,10.8665418],[106.7267906,10.8665765],[106.7269746,10.8665927],[106.7273884,10.8666791],[106.7276205,10.8667275],[106.7280139,10.8668373],[106.7282864,10.8669134],[106.7285812,10.8669957],[106.7287841,10.8670523],[106.7288587,10.8670694],[106.7298612,10.8672988],[106.7299095,10.8673099],[106.7300953,10.8673335],[106.7304094,10.8673734],[106.7308526,10.8674296],[106.731003,10.8674487],[106.731687,10.8675417],[106.7318024,10.8675517],[106.7320705,10.8676456],[106.7322955,10.8677243],[106.7329547,10.8679461],[106.7336083,10.8681844],[106.7336853,10.8682125],[106.7335737,10.8685783],[106.7334329,10.8691056],[106.7329016,10.8708511],[106.732763,10.8713286],[106.7327826,10.8714193],[106.7328111,10.8714907],[106.7328483,10.8715361],[106.732889,10.8715767],[106.7329394,10.8716074],[106.7330129,10.8716416],[106.7330714,10.8716518],[106.7331289,10.8716492],[106.7332095,10.8716274],[106.7332855,10.8715867],[106.7333465,10.8715334],[106.7335933,10.8707695],[106.7336216,10.8706581],[106.733605,10.8705476],[106.7335708,10.8704475],[106.7335001,10.8703378],[106.733457,10.8702864],[106.7325727,10.8698625],[106.7320586,10.8696086],[106.729851,10.86848],[106.728281,10.867663],[106.7281634,10.8679065],[106.7280483,10.8681327],[106.727836,10.8685497],[106.7273184,10.869549],[106.7272126,10.8697421],[106.7275743,10.8699654]]",107,85.482,20,40045;40046;40047;40048;40049;40050;40051;28048;9797;9798;9799;9800;9801;9802;9803;9804;9805;9806;9807;9808;9809;9810;9811;9812;9813;9814;9815;9816;9817;9818;9819;9820;9821;9822;9823;9824;9825;34136;34137;34138;34139;34140;34141;34142;34143;34144;51581;51582;51583;51584;51585;51586;51587;51588;51589;51590;64151;64153;64155;64157;64159;64161;64163;64165;64167;64169;64171;64173;64175;64177;64179;64181;64183;64185;64187;64143;64145;56304;56305;64199;11162;56034;56035;56036;56037;56038;56039;56040;56041;56042;56043;56044;56045;56046;56047;56048;56049;56050;64134;64135;64136;64137;79174;79176;79178;79180;79182,UTRAFFIC-HCM-V6,DERIVED
LM_EDGE_0163,LM_059,LM_019,Quốc lộ 13 → Cầu Đúc Nhỏ → Cầu Ông Dầu → Phường Hiệp Bình Chánh,AGGREGATED_PATH,SOURCE_DIRECTED_PATH,4726.158,7.237974,1,0,NO_RECORD_IN_SELECTED_SOURCES,"[[106.7236342,10.860168],[106.7239894,10.8601523],[106.7238489,10.8597887],[106.7237043,10.8594132],[106.7235048,10.8588888],[106.7232477,10.8582441],[106.7227283,10.8568355],[106.7226266,10.8565752],[106.7225279,10.8563261],[106.722114,10.8552628],[106.7218488,10.8546027],[106.7217713,10.8544097],[106.7216089,10.8540753],[106.7215355,10.8538864],[106.7214092,10.8536063],[106.721343,10.853484],[106.7211055,10.8530448],[106.7209414,10.8527893],[106.7208765,10.8526883],[106.7207176,10.8524408],[106.719999,10.8514091],[106.7199662,10.8513564],[106.7197692,10.8510764],[106.7197026,10.8509904],[106.719673,10.8509577],[106.7195002,10.850736],[106.7193958,10.8505649],[106.7193789,10.8505355],[106.7191933,10.8502121],[106.7189625,10.84981],[106.7188578,10.8496256],[106.718705,10.8493149],[106.718603,10.849104],[106.7184662,10.8488406],[106.7183214,10.8484507],[106.7182463,10.8481925],[106.7181846,10.8479054],[106.7181283,10.8475972],[106.7181283,10.8474101],[106.7181256,10.847181],[106.7181283,10.8469837],[106.7181296,10.8468887],[106.7181453,10.8457505],[106.7181559,10.8449831],[106.7181597,10.8447035],[106.7181739,10.8436747],[106.7181605,10.84324],[106.7181256,10.8429582],[106.7180618,10.8427162],[106.7179437,10.8424396],[106.7177662,10.8420967],[106.7175144,10.8418024],[106.717469,10.8417494],[106.7172204,10.8414414],[106.7163952,10.8404194],[106.7163141,10.8403118],[106.7157129,10.8395661],[106.7156022,10.8394285],[106.7152637,10.8390331],[106.7147892,10.8385052],[106.7146677,10.838381],[106.7146199,10.8383112],[106.7143437,10.8379529],[106.7142682,10.83783],[106.7141559,10.8376473],[106.7140513,10.8374392],[106.7138984,10.837073],[106.713877,10.8369519],[106.7138421,10.8367227],[106.7138233,10.8365066],[106.7138301,10.8361751],[106.7138314,10.8361141],[106.7138367,10.8358401],[106.7138551,10.8355992],[106.7138977,10.8350756],[106.7139078,10.8347333],[106.7139038,10.8342754],[106.7139281,10.8337076],[106.7139791,10.8326579],[106.7140123,10.8319757],[106.7140482,10.8314817],[106.7140513,10.8314249],[106.7140628,10.8311354],[106.7140649,10.8310828],[106.714081,10.8306773],[106.7140945,10.8303356],[106.7141009,10.830102],[106.714106,10.8299155],[106.7141154,10.8295735],[106.7141514,10.8287038],[106.7141568,10.8283943],[106.7142058,10.8275965],[106.7142065,10.8272335],[106.7142047,10.8270523],[106.7142068,10.8268814],[106.7141958,10.8266893],[106.7140352,10.8262112],[106.7139451,10.826162],[106.7138726,10.8260899],[106.7138234,10.8260009],[106.7138016,10.8259031],[106.7138081,10.8258032],[106.7138423,10.8257089],[106.7139018,10.8256276],[106.7139281,10.825603],[106.7139568,10.8255812],[106.7140647,10.8255305],[106.7141836,10.8255167],[106.7143007,10.8255413],[106.7143948,10.8255948],[106.7144688,10.8256731],[106.714516,10.8257693],[106.7145312,10.8258464],[106.714529,10.8259248],[106.7145095,10.8260009],[106.7144737,10.826071],[106.7144232,10.8261318],[106.7143508,10.8261862],[106.7143838,10.8267631],[106.7143825,10.8269061],[106.7143823,10.8270756],[106.7143495,10.8275153],[106.7143376,10.8276741],[106.7142726,10.8288161],[106.7142203,10.8297337],[106.7146752,10.8300415]]",123,99.158,20,40045;40046;40047;40048;40049;40050;40051;40052;40053;40054;40055;40056;40057;40058;40059;40060;40061;40062;40063;40064;40142;40090;40091;40092;40093;40094;40095;40096;40097;40098;40099;40100;40101;40102;40103;40104;40105;40106;40107;40108;40109;40110;40111;40112;40113;40114;40115;40116;40117;40118;40119;40120;40121;40122;40123;40124;40125;40126;40127;40128;40129;40130;40131;40132;40133;40134;40135;40136;40137;40138;40139;40140;40141;40023;40067;40068;40069;40070;40071;40072;40073;40074;40075;40076;40077;40078;40079;40080;40081;40082;40083;40084;40085;40086;40087;69855;69856;69857;69858;69859;69860;69836;69837;69838;69839;69840;69841;69842;69843;69844;69845;69846;69847;69848;69849;69850;27283;27284;27285;27286;27287;27288;27289,UTRAFFIC-HCM-V6,DERIVED
LM_EDGE_0164,LM_059,LM_025,Quốc lộ 13 → Quốc lộ 13 cũ → Vòng xoay Ngã tư Bình Phước → Quốc lộ 1A → Quốc lộ 1 → Phường Tam Bình,AGGREGATED_PATH,SOURCE_DIRECTED_PATH,2995.603,5.391809,1,0,NO_RECORD_IN_SELECTED_SOURCES,"[[106.7236342,10.860168],[106.7239894,10.8601523],[106.7238489,10.8597887],[106.7237043,10.8594132],[106.7235048,10.8588888],[106.7232477,10.8582441],[106.7227283,10.8568355],[106.7226266,10.8565752],[106.7225279,10.8563261],[106.722629,10.8562658],[106.7226641,10.8564071],[106.7226766,10.8564422],[106.7229447,10.8571655],[106.7233174,10.8581707],[106.7233451,10.8582454],[106.7234311,10.8584672],[106.7234874,10.8586031],[106.7238226,10.8594365],[106.723872,10.8595556],[106.7241994,10.8604301],[106.7242427,10.8605458],[106.7243057,10.8607139],[106.7243197,10.8607428],[106.7245994,10.8613965],[106.7247518,10.8617966],[106.7248616,10.8621027],[106.7249217,10.8623336],[106.7249595,10.8626211],[106.7249648,10.8628415],[106.7249476,10.8630416],[106.7249107,10.8632404],[106.7248719,10.8633909],[106.7248197,10.8635382],[106.7248056,10.8635667],[106.7246633,10.8638549],[106.7246469,10.8638862],[106.7244423,10.8642757],[106.7243626,10.8644252],[106.7242542,10.8646283],[106.7242576,10.864742],[106.7242522,10.8648231],[106.7242517,10.8648875],[106.7242659,10.864971],[106.7242853,10.8650375],[106.7243169,10.8651192],[106.7243622,10.8651951],[106.7244089,10.8652606],[106.7244853,10.865417],[106.7245325,10.8654404],[106.7246642,10.8655058],[106.7252649,10.8658036],[106.725489,10.8659148],[106.7257144,10.86603],[106.7262973,10.8663277],[106.7264146,10.8663876],[106.7264752,10.8664186],[106.7267175,10.8665418],[106.7267906,10.8665765],[106.7268198,10.866593],[106.727038,10.8667077],[106.7274602,10.8669622],[106.7292375,10.8678805],[106.7298815,10.8682132],[106.7310667,10.8688256],[106.7312574,10.8689224],[106.7320479,10.8693233],[106.7326765,10.8696293],[106.7334538,10.870007],[106.7335644,10.8700603],[106.7340413,10.8702758],[106.7341834,10.8703392],[106.7343208,10.8704094],[106.7349806,10.8707333],[106.7350147,10.8707499],[106.7356099,10.8709993],[106.735563,10.8703194]]",73,114.603,20,40045;40046;40047;40048;40049;40050;40051;28048;9797;9798;9799;9800;9801;9802;9803;9804;9805;9806;9807;9808;9809;9810;9811;9812;9813;9814;9815;9816;9817;9818;9819;9820;9821;9822;9823;9824;9825;34136;34137;34138;34139;34140;34141;34142;34143;34144;51581;51582;51583;51584;51585;51586;51587;51588;51589;51590;64124;64125;64126;64127;64128;64129;64130;64131;64132;64133;81660;81661;81662;81663;81664;81665;81666,UTRAFFIC-HCM-V6,DERIVED
LM_EDGE_0165,LM_059,LM_055,Quốc lộ 13 → Quốc lộ 13 cũ → Vòng xoay Ngã tư Bình Phước → Quốc lộ 1A → Quốc lộ 1 → Gò Dưa,AGGREGATED_PATH,SOURCE_DIRECTED_PATH,4044.494,7.442482,1,0,NO_RECORD_IN_SELECTED_SOURCES,"[[106.7236342,10.860168],[106.7239894,10.8601523],[106.7238489,10.8597887],[106.7237043,10.8594132],[106.7235048,10.8588888],[106.7232477,10.8582441],[106.7227283,10.8568355],[106.7226266,10.8565752],[106.7225279,10.8563261],[106.722629,10.8562658],[106.7226641,10.8564071],[106.7226766,10.8564422],[106.7229447,10.8571655],[106.7233174,10.8581707],[106.7233451,10.8582454],[106.7234311,10.8584672],[106.7234874,10.8586031],[106.7238226,10.8594365],[106.723872,10.8595556],[106.7241994,10.8604301],[106.7242427,10.8605458],[106.7243057,10.8607139],[106.7243197,10.8607428],[106.7245994,10.8613965],[106.7247518,10.8617966],[106.7248616,10.8621027],[106.7249217,10.8623336],[106.7249595,10.8626211],[106.7249648,10.8628415],[106.7249476,10.8630416],[106.7249107,10.8632404],[106.7248719,10.8633909],[106.7248197,10.8635382],[106.7248056,10.8635667],[106.7246633,10.8638549],[106.7246469,10.8638862],[106.7244423,10.8642757],[106.7243626,10.8644252],[106.7242542,10.8646283],[106.7242576,10.864742],[106.7242522,10.8648231],[106.7242517,10.8648875],[106.7242659,10.864971],[106.7242853,10.8650375],[106.7243169,10.8651192],[106.7243622,10.8651951],[106.7244089,10.8652606],[106.7244853,10.865417],[106.7245325,10.8654404],[106.7246642,10.8655058],[106.7252649,10.8658036],[106.725489,10.8659148],[106.7257144,10.86603],[106.7262973,10.8663277],[106.7264146,10.8663876],[106.7264752,10.8664186],[106.7267175,10.8665418],[106.7267906,10.8665765],[106.7269746,10.8665927],[106.7273884,10.8666791],[106.7276205,10.8667275],[106.7280139,10.8668373],[106.7282864,10.8669134],[106.7285812,10.8669957],[106.7287841,10.8670523],[106.7288587,10.8670694],[106.7298612,10.8672988],[106.7299095,10.8673099],[106.7300953,10.8673335],[106.7304094,10.8673734],[106.7308526,10.8674296],[106.731003,10.8674487],[106.731687,10.8675417],[106.7318024,10.8675517],[106.7320705,10.8676456],[106.7322955,10.8677243],[106.7329547,10.8679461],[106.7336083,10.8681844],[106.7336853,10.8682125],[106.7342166,10.8684089],[106.7348303,10.8686477],[106.7351408,10.8684869],[106.7352291,10.8684412],[106.7356289,10.8682636],[106.7357311,10.8682183],[106.7358116,10.8681825],[106.7361943,10.8680376],[106.736214,10.8680302],[106.7364768,10.8679307],[106.7367525,10.8678228],[106.7370661,10.8677],[106.7373193,10.8676086],[106.7375063,10.867529],[106.7376953,10.8674241],[106.7378142,10.8673393],[106.7379129,10.86724],[106.7381134,10.8670022],[106.7383712,10.8666964],[106.7385813,10.8664793],[106.7386467,10.8664286],[106.7387414,10.8663403],[106.738835,10.8662869],[106.7389136,10.8662518],[106.7389981,10.8662141],[106.7390324,10.8661988],[106.7392333,10.8661645],[106.7394124,10.8661229],[106.7396064,10.866125],[106.7402027,10.8660869],[106.740332,10.8660787],[106.7403861,10.8660714],[106.740674,10.8660323],[106.7407389,10.8660235],[106.7408856,10.8660036],[106.7410889,10.8659778],[106.7411616,10.8659537],[106.7412853,10.8658957],[106.7414148,10.8658106],[106.741542,10.8656945],[106.7416331,10.8655102],[106.7417093,10.8653474],[106.7417337,10.8652968],[106.7417965,10.8651244],[106.7419258,10.864662],[106.7419747,10.8644685],[106.7420101,10.864324],[106.7420599,10.8641695],[106.7421988,10.863722],[106.7423313,10.8634559],[106.7423735,10.863398],[106.7425084,10.8632331],[106.7426357,10.8631155],[106.7428263,10.8629833],[106.7428922,10.8629315],[106.743489,10.8625757],[106.7437813,10.8623844],[106.7437487,10.8626402]]",134,67.494,20,40045;40046;40047;40048;40049;40050;40051;28048;9797;9798;9799;9800;9801;9802;9803;9804;9805;9806;9807;9808;9809;9810;9811;9812;9813;9814;9815;9816;9817;9818;9819;9820;9821;9822;9823;9824;9825;34136;34137;34138;34139;34140;34141;34142;34143;34144;51581;51582;51583;51584;51585;51586;51587;51588;51589;51590;64151;64153;64155;64157;64159;64161;64163;64165;64167;64169;64171;64173;64175;64177;64179;64181;64183;64185;64187;64143;64145;64147;2575;56060;56062;56064;56066;56068;56070;56072;56074;56076;56078;56080;56082;56084;56086;56088;56090;56092;56094;56096;56098;56100;56102;56104;56106;56108;56110;56112;56114;56116;56118;56120;56122;56124;56126;56128;56130;56132;56134;56136;56138;56140;56142;56144;56146;56148;56150;56152;56154;56156;56158;56160;56162;56164;56166;56168,UTRAFFIC-HCM-V6,DERIVED
LM_EDGE_0166,LM_060,LM_001,Kha Vạn Cân → Đường số 9,AGGREGATED_PATH,SOURCE_DIRECTED_PATH,1373.410,3.158231,1,0,NO_RECORD_IN_SELECTED_SOURCES,"[[106.7619545,10.8642934],[106.7614063,10.8645021],[106.7612747,10.864248],[106.7612607,10.8642209],[106.7612175,10.8641461],[106.7610409,10.8638433],[106.761007,10.8637727],[106.7609277,10.863612],[106.7608745,10.8634801],[106.7608732,10.863459],[106.7608583,10.8633273],[106.7608544,10.8632064],[106.7608619,10.8630327],[106.760887,10.8628648],[106.7609449,10.8625105],[106.7610142,10.8622765],[106.7610511,10.8621226],[106.76106,10.8620044],[106.7610549,10.861742],[106.7610056,10.8613822],[106.7609187,10.8609068],[106.7608653,10.8607843],[106.7608021,10.860666],[106.7607676,10.8606005],[106.7606506,10.8604128],[106.7606213,10.8603851],[106.7605687,10.8603155],[106.7604184,10.8601307],[106.7602095,10.8599426],[106.7600311,10.8597984],[106.7598341,10.8596607],[106.7597075,10.8595444],[106.7596016,10.8594222],[106.7595237,10.8593189],[106.759222,10.8589471],[106.7590408,10.8587029],[106.7589768,10.8586347],[106.7589351,10.8585717],[106.7588963,10.8585202],[106.7588271,10.8584684],[106.758731,10.8585954],[106.7585583,10.8587769],[106.7584728,10.8589007],[106.758351,10.8590864],[106.7582122,10.8594473],[106.7581431,10.8595863],[106.7580978,10.8596785],[106.7580635,10.8597298],[106.7579311,10.8598928],[106.7577419,10.8600128],[106.7575149,10.860135],[106.7574952,10.8601382],[106.7574238,10.8601545],[106.7572073,10.8601925],[106.7569383,10.8602228],[106.7567479,10.8602575],[106.7565231,10.8603368],[106.7553555,10.8588452]]",55,273.410,20,37680;37678;37676;37674;37672;37670;37668;37666;37664;37662;37660;37658;37656;37654;37652;37650;37648;37646;37644;37642;37640;37638;37636;37634;37632;37630;37628;37626;37624;37622;37620;37618;37616;37614;37612;37610;37608;37606;3219;3221;3223;3225;3227;3229;3231;3233;3235;3237;3239;3241;3243;3245;3247;3249;3251,UTRAFFIC-HCM-V6,DERIVED
LM_EDGE_0167,LM_060,LM_007,Kha Vạn Cân → Phạm Văn Đồng → Quốc lộ 1K → Đường số 5 → Đường số 11,AGGREGATED_PATH,SOURCE_DIRECTED_PATH,3560.504,6.654869,1,0,NO_RECORD_IN_SELECTED_SOURCES,"[[106.7619545,10.8642934],[106.7614063,10.8645021],[106.7614688,10.8646226],[106.7616156,10.864888],[106.7618321,10.8652658],[106.7619106,10.8654444],[106.7619575,10.8655633],[106.7620483,10.8658042],[106.7621006,10.8659852],[106.7621414,10.8661319],[106.7621763,10.8662294],[106.7622099,10.8663809],[106.7622112,10.8664043],[106.7623129,10.8667615],[106.7623486,10.8670258],[106.7623508,10.8670728],[106.7623268,10.8671266],[106.7625101,10.8674557],[106.7626368,10.86766],[106.7628066,10.8679338],[106.7629279,10.8681163],[106.763075,10.8683703],[106.7631012,10.8684191],[106.7632109,10.8686234],[106.7633289,10.868876],[106.7633814,10.8690242],[106.763421,10.8691588],[106.7634601,10.8693351],[106.7634721,10.8694363],[106.7634918,10.8696016],[106.7635067,10.869734],[106.7635068,10.8699144],[106.7634986,10.8701071],[106.7635051,10.8702869],[106.7635062,10.8703183],[106.763521,10.8705184],[106.7635409,10.8706174],[106.7635519,10.8706725],[106.7635851,10.8707799],[106.7636529,10.8709504],[106.7637364,10.8711201],[106.7638415,10.8712822],[106.7639169,10.8713888],[106.7639604,10.8714503],[106.7641979,10.8717808],[106.7642252,10.8718906],[106.7645247,10.8723171],[106.7646668,10.8725342],[106.764768,10.8727252],[106.7648031,10.872818],[106.7648541,10.8728996],[106.7649346,10.8730603],[106.7650338,10.8731759],[106.7651326,10.8734346],[106.7652438,10.873759],[106.7652987,10.8738963],[106.7656454,10.8747007],[106.7658265,10.8751024],[106.766068,10.8757339],[106.7663093,10.8763065],[106.7664254,10.8765819],[106.7664359,10.8766176],[106.7664962,10.8768217],[106.7665032,10.8768738],[106.7665422,10.8771623],[106.766575,10.8777228],[106.7665953,10.8778401],[106.7666378,10.8781598],[106.7667192,10.8784414],[106.7668183,10.8787055],[106.7668724,10.8788443],[106.7669373,10.8789586],[106.7670688,10.8791298],[106.7672147,10.8792963],[106.7673215,10.8794259],[106.7674664,10.8796018],[106.7675358,10.8796602],[106.7679721,10.8801583],[106.7681195,10.8803425],[106.7681629,10.8803967],[106.7682176,10.8804552],[106.7681393,10.880532],[106.7680931,10.8805785],[106.7680431,10.8806102],[106.7680082,10.8806352],[106.7679117,10.8806584],[106.7671286,10.8804642],[106.7671503,10.8806062],[106.7671925,10.8808827],[106.7672401,10.8811944],[106.7673177,10.8817025],[106.7673329,10.8817774],[106.7673521,10.8818716],[106.7673767,10.8819923],[106.7674002,10.8820908],[106.7674605,10.8823432],[106.7675353,10.8826567],[106.7675564,10.8827448],[106.7675905,10.8828879],[106.7676305,10.8830554],[106.7676395,10.8830932],[106.7677128,10.8834501],[106.7677626,10.8836926],[106.7678326,10.8842311],[106.7679132,10.8846739],[106.7679256,10.884742],[106.767963,10.8849475],[106.7680158,10.8852379],[106.7680579,10.8854691],[106.7681813,10.886038],[106.7682587,10.886349],[106.7682699,10.8865874],[106.7683101,10.8874393],[106.7683141,10.8874915],[106.768344,10.8878773],[106.7683689,10.8881979],[106.7737207,10.887672]]",114,651.504,20,37681;37683;37685;37687;37689;37691;37693;37695;37697;37699;37701;37703;37705;37707;37709;51386;51387;51388;51389;51390;51391;51392;51393;51394;51395;51396;51397;51398;51399;51400;51401;51402;51403;51404;51405;51406;51407;51408;51409;51410;51411;51412;51413;57232;50738;50736;50734;50732;50730;50728;69888;69885;69883;69884;51372;51373;51374;51375;51376;51377;51378;51379;51380;78355;78356;78357;78358;78359;78360;78361;78362;78363;78364;78365;78366;78367;78368;78369;78370;69953;46439;46437;46435;46433;64;11060;11062;11064;11066;11068;11070;11072;11074;11076;11078;11080;11082;11084;11086;11088;11090;11092;11094;11096;11098;11100;11102;11104;11106;11108;11110;11112;11114;11116,UTRAFFIC-HCM-V6,DERIVED
LM_EDGE_0168,LM_060,LM_023,Kha Vạn Cân → Linh Trung,AGGREGATED_PATH,SOURCE_DIRECTED_PATH,1762.178,4.182734,1,0,NO_RECORD_IN_SELECTED_SOURCES,"[[106.7619545,10.8642934],[106.7614063,10.8645021],[106.7612747,10.864248],[106.7612607,10.8642209],[106.7612175,10.8641461],[106.7610409,10.8638433],[106.761007,10.8637727],[106.7609277,10.863612],[106.7608745,10.8634801],[106.7608732,10.863459],[106.7622355,10.8630923],[106.7626362,10.8629836],[106.7631417,10.8628251],[106.7631685,10.8628038],[106.7634258,10.862736],[106.7638164,10.8626465],[106.7640435,10.8625944],[106.7643639,10.8625006],[106.7646786,10.8623783],[106.7649441,10.8621961],[106.7651975,10.8619567],[106.7656208,10.8616423],[106.7658891,10.8613995],[106.766153,10.8611407],[106.7664888,10.8608609],[106.7666799,10.8607519],[106.7669289,10.8606376],[106.7672166,10.8605556],[106.7674078,10.8604836],[106.7675734,10.8604007],[106.7677335,10.860417],[106.7682316,10.8607799],[106.7685818,10.8610203],[106.7687134,10.861109],[106.7688428,10.8611332],[106.7692921,10.8611242],[106.7698583,10.8610648],[106.76996,10.8610495],[106.7709078,10.8609069],[106.7712249,10.8608601],[106.7717506,10.8607826],[106.7722348,10.8607223],[106.7735974,10.8605158],[106.7731619,10.8599715]]",41,141.178,20,37680;37678;37676;37674;37672;37670;37668;37666;11883;11881;11879;11877;11875;11873;11871;11869;11867;11865;11863;11861;11859;11857;11855;11853;11851;11849;11847;11845;11843;11841;11839;11837;11835;11833;11831;11829;11827;11825;11823;81324;81322,UTRAFFIC-HCM-V6,DERIVED
LM_EDGE_0169,LM_061,LM_016,Nguyễn Văn Tăng,AGGREGATED_PATH,SOURCE_DIRECTED_PATH,802.473,1.788245,1,0,NO_RECORD_IN_SELECTED_SOURCES,"[[106.8237297,10.8427693],[106.8235645,10.8413114],[106.8235592,10.8413114],[106.8234841,10.8413193],[106.8231114,10.8413755],[106.8225687,10.8413935],[106.8224999,10.8413974],[106.8220077,10.8414254],[106.8218755,10.8414454],[106.8217536,10.8414674],[106.8215788,10.8415592],[106.8214609,10.8416331],[106.8213164,10.8417277],[106.8210922,10.8418825],[106.8209934,10.8419508],[106.8209221,10.842],[106.8206078,10.8422239],[106.8201348,10.8425481],[106.8201013,10.842571],[106.8195506,10.8429485],[106.8187339,10.841778]]",18,320.894,20,10397;10399;10401;10403;10405;10407;10409;10411;10413;10415;10417;10419;10421;10423;10425;10427;10429;10431,UTRAFFIC-HCM-V6,DERIVED
LM_EDGE_0170,LM_061,LM_063,Nguyễn Văn Tăng → Nguyễn Xiển → Phước Thiện,AGGREGATED_PATH,SOURCE_DIRECTED_PATH,3123.878,6.547530,1,0,NO_RECORD_IN_SELECTED_SOURCES,"[[106.8237297,10.8427693],[106.8235645,10.8413114],[106.8237975,10.8412768],[106.8244021,10.8412139],[106.8245964,10.8411996],[106.8250424,10.8411669],[106.825506,10.841118],[106.8257357,10.8410871],[106.8257718,10.8410822],[106.8258617,10.8410701],[106.8260203,10.8410461],[106.8261463,10.8410341],[106.8262784,10.8410401],[106.8264248,10.8410601],[106.826561,10.841098],[106.8267193,10.8411497],[106.8267977,10.8411903],[106.8268484,10.8412166],[106.8275207,10.8418238],[106.8278721,10.8421411],[106.8281916,10.8424012],[106.8286983,10.8428497],[106.8289599,10.8431453],[106.8291351,10.8434002],[106.8293197,10.8437618],[106.8295801,10.8443741],[106.8298934,10.8450308],[106.8300999,10.8455287],[106.8301351,10.8455754],[106.8301642,10.8456637],[106.8303264,10.845939],[106.830517,10.8463124],[106.8306617,10.8465958],[106.8309422,10.8472193],[106.8310628,10.8474872],[106.8310851,10.8475376],[106.8311442,10.8476559],[106.8312103,10.8478291],[106.8313675,10.848069],[106.8320848,10.847995],[106.8322855,10.8479821],[106.8326139,10.8479609],[106.8327726,10.8479437],[106.8330605,10.8479124],[106.8332824,10.847894],[106.8335614,10.8478775],[106.8337637,10.8478291],[106.8337565,10.8478311],[106.8343946,10.8477985],[106.8352506,10.8477903],[106.8353596,10.847787],[106.8355903,10.8477817],[106.8356803,10.8477717],[106.8366558,10.8477454],[106.8381502,10.8477007],[106.838691,10.8476995],[106.8387066,10.8477002],[106.838829,10.8476976],[106.8391121,10.8476916],[106.8397754,10.8476776],[106.8403687,10.8476566],[106.840585,10.8477055],[106.8409798,10.8476818],[106.8419981,10.8477975],[106.8423853,10.847838],[106.8428377,10.8433729]]",63,662.061,20,10396;10394;10392;10390;10388;10386;10384;10382;10380;10378;10376;10374;10372;10370;10368;10366;10364;10362;10360;10358;17660;17658;17656;17654;17652;17650;17648;17646;17644;17642;17640;17638;17636;17634;17632;17630;17628;78401;78403;78405;78407;78409;78411;78413;78431;78432;78433;78434;78435;78430;78415;78416;78417;78418;78419;78420;78421;78422;78423;78424;2254;2256;2258,UTRAFFIC-HCM-V6,DERIVED
LM_EDGE_0171,LM_062,LM_057,Nguyễn Duy Trinh → Cầu Ông Nhiêu → Cầu Huyện Thanh → Đường Nguyễn Duy Trinh → Vòng xoay Nguyễn Duy Trinh → Cầu Xây dựng,AGGREGATED_PATH,SOURCE_DIRECTED_PATH,5887.771,11.538942,1,0,NO_RECORD_IN_SELECTED_SOURCES,"[[106.8165106,10.8056944],[106.816825,10.8052936],[106.8163129,10.80495],[106.8161946,10.804868],[106.8159586,10.8047045],[106.8154613,10.8043599],[106.8152637,10.804223],[106.8148961,10.8039683],[106.8143898,10.8036174],[106.8142761,10.8035387],[106.8141574,10.8034578],[106.8128381,10.8025442],[106.8125729,10.8023731],[106.8118078,10.8017274],[106.8110389,10.8010862],[106.8104128,10.8005643],[106.810375,10.8005328],[106.8099191,10.8001526],[106.8098828,10.8001224],[106.8098251,10.8000745],[106.8097714,10.8000299],[106.8094524,10.7997651],[106.8093516,10.7996821],[106.8089431,10.7993455],[106.8086921,10.7991035],[106.808627,10.7989925],[106.8085603,10.7988126],[106.8084282,10.7984209],[106.807956,10.7970822],[106.8078643,10.7968436],[106.8077191,10.7961893],[106.8076537,10.7958945],[106.8074973,10.7951898],[106.8072174,10.7939284],[106.8070153,10.7929692],[106.8069987,10.7928991],[106.8069853,10.7928469],[106.8069138,10.7927378],[106.8067854,10.792689],[106.8066601,10.7926456],[106.8059283,10.7924982],[106.8055321,10.7924183],[106.8053271,10.7923752],[106.8045597,10.7922138],[106.8027723,10.7918379],[106.8027087,10.7918212],[106.8022795,10.7917083],[106.8021619,10.7916822],[106.801896,10.7916232],[106.801599,10.7915573],[106.8008566,10.7914707],[106.7994831,10.7914104],[106.7991358,10.7913901],[106.7987969,10.7913714],[106.7984487,10.79135],[106.7980779,10.7913283],[106.7978676,10.791316],[106.7968777,10.7912087],[106.7959064,10.7912041],[106.7948762,10.791144],[106.7940606,10.7910811],[106.7936716,10.7910471],[106.7934097,10.7910637],[106.7933736,10.791066],[106.7929139,10.791066],[106.7927457,10.7911079],[106.7927071,10.7911583],[106.7926564,10.7911969],[106.7925971,10.791221],[106.7925334,10.7912289],[106.7924699,10.7912201],[106.7924109,10.7911951],[106.7923608,10.7911557],[106.792323,10.7911048],[106.7921432,10.7910264],[106.7919728,10.7909874],[106.7916971,10.7909665],[106.7913361,10.7909179],[106.7900589,10.7908754],[106.7898855,10.790865],[106.7891927,10.7908236],[106.7890457,10.7908148],[106.788324,10.7907718],[106.7878677,10.7907536],[106.7871908,10.7907237],[106.7865538,10.7906992],[106.7857118,10.790656],[106.7855845,10.7906551],[106.7854932,10.7906488],[106.7851097,10.7906221],[106.7847741,10.7906023],[106.7844246,10.7905818],[106.7816085,10.7904319],[106.7814204,10.7904279],[106.781314,10.7904194],[106.7811161,10.7904036],[106.7809242,10.7903357],[106.780752,10.7902336],[106.7806887,10.7902009],[106.7802877,10.7899942],[106.7799475,10.7898187],[106.7795103,10.7895932],[106.779295,10.7894822],[106.7786133,10.7891307],[106.7778996,10.7887766],[106.7776291,10.7886424],[106.7773226,10.7884903],[106.7769693,10.7883194],[106.7767498,10.7882132],[106.7765053,10.788095],[106.776144,10.7880497],[106.7760245,10.7880612],[106.7758248,10.7880882],[106.7754168,10.7881199],[106.7751236,10.7881469],[106.7745605,10.7881987],[106.7741968,10.7882321],[106.7740146,10.7882503],[106.7725982,10.7883352],[106.7717415,10.7884579],[106.7720345,10.7891613]]",118,140.771,20,17932;17930;17928;17926;17924;17922;17920;17918;17916;17914;17912;17910;17908;17906;17904;17902;17900;17898;17896;17894;17892;17890;17888;17886;17884;17882;18012;43429;43427;43425;43423;43421;43419;43417;43415;43413;43411;43409;43407;43405;84298;84296;84294;84292;84290;84288;84286;84284;84282;84280;84278;84276;84274;84272;84270;84268;84266;84264;84262;84260;84302;84303;84304;84305;42477;42478;42479;42480;42481;42482;42483;42484;84251;84252;84253;84254;18028;18026;18024;18022;18020;18018;18016;18014;65176;65174;65172;65170;65168;65166;65164;12444;12442;12440;12438;12436;12434;12432;12430;12428;12426;12424;12422;12420;12418;12416;12414;12412;12410;12408;12406;12404;12402;12400;12398;12396;12394;12392,UTRAFFIC-HCM-V6,DERIVED
LM_EDGE_0172,LM_062,LM_061,Nguyễn Duy Trinh → Cầu Võ Khế → Nguyễn Xiển → Cầu Trao Trảo → Cầu Gò Công → Cầu Rạch Gầm,AGGREGATED_PATH,SOURCE_DIRECTED_PATH,6361.374,12.763551,1,0,NO_RECORD_IN_SELECTED_SOURCES,"[[106.8165106,10.8056944],[106.816825,10.8052936],[106.81721,10.8055316],[106.8173501,10.8056052],[106.8175333,10.805627],[106.8180997,10.8057087],[106.8195196,10.8059136],[106.8196265,10.8059271],[106.819764,10.8059445],[106.8202735,10.806009],[106.8210915,10.8061261],[106.821272,10.8061485],[106.8218568,10.806239],[106.8218981,10.8062452],[106.822392,10.8063196],[106.8227731,10.8064013],[106.8229189,10.8064366],[106.823102,10.8064809],[106.823874,10.8066569],[106.8242013,10.8067335],[106.8254991,10.8070521],[106.825625,10.8070925],[106.8257499,10.8071912],[106.8260878,10.8073938],[106.8268957,10.8079142],[106.8275121,10.8083113],[106.8276358,10.808391],[106.8280854,10.8086279],[106.8288654,10.8090389],[106.8290311,10.8091281],[106.8299343,10.8096142],[106.8304207,10.809876],[106.8313521,10.8103773],[106.832185,10.8108056],[106.8325104,10.8109851],[106.8327018,10.8110907],[106.832778,10.8111457],[106.8328494,10.8112246],[106.8329122,10.8113279],[106.8333468,10.8124075],[106.8338046,10.8134065],[106.8339795,10.8138646],[106.8340581,10.8140704],[106.8341198,10.8143552],[106.8340059,10.8146888],[106.8335969,10.8157208],[106.8329373,10.8174095],[106.8328748,10.817563],[106.83283,10.817673],[106.8326637,10.8180998],[106.832597,10.8182515],[106.8324759,10.8185266],[106.832181,10.8192611],[106.8315564,10.8208886],[106.8314628,10.8211175],[106.8313976,10.8212769],[106.8312871,10.821532],[106.831017,10.8221358],[106.8309722,10.8223081],[106.8309081,10.8224258],[106.8307435,10.8228024],[106.8306148,10.8232199],[106.8302478,10.82406],[106.8301909,10.8242399],[106.8301742,10.8242872],[106.830062,10.8246044],[106.8299751,10.8247998],[106.829769,10.8252739],[106.8296691,10.8255108],[106.8295178,10.8258662],[106.8293711,10.8262338],[106.8293354,10.826388],[106.8293486,10.8265305],[106.8294094,10.8267616],[106.8294996,10.8271415],[106.8297516,10.8279911],[106.8298794,10.8284658],[106.8298922,10.8285135],[106.8299215,10.8296851],[106.8299178,10.8304756],[106.829942,10.8310963],[106.8299518,10.8317298],[106.8299673,10.8325804],[106.829965,10.8328235],[106.8299646,10.8331942],[106.8299727,10.8333786],[106.8299917,10.8337171],[106.8300532,10.8343794],[106.830035,10.8350431],[106.8299693,10.8366988],[106.8299454,10.8368565],[106.8299186,10.8371806],[106.8298891,10.8377101],[106.8298489,10.8382607],[106.8298221,10.8385979],[106.829806,10.8388113],[106.8297872,10.8390457],[106.8297497,10.8391959],[106.8296853,10.839354],[106.8295566,10.839865],[106.82946,10.8402075],[106.8293849,10.8404788],[106.8291435,10.8413139],[106.8289745,10.8419013],[106.8288538,10.842336],[106.8286983,10.8428497],[106.8281916,10.8424012],[106.8278721,10.8421411],[106.8275207,10.8418238],[106.8268484,10.8412166],[106.8267977,10.8411903],[106.8267193,10.8411497],[106.826561,10.841098],[106.8264248,10.8410601],[106.8262784,10.8410401],[106.8261463,10.8410341],[106.8260203,10.8410461],[106.8258617,10.8410701],[106.8257718,10.8410822],[106.8257357,10.8410871],[106.825506,10.841118],[106.8250424,10.8411669],[106.8245964,10.8411996],[106.8244021,10.8412139],[106.8237975,10.8412768],[106.8235645,10.8413114],[106.8237297,10.8427693]]",124,219.374,20,17933;17935;17937;17939;17941;17943;17945;17947;17949;17951;17953;17955;17957;17959;17961;17963;17965;17967;17969;17971;17973;17975;17977;17979;17981;17983;17985;17987;17989;17991;17993;17995;17997;17999;18001;17875;17877;17879;12452;12450;12448;12446;17824;17822;17820;17818;17816;17814;17812;17810;17808;17806;17804;17802;17800;17798;17796;17794;17792;17790;17788;17786;17784;17782;17780;17778;17776;17774;17772;17770;17768;17766;17764;17762;17850;17848;17846;17844;17842;17840;17838;17836;17834;17832;17830;17828;17825;17874;17872;17870;17868;17866;17864;17862;17860;17858;17856;17854;17852;46627;46625;46623;46621;46619;10357;10359;10361;10363;10365;10367;10369;10371;10373;10375;10377;10379;10381;10383;10385;10387;10389;10391;10393;10395,UTRAFFIC-HCM-V6,DERIVED
LM_EDGE_0173,LM_063,LM_029,Phước Thiện,AGGREGATED_PATH,SOURCE_DIRECTED_PATH,1886.179,4.579537,1,0,NO_RECORD_IN_SELECTED_SOURCES,"[[106.8428377,10.8433729],[106.8423853,10.847838],[106.8426024,10.8478637],[106.8428271,10.8478888],[106.8441766,10.8480954],[106.8452559,10.8482557],[106.8453742,10.8482477],[106.8457947,10.8476994],[106.8461233,10.8472776],[106.8462307,10.8471398],[106.8468998,10.8462811],[106.8477108,10.845155],[106.847823,10.8450092],[106.8478787,10.8448833],[106.847946,10.844731],[106.8480442,10.844177],[106.8484156,10.8423195],[106.845603,10.8420891]]",15,807.179,20,2260;2262;2264;2266;2268;2270;2272;2274;2276;2278;2280;2282;2284;2286;2288,UTRAFFIC-HCM-V6,DERIVED
LM_EDGE_0174,LM_063,LM_061,Phước Thiện → Nguyễn Xiển → Nguyễn Văn Tăng,AGGREGATED_PATH,SOURCE_DIRECTED_PATH,3126.061,6.551896,1,0,NO_RECORD_IN_SELECTED_SOURCES,"[[106.8428377,10.8433729],[106.8423853,10.847838],[106.8419981,10.8477975],[106.8409798,10.8476818],[106.840585,10.8477055],[106.8404767,10.8477683],[106.8387089,10.8477785],[106.8381504,10.847783],[106.8366566,10.8478345],[106.8356815,10.8478564],[106.8355876,10.8478713],[106.8353516,10.8478765],[106.8352708,10.8478775],[106.8337813,10.8479434],[106.8337608,10.8479323],[106.8335614,10.8478775],[106.8332824,10.847894],[106.8330605,10.8479124],[106.8327726,10.8479437],[106.8326139,10.8479609],[106.8322855,10.8479821],[106.8320848,10.847995],[106.8313675,10.848069],[106.8312103,10.8478291],[106.8311442,10.8476559],[106.8310851,10.8475376],[106.8310628,10.8474872],[106.8309422,10.8472193],[106.8306617,10.8465958],[106.830517,10.8463124],[106.8303264,10.845939],[106.8301642,10.8456637],[106.8301351,10.8455754],[106.8300999,10.8455287],[106.8298934,10.8450308],[106.8295801,10.8443741],[106.8293197,10.8437618],[106.8291351,10.8434002],[106.8289599,10.8431453],[106.8286983,10.8428497],[106.8281916,10.8424012],[106.8278721,10.8421411],[106.8275207,10.8418238],[106.8268484,10.8412166],[106.8267977,10.8411903],[106.8267193,10.8411497],[106.826561,10.841098],[106.8264248,10.8410601],[106.8262784,10.8410401],[106.8261463,10.8410341],[106.8260203,10.8410461],[106.8258617,10.8410701],[106.8257718,10.8410822],[106.8257357,10.8410871],[106.825506,10.841118],[106.8250424,10.8411669],[106.8245964,10.8411996],[106.8244021,10.8412139],[106.8237975,10.8412768],[106.8235645,10.8413114],[106.8237297,10.8427693]]",58,662.061,20,2259;2257;2255;25766;25767;25768;25769;25770;25771;78425;78426;78427;78428;78429;78414;78412;78410;78408;78406;78404;78402;17627;17629;17631;17633;17635;17637;17639;17641;17643;17645;17647;17649;17651;17653;17655;17657;17659;10357;10359;10361;10363;10365;10367;10369;10371;10373;10375;10377;10379;10381;10383;10385;10387;10389;10391;10393;10395,UTRAFFIC-HCM-V6,DERIVED
LM_EDGE_0175,LM_064,LM_030,Xa Lộ Hà Nội → Thảo Điền,AGGREGATED_PATH,SOURCE_DIRECTED_PATH,1341.581,2.526344,1,0,NO_RECORD_IN_SELECTED_SOURCES,"[[106.740878,10.8023666],[106.7410918,10.8016817],[106.7400689,10.8014895],[106.7381342,10.8011238],[106.7381765,10.8013948],[106.7381925,10.8015062],[106.7382548,10.801903],[106.7382602,10.8020982],[106.7382382,10.8022383],[106.7382123,10.8023219],[106.738132,10.8024879],[106.7380405,10.8026564],[106.737904,10.8028992],[106.7377904,10.8030868],[106.737624,10.8034183],[106.7375735,10.8035236],[106.7374844,10.8036504],[106.7374013,10.8038164],[106.7373132,10.803945],[106.7370966,10.8041878],[106.7369333,10.8044192],[106.7368877,10.8044947],[106.7362389,10.805215],[106.7358664,10.8055809],[106.7357638,10.8057115],[106.7356458,10.8058326],[106.7354482,10.8060213],[106.7350491,10.8064024],[106.7347935,10.8066465],[106.7345193,10.8069246],[106.7343683,10.807075],[106.7337629,10.807838],[106.733795,10.807607]]",30,105.581,20,30055;30056;43133;43131;43129;43127;43125;43123;43121;43119;43117;43115;43113;43111;43109;43107;43105;43103;43101;43099;43097;43095;43093;43091;43089;43087;43085;43083;43081;43079,UTRAFFIC-HCM-V6,DERIVED
LM_EDGE_0176,LM_064,LM_046,Xa Lộ Hà Nội,AGGREGATED_PATH,SOURCE_DIRECTED_PATH,925.977,1.298332,1,0,NO_RECORD_IN_SELECTED_SOURCES,"[[106.740878,10.8023666],[106.7410918,10.8016817],[106.7400689,10.8014895],[106.7381342,10.8011238],[106.7364156,10.8007995],[106.7363577,10.8007886],[106.7360829,10.8007379],[106.734223,10.8003988],[106.7336756,10.8002697],[106.7336512,10.8004871]]",7,103.977,20,30055;30056;30057;30058;30059;30060;30061,UTRAFFIC-HCM-V6,DERIVED
LM_EDGE_0177,LM_065,LM_036,Võ Văn Ngân,AGGREGATED_PATH,SOURCE_DIRECTED_PATH,707.399,1.543517,1,0,NO_RECORD_IN_SELECTED_SOURCES,"[[106.7651648,10.8499711],[106.765291,10.8506516],[106.7650663,10.8506618],[106.7648603,10.8506809],[106.7646074,10.8506948],[106.7645707,10.8506968],[106.7644072,10.8507057],[106.764082,10.8507531],[106.7633565,10.8508203],[106.7631701,10.8508376],[106.7628546,10.8508668],[106.7627924,10.8508571],[106.7627181,10.8508455],[106.7622275,10.8505728],[106.7621571,10.8505337],[106.7619488,10.8504679],[106.7619426,10.8504684],[106.7617558,10.8504725],[106.7614694,10.8505048],[106.7614064,10.8505096],[106.7606534,10.8505318],[106.7605813,10.8505352],[106.7599916,10.8505632],[106.7602131,10.8509752]]",21,128.719,20,52141;52139;52137;52135;52133;52131;52129;52127;52125;52123;52121;52119;52117;52115;52113;52111;52109;52107;52105;52103;52101,UTRAFFIC-HCM-V6,DERIVED
LM_EDGE_0178,LM_065,LM_047,Võ Văn Ngân → Nguyễn Văn Bá,AGGREGATED_PATH,SOURCE_DIRECTED_PATH,1406.830,2.929491,1,0,NO_RECORD_IN_SELECTED_SOURCES,"[[106.7651648,10.8499711],[106.765291,10.8506516],[106.7654908,10.8506056],[106.7655226,10.8506045],[106.7659967,10.8505874],[106.766105,10.8505793],[106.7662545,10.8505681],[106.7668324,10.8505032],[106.7669872,10.8504858],[106.7670483,10.8504691],[106.7671141,10.8504383],[106.7672009,10.8504031],[106.7673061,10.8503372],[106.7673348,10.8503303],[106.7674401,10.8502335],[106.7675267,10.8500886],[106.7676702,10.8499388],[106.7677515,10.849871],[106.7679112,10.8498162],[106.7680585,10.8497858],[106.7682294,10.8497623],[106.7685414,10.8497547],[106.7690261,10.8497476],[106.7691774,10.8497454],[106.7695723,10.849745],[106.7700202,10.8497442],[106.7710929,10.8497041],[106.7715058,10.8496997],[106.7715338,10.8496965],[106.7715732,10.8496933],[106.7717814,10.8496844],[106.7719978,10.8496661],[106.7721386,10.8496174],[106.7721976,10.8495884],[106.7729567,10.8495529],[106.7731014,10.8494741],[106.7731731,10.8494398],[106.7732164,10.8494348],[106.7731994,10.8493702],[106.7731733,10.8492918],[106.7729343,10.8488911],[106.7724049,10.848047],[106.7718977,10.847152],[106.7713523,10.8462169],[106.7716521,10.8464061]]",42,115.830,20,52142;52144;52146;52148;52150;52152;52154;52156;52158;52160;52162;58274;58276;58278;58280;58282;58284;58286;58288;58290;58490;58492;58494;58496;58498;58500;58502;58504;52086;52088;29898;29899;29900;29751;29752;29753;57953;57951;57949;57947;57945;57943,UTRAFFIC-HCM-V6,DERIVED
